ID_Marca;Nombre_Marca;Largo_Nombre;Num_Palabras;Categoria_Nombre;;
12858;#1 Alpine Customs;17;3;Largo;;
4877;1/Off Kustoms, Llc;18;3;Largo;;
11257;102 Ironworks, Inc.;19;3;Largo;;
12255;12832429 Canada Inc.;20;3;Largo;;
13053;137 Industries Inc.;19;3;Largo;;
6387;17 Creek Enterprises;20;3;Largo;;
12948;1955 Custom Belair;18;3;Largo;;
9172;1M Custom Car Transports, Inc.;30;5;Largo;;
6124;1St Choice Manufacturing Inc;28;4;Largo;;
12972;2 Golden Eagles;15;3;Largo;;
6488;2-G Trailer Co Llc;18;4;Largo;;
11399;24/7 Onsite Cameras Inc;23;4;Largo;;
608;280 Trailers;12;2;Largo;;
10123;3 Custom Solutions;18;3;Largo;;
11253;3 Star Mfg Ltd;14;4;Largo;;
8792;3&1 Enterprises, Llc Dba Impact Trailers;40;6;Largo;;
13576;321Trailers;11;1;Largo;;
7388;33 East Maintenance Inc;23;4;Largo;;
10005;357 Golf Carts;14;3;Largo;;
11527;36 Feet Llc;11;3;Largo;;
12488;360 Custom Trailers;19;3;Largo;;
9857;3C Cattle Feeders Inc.;22;4;Largo;;
675;3D Custom Aluminum;18;3;Largo;;
4800;3M Dynamic Message Systems;26;4;Largo;;
12538;3Pluscoco;9;1;Medio;;
674;3T Mfg.;7;2;Medio;;
11657;4 Boss;6;2;Medio;;
8195;4 Star Fabrication;18;3;Largo;;
10980;4 W;3;2;Corto;;
12443;4 Wide;6;2;Medio;;
8175;4 X 4 Trailers Ltd;18;5;Largo;;
5676;4-Star Trailers Inc.;20;3;Largo;;
12874;41 Series;9;2;Medio;;
10908;4L Trailers;11;2;Largo;;
7349;4M Farm & Trailer Sales;23;5;Largo;;
7374;5 Starr Trailer Company, Inc;28;5;Largo;;
4702;505 Fabrication;15;2;Largo;;
6521;5280 Trailerworks;17;2;Largo;;
9707;55 Grills;9;2;Medio;;
673;58Th Street Customs;19;3;Largo;;
13240;5G Modular;10;2;Largo;;
10122;5Js Welding;11;2;Largo;;
10301;5M Trailers;11;2;Largo;;
8101;5R Ranch Trailers;17;3;Largo;;
8851;6 & 34 Trailers & Mfg, Inc.;27;7;Largo;;
12191;6186433 Mb Ltd / Ironmen Industries;35;6;Largo;;
13352;62Dnc Trailer;13;2;Largo;;
12345;643 Enterprise;14;2;Largo;;
12888;7 Energy;8;2;Medio;;
10636;7 Seas Trailers;15;3;Largo;;
10653;7 Sons Construction;19;3;Largo;;
11425;702 Trailer'S & Welding Llc;27;5;Largo;;
13645;79Bike;6;1;Medio;;
10955;7X Offroad;10;2;Largo;;
4991;801 Trailer Manufacturing;25;3;Largo;;
11968;818;3;1;Corto;;
10007;9149-0847 Quebec Inc.;21;3;Largo;;
632;A & A Manufacturing;19;4;Largo;;
7770;A & B Industries;16;4;Largo;;
8220;A & D Company;13;4;Largo;;
3832;A & E Fabricators;17;4;Largo;;
609;A & E Trailers;14;4;Largo;;
6665;A & F Trailer Mfg Inc;21;6;Largo;;
5983;A & H;5;3;Medio;;
9910;A & K Trailers;14;4;Largo;;
11466;A & L Smokers;13;4;Largo;;
11245;A & L Trailers;14;4;Largo;;
645;A & M Fabrications;18;4;Largo;;
13972;A & O;5;3;Medio;;
9158;A & R Custom Trailers;21;5;Largo;;
13778;A & V Trailers;14;4;Largo;;
6666;A & W Trailor Manufacture;25;5;Largo;;
5695;A Bar K Trailers;16;4;Largo;;
5266;A Smith Gt Bentley;18;4;Largo;;
9296;A Team Trailers, Ltd.;21;4;Largo;;
631;A To Z Auto;11;4;Largo;;
10338;A To Z Metal Works Co.;22;6;Largo;;
4614;A Trinity Trailer;17;3;Largo;;
10216;A&A Steel Enterprises Ltd.;26;4;Largo;;
10785;A&D;3;1;Corto;;
13052;A&M Trailer Llc;15;3;Largo;;
11770;A&P Welding;11;2;Largo;;
11655;A&R Economy Cargo Trailers;26;4;Largo;;
610;A-1 Custom Trailer Aka Tow Master;33;6;Largo;;
5803;A-1 Hitch & Trailer Sales, Inc.;31;6;Largo;;
7751;A-1 Truck Repair;16;3;Largo;;
611;A-Bar-D Mfg.;12;2;Largo;;
9632;A-N-S Manufacturing, Inc.;25;3;Largo;;
3833;A. B. Chance Company;20;4;Largo;;
9135;A. Bergman;10;2;Largo;;
3834;A.A. Trailer;12;2;Largo;;
11956;A.G.A El Amiguito;17;3;Largo;;
628;A.N. Bowling;12;2;Largo;;
7414;A.P.C. Motor Company;20;3;Largo;;
7018;A.P.E, Inc;10;2;Largo;;
626;A.Q. Manufacturing;18;2;Largo;;
12745;A.R. Services;13;2;Largo;;
614;A.R.M.;6;1;Medio;;
9635;A.S.C.;6;1;Medio;;
8793;A.T.M.;6;1;Medio;;
12727;A.V. Trailers L.L.C.;20;3;Largo;;
624;A1 Cycles;9;2;Medio;;
11314;A1 Food Truck Depot Llc;23;5;Largo;;
11534;A2M2 Trailers;13;2;Largo;;
11301;A2Z;3;1;Corto;;
4708;Aa Muffler And Welding;22;4;Largo;;
3836;Aa Screen Supply;16;3;Largo;;
5696;Aa Welding;10;2;Largo;;
9785;Aaa Marine;10;2;Largo;;
13624;Aaa Tiny Home;13;3;Largo;;
9877;Aaa Trailer Sales Llc;21;4;Largo;;
13573;Aaci;4;1;Corto;;
8834;Aad Welding, Inc.;17;3;Largo;;
7490;Aapex Trailers Inc;18;3;Largo;;
7514;Aar Welding;11;2;Largo;;
6867;Aaron Worldwide Machine Co., Inc.;33;5;Largo;;
1288;Aas;3;1;Corto;;
621;Abastecedora De Tractopartes Y Refacciones;42;5;Largo;;
11919;Abba Trailers Llc;17;3;Largo;;
3837;Abc Enterprises;15;2;Largo;;
3838;Abc Manufacturing;17;2;Largo;;
11514;Abcmfg, Inc;11;2;Largo;;
10916;Abd Equipment & Parts Llc;25;5;Largo;;
13660;Aberdeen Power Group;20;3;Largo;;
8037;Abi;3;1;Corto;;
13235;Abi Attachments, Inc;20;3;Largo;;
5984;Abi Caravans Ltd;16;3;Largo;;
622;Ability Metals;14;2;Largo;;
4672;Able Industries;15;2;Largo;;
13508;Abp Trailers;12;2;Largo;;
11538;Abs;3;1;Corto;;
623;Absolute Concepts;17;2;Largo;;
767;Absolute Performance;20;2;Largo;;
768;Absolute Trailer Sales;22;3;Largo;;
769;Absolutely Wild Ranch;21;3;Largo;;
13540;Abt;3;1;Corto;;
9395;Abtec Of Wisconsin, Inc.;24;4;Largo;;
6141;Abu;3;1;Corto;;
770;Ac Customs;10;2;Largo;;
771;Ac Propulsion;13;2;Largo;;
13934;Ac Scott Trailers;17;3;Largo;;
772;Academi Training Center;23;3;Largo;;
773;Acc Trailrite;13;2;Largo;;
9229;Accel Trailers Inc.;19;3;Largo;;
13517;Accelerate;10;1;Largo;;
9559;Accelerated Media Technologies;30;3;Largo;;
9490;Accelerated Speed Dynamics, Inc;31;4;Largo;;
1113;Accelerated Tanks And Trailers;30;4;Largo;;
6484;Accu-Tek Trailer Manufacturing, Inc.;36;4;Largo;;
8608;Accu-Weld Truck Body & Trailer Inc;34;6;Largo;;
6653;Accurate Cycle Engineering;26;3;Largo;;
774;Accustomx;9;1;Medio;;
1518;Ace;3;1;Corto;;
5700;Ace Custom Trailers;19;3;Largo;;
11813;Ace Metalworks;14;2;Largo;;
10091;Ace Mfg;7;2;Medio;;
7360;Ace Motorcycle;14;2;Largo;;
775;Ace Of Spades;13;3;Largo;;
4758;Ace Trailers;12;2;Largo;;
9511;Ace Truck Body Co.;18;4;Largo;;
11211;Acela, Inc;10;2;Largo;;
14049;Acemotor;8;1;Medio;;
6548;Aces Chopperworks;17;2;Largo;;
457;Acg;3;1;Corto;;
13361;Acha Trailers;13;2;Largo;;
9560;Aci;3;1;Corto;;
10332;Acker-Built;11;1;Largo;;
8307;Acme;4;1;Corto;;
6519;Acme Cryogenics, Inc.;21;3;Largo;;
776;Acme Group;10;2;Largo;;
777;Acme Industries;15;2;Largo;;
778;Acme Trailer Works;18;3;Largo;;
12692;Acp Trailers;12;2;Largo;;
6181;Acro Trailer Company;20;3;Largo;;
13616;Acs;3;1;Corto;;
779;Action Enterprises & Fabrication;32;4;Largo;;
780;Action Equipment;16;2;Largo;;
8729;Action Industrial Studio;24;3;Largo;;
781;Action Signs And Billboards;27;4;Largo;;
4799;Action Trailers;15;2;Largo;;
6602;Action Welding & Fabrication, Inc.;34;5;Largo;;
11323;Activedogs;10;1;Largo;;
12238;Activev Llc;11;2;Largo;;
782;Activity Trailer;16;2;Largo;;
783;Activmo Auto;12;2;Largo;;
475;Acura;5;1;Medio;;
5756;Acv Inc;7;2;Medio;;
13436;Adagio Collections Llc;22;3;Largo;;
5670;Adam Trailers;13;2;Largo;;
8157;Adams Equipment;15;2;Largo;;
784;Adams Mfg;9;2;Medio;;
13190;Adaptive Humanity Llc;21;3;Largo;;
12127;Addax Overland Llc;18;3;Largo;;
785;Addco;5;1;Medio;;
6479;Adirondack Kabins, Llc;22;3;Largo;;
5680;Adirondack Kottages;19;2;Largo;;
4517;Adirondack White Pine Cabins;28;4;Largo;;
2464;Adly;4;1;Corto;;
11141;Adm Manufacturing;17;2;Largo;;
3840;Admiral Drive Systems;21;3;Largo;;
786;Admiral Trailers;16;2;Largo;;
5806;Admiration Homes;16;2;Largo;;
11045;Admw;4;1;Corto;;
13694;Adoc;4;1;Corto;;
4792;Adrenaline;10;1;Largo;;
787;Adrian Homes;12;2;Largo;;
11768;Ads Manufacturing;17;2;Largo;;
12653;Adu 100;7;2;Medio;;
12654;Adu 200;7;2;Medio;;
14111;Advance;7;1;Medio;;
792;Advance Engineered Products;27;3;Largo;;
795;Advance Lifts;13;2;Largo;;
6294;Advance Mechanical Service;26;3;Largo;;
4667;Advance Metal Fabrication And Machine;37;5;Largo;;
796;Advance Pump & Equipment;24;4;Largo;;
11367;Advanced Boat;13;2;Largo;;
6407;Advanced Boat Trailers, Inc.;28;4;Largo;;
7077;Advanced Containment Systems, Inc;33;4;Largo;;
797;Advanced Customs & Conversions;30;4;Largo;;
8235;Advanced Directional Drilling Services;38;4;Largo;;
10155;Advanced Ev;11;2;Largo;;
8589;Advanced Fabrication;20;2;Largo;;
6982;Advanced Fabricators Inc;24;3;Largo;;
11032;Advanced Field Services, Llc;28;4;Largo;;
7776;Advanced Manufacturing & Power Systems, Inc.;44;6;Largo;;
12000;Advanced Metal Products, Inc;28;4;Largo;;
8242;Advanced Metalcraft & Co;24;4;Largo;;
8214;Advanced Portable Buildings & Trailers;38;5;Largo;;
8912;Advanced Striping Equipment;27;3;Largo;;
8551;Advanced Trailer Concepts, Inc.;31;4;Largo;;
13285;Advanced Trailer Manufacturing;30;3;Largo;;
8789;Advanced Trailer Service, Inc.;30;4;Largo;;
4593;Advanced Trailer Solutions;26;3;Largo;;
8083;Advanced Trailer Systems;24;3;Largo;;
9132;Advanced Transport Technologies Inc.;36;4;Largo;;
3889;Advanced Welding And Manufacturing;34;4;Largo;;
806;Advantage Customs;17;2;Largo;;
4604;Advantage Terrafab, Llc;23;3;Largo;;
9662;Advantage Trailers;18;2;Largo;;
12227;Adventure;9;1;Medio;;
12252;Adventure Coast, Llc;20;3;Largo;;
7546;Adventure Sports Products, Inc;30;4;Largo;;
3890;Adventure Trailers;18;2;Largo;;
4798;Aec Enterprises;15;2;Largo;;
807;Aep North America;17;3;Largo;;
8591;Aero;4;1;Corto;;
10287;Aero Build Llc;14;3;Largo;;
7793;Aero Fiberglass Company;23;3;Largo;;
6572;Aero Flite;10;2;Largo;;
11431;Aero Moto;9;2;Medio;;
4807;Aero Motors;11;2;Largo;;
8904;Aero Motorsports;16;2;Largo;;
12773;Aero Precision Metal Works Llc;30;5;Largo;;
5267;Aero Teardrops, Llc;19;3;Largo;;
5430;Aero Trailers;13;2;Largo;;
808;Aerobilt Manufacturing;22;2;Largo;;
7373;Aeroglas;8;1;Medio;;
7884;Aeropup Trailers Llc;20;3;Largo;;
8899;Aeroswint Trailers;18;2;Largo;;
10731;Aerotech Coatings Llc;21;3;Largo;;
5924;Aerotek;7;1;Medio;;
1231;Aerovault;9;1;Medio;;
1233;Afab Petroleum Equipment & Steel Fabrication;44;6;Largo;;
1235;Afc Company;11;2;Largo;;
11946;Afcr;4;1;Corto;;
1237;Affordable Aluminum;19;2;Largo;;
10240;Affordable Trailers;19;2;Largo;;
1238;After Hours;11;2;Largo;;
7059;After-Market Specialties;24;2;Largo;;
4855;Ag Dryer Services Inc.;22;4;Largo;;
7377;Ag Industrial, Inc;18;3;Largo;;
4797;Ag Shield Manufacturing;23;3;Largo;;
1015;Ag Spray Equipment;18;3;Largo;;
6078;Ag Spray Equipment,Inc.;23;3;Largo;;
4609;Ag Works International;22;3;Largo;;
1241;Ag-Quip, Inc.;13;2;Largo;;
6080;Ag. Belt Trailer;16;3;Largo;;
7944;Aga Gas Central, Inc;20;4;Largo;;
10491;Agams, Co. Ltd;14;3;Largo;;
11226;Agazu;5;1;Medio;;
1240;Agb;3;1;Corto;;
11715;Agc Lsv'S;9;2;Medio;;
6079;Agri-Drain Corp;15;2;Largo;;
1243;Agrifleet Leasing Corporation;29;3;Largo;;
1244;Aguilar'S Welding, Inc.;23;3;Largo;;
8680;Agvantage Manufacturing Corp.;29;3;Largo;;
11788;Ahgo Food Trailers;18;3;Largo;;
3891;Ahoy! Houseboats And Fishhouses;31;4;Largo;;
13176;Ahs Trailers;12;2;Largo;;
11628;Ai Trailers;11;2;Largo;;
12581;Aim Trailers;12;2;Largo;;
11428;Aimhigh;7;1;Medio;;
1247;Ainley Kennels & Fabrication, Inc.;34;5;Largo;;
11286;Air Easy Llc Dba Aventura-X;27;5;Largo;;
3878;Air Responder;13;2;Largo;;
11754;Air-Flo;7;1;Medio;;
12053;Air-Tow Trailers;16;2;Largo;;
1249;Airbagged Trailers, Inc.;24;3;Largo;;
9482;Airburners;10;1;Largo;;
12700;Airlite Trailers, Llc;21;3;Largo;;
10805;Airstream;9;1;Medio;;
2029;Airstream Inc.;14;2;Largo;;
1253;Airtech Tools;13;2;Largo;;
1286;Airtronics Metal Products;25;3;Largo;;
11279;Airy;4;1;Corto;;
13743;Aj'S;4;1;Corto;;
11705;Ajax Tocco Magnethermic Corporation;35;4;Largo;;
7972;Ajax Tools, Inc.;16;3;Largo;;
7168;Ajax Trailers, Inc;18;3;Largo;;
9619;Ajr Inc.;8;2;Medio;;
11288;Aky;3;1;Corto;;
1487;Al'S Motorsickle Shop Inc.;26;4;Largo;;
13272;Al-Assri;8;1;Medio;;
7883;Al-Jon, Inc.;12;2;Largo;;
1287;Alameda Trailer Sales;21;3;Largo;;
1289;Alan Ritchey, Inc.;18;3;Largo;;
1783;Alaska Extreme Trailer;22;3;Largo;;
7189;Alaska Frontier Fabrication Llc;31;4;Largo;;
11690;Alaska Sea King;15;3;Largo;;
1291;Albert Böcker Gmbh & Co. Kg;27;6;Largo;;
6133;Albert Lea;10;2;Largo;;
1293;Albright Bikes;14;2;Largo;;
4793;Alc Manufacturing;17;2;Largo;;
1294;Alcan Trailers, Llc;19;3;Largo;;
7161;Alcan Traveler, Inc;19;3;Largo;;
12984;Alcantar Custom Trailers;24;3;Largo;;
12433;Alcc;4;1;Corto;;
1296;Alcom Llc;9;2;Medio;;
12432;Alct;4;1;Corto;;
5321;Aldura;6;1;Medio;;
12944;Aleman;6;1;Medio;;
1299;Aleph Group, Inc.;17;3;Largo;;
6710;Alewine Motors, Inc.;20;3;Largo;;
7502;Alexander Dennis Limited;24;3;Largo;;
4588;Alexander'S Machine And Maintenance Service Company;51;6;Largo;;
10178;Alfa Cargo Llc;14;3;Largo;;
493;Alfa Romeo;10;2;Largo;;
1306;Alfred Industries;17;2;Largo;;
13885;Alias;5;1;Medio;;
9672;Alien;5;1;Medio;;
12542;Alien Atv;9;2;Medio;;
4671;Alien Engineered Products;25;3;Largo;;
5441;Aliner;6;1;Medio;;
8316;Aliso Trailer Mfg. Inc.;23;4;Largo;;
6493;Alkane;6;1;Medio;;
12818;Alko;4;1;Corto;;
8304;Alkota Cleaning Systems, Inc.;29;4;Largo;;
1308;All About Trailers;18;3;Largo;;
12415;All Aluminum Structure;22;3;Largo;;
7598;All American Big Twin;21;4;Largo;;
1310;All American Choppers Co.;25;4;Largo;;
13344;All American Custom;19;3;Largo;;
10202;All American Manufacturing Llc;30;4;Largo;;
1312;All American Manufacturing, Inc.;32;4;Largo;;
1391;All American Trailer Manufacturers;34;4;Largo;;
11480;All American Utilities Llc;26;4;Largo;;
1436;All Around Trailers;19;3;Largo;;
1437;All Boat Manufacturing;22;3;Largo;;
10775;All Custom;10;2;Largo;;
1438;All Custom Fabrications;23;3;Largo;;
1439;All Day Lawn;12;3;Largo;;
1440;All Fab Trailers;16;3;Largo;;
13942;All Gates Az;12;3;Largo;;
12147;All Good Equipment;18;3;Largo;;
13274;All Haul Trailers;17;3;Largo;;
6499;All In One Custom Fabrication & Design;38;7;Largo;;
3893;All Marine Trailers;19;3;Largo;;
12452;All Out Custom Trailers & Fabrication;37;6;Largo;;
1441;All Phase Trailer And Equipment;31;5;Largo;;
4790;All Pro Cycles;14;3;Largo;;
1443;All Right Steel, Llc.;21;4;Largo;;
3894;All Seasons Manufacturing;25;3;Largo;;
1445;All South Equipment Co. Inc.;28;5;Largo;;
1446;All Star Carts & Vehicles, Inc.;31;6;Largo;;
6561;All Star Solutions;18;3;Largo;;
1447;All Star Trailers;17;3;Largo;;
11204;All Star Trailers Fabrication;29;4;Largo;;
11769;All State;9;2;Medio;;
1449;All Steel Trailer, Llc;22;4;Largo;;
9126;All Wheel Drive Equipment Mfg., Inc.;36;6;Largo;;
11845;All World Trailers Llc;22;4;Largo;;
13441;All-Equip Repair & Service Ltd.;31;5;Largo;;
8900;All-In-One Products;19;2;Largo;;
11792;Allard Motor Works;18;3;Largo;;
12262;Allbetter;9;1;Medio;;
8160;Allco Trailer Manufacturing;27;3;Largo;;
12315;Allegheny Trailers;18;2;Largo;;
7932;Allen Boat Company;18;3;Largo;;
1451;Allen Fabricators Inc.;22;3;Largo;;
10703;Allen'S;7;1;Medio;;
6872;Allen'S Mfg Inc.;16;3;Largo;;
1452;Allentown Shotcrete Technology, Inc.;36;4;Largo;;
1462;Alley Rat Custom Cycles Llc;27;5;Largo;;
1467;Alleykat Kustoms Of Arizona;27;4;Largo;;
7097;Alliance North America, Inc;27;4;Largo;;
10304;Alliance Rv;11;2;Largo;;
1470;Allianz Sweeper Company;23;3;Largo;;
7785;Allied Machine Inc;18;3;Largo;;
1473;Allied Manufacturing, Inc.;26;3;Largo;;
1858;Allied Steel;12;2;Largo;;
10055;Allied Trailer Works (Atw);26;4;Largo;;
7694;Allied Welding Services;23;3;Largo;;
6713;Allison Dump Bodies & Trailers;30;5;Largo;;
9888;Allmand Bros, Inc.;18;3;Largo;;
5268;Allmand Brothers;16;2;Largo;;
9770;Allouthunting;13;1;Largo;;
5399;Alloy;5;1;Medio;;
7781;Alloy Custom Products;21;3;Largo;;
7353;Alloy Custom Vacuum Products Inc;32;5;Largo;;
13301;Allroad;7;1;Medio;;
10423;Allroad Orv;11;2;Largo;;
8655;Allstates Production Equipment Company;38;4;Largo;;
10938;Allure Trailers;15;2;Largo;;
9104;Allvan Corporation;18;2;Largo;;
6812;Almar Manufacturing;19;2;Largo;;
7748;Almax Holding Limited;21;3;Largo;;
9060;Almighty Trailers Llc;21;3;Largo;;
11725;Alpacamper;10;1;Largo;;
10080;Alpha Boats Unlimited;21;3;Largo;;
11906;Alpha Cargo Trailers Llc;24;4;Largo;;
13734;Alpha Modified Systems;22;3;Largo;;
1480;Alpha Products International;28;3;Largo;;
8972;Alpha Tank Builders;19;3;Largo;;
10369;Alphahd Trailers;16;2;Largo;;
11081;Alpine;6;1;Medio;;
8911;Alpine Industrial, Llc;22;3;Largo;;
9841;Alpine Trailers, Llc;20;3;Largo;;
8030;Alpine Welding & Fabrication Inc;32;5;Largo;;
1492;Alsalor Corp.;13;2;Largo;;
13686;Alset;5;1;Medio;;
5361;Alta;4;1;Corto;;
6813;Altamont Technologies, Inc;26;3;Largo;;
541;Altec;5;1;Medio;;
1494;Altec Environmental Products;28;3;Largo;;
4925;Altec Industries, Inc.;22;3;Largo;;
8579;Altitude Teardrop;17;2;Largo;;
9221;Alum-A-Fab Inc.;15;2;Largo;;
1508;Alum-Line, Inc.;15;2;Largo;;
6142;Aluma;5;1;Medio;;
4904;Aluma Pro Trailers, Llc.;24;4;Largo;;
1495;Aluma Tower Company;19;3;Largo;;
1497;Alumacar;8;1;Medio;;
9216;Alumaice;8;1;Medio;;
9719;Alumatech Trailers;18;2;Largo;;
7214;Alumatrek;9;1;Medio;;
12955;Alumatrek (Alumatrek Trailer Inc);33;4;Largo;;
7736;Alumax Trailers;15;2;Largo;;
10650;Alumi Tech;10;2;Largo;;
13029;Alumina Trailers;16;2;Largo;;
1503;Alumina, Inc.;13;2;Largo;;
8471;Aluminator Trailers Llc;23;3;Largo;;
3915;Aluminex Fabrication;20;2;Largo;;
6467;Aluminum Cargo Trailers Inc;27;4;Largo;;
9044;Aluminum Model;14;2;Largo;;
1504;Aluminum Trailer Co.;20;3;Largo;;
1506;Aluminum Trailers, Inc.;23;3;Largo;;
7816;Aluminx;7;1;Medio;;
4787;Alumituff Manufacturing;23;2;Largo;;
11838;Alummikon Trailers;18;2;Largo;;
7154;Alvarez;7;1;Medio;;
9639;Alvey Welding Llc;17;3;Largo;;
11186;Always Ready Cart Care Llc;26;5;Largo;;
606;Am General;10;2;Largo;;
11311;Am Machinery Inc.;17;3;Largo;;
8363;Amacsa;6;1;Medio;;
8665;Amaron Trailers;15;2;Largo;;
3916;Amaze-N-Tow;11;1;Largo;;
1509;Amaze-N-Tow, Llc.;17;2;Largo;;
9474;Amazing Trailers;16;2;Largo;;
11498;Amber Waves Inc.;16;3;Largo;;
11732;Ambers;6;1;Medio;;
12366;Ambush Outdoor Products;23;3;Largo;;
10056;Amc;3;1;Corto;;
10129;Amc Aparatos Mecanicos De Calidad;33;5;Largo;;
4709;Amd;3;1;Corto;;
1512;Amelit, Inc.;12;2;Largo;;
6650;Amen Chassis Works;18;3;Largo;;
1514;Ameratrail;10;1;Largo;;
7679;Ameri-Camp;10;1;Largo;;
7032;Ameri-Can Engineering, Inc.;27;3;Largo;;
830;Ameri-Carts;11;1;Largo;;
11377;America Ev;10;2;Largo;;
6071;America'S Best Cargo;20;3;Largo;;
1517;American Airboat Corporation;28;3;Largo;;
3917;American Airport Support & Rescue Systems;41;6;Largo;;
9484;American Augers;15;2;Largo;;
4673;American Best Corporation;25;3;Largo;;
5985;American Bos Corp;17;3;Largo;;
10223;American Carts;14;2;Largo;;
1633;American Classic Motors Inc.;28;4;Largo;;
9631;American Control And Engineering Service, Inc.;46;6;Largo;;
1634;American Crafted Trailers, Inc.;31;4;Largo;;
3919;American Custom Coach;21;3;Largo;;
1635;American Custom Golf Cars, Inc.;31;5;Largo;;
12607;American Custom Trailers;24;3;Largo;;
6680;American Dozer Inc.;19;3;Largo;;
8012;American Eagle Trailers Inc.;28;4;Largo;;
1638;American Eagle Trailers, Inc.;29;4;Largo;;
1639;American Electric Vehicle Company, Llc;38;5;Largo;;
7361;American Electronic Sign Co;27;4;Largo;;
6481;American Farrier Systems Llc;28;4;Largo;;
3920;American Hauler;15;2;Largo;;
8498;American Hawg Choppers Inc;26;4;Largo;;
8131;American Homestar Corporation;29;3;Largo;;
1644;American Hotrod Motorcycles;27;3;Largo;;
12346;American Industrial Manufacturing;33;3;Largo;;
11929;American Integrated Security Group;34;4;Largo;;
4743;American Ironhorse;18;2;Largo;;
1649;American Ironhorse Motorcycles;30;3;Largo;;
1978;American Kulture Cycles;23;3;Largo;;
1976;American Kulture Rod And Cycle Shoppe;37;6;Largo;;
1979;American Lafrance;17;2;Largo;;
10695;American Landmaster;19;2;Largo;;
10085;American Lifan;14;2;Largo;;
683;American Made;13;2;Largo;;
11392;American Made Chassis;21;3;Largo;;
13533;American Made Products;22;3;Largo;;
13522;American Made Quality Aluminum Trailers;39;5;Largo;;
684;American Manufacturing Operations;33;3;Largo;;
8586;American Manufacturing Operations, Inc.;39;4;Largo;;
685;American Manufacturing Support;30;3;Largo;;
687;American Metal Fabrication;26;3;Largo;;
9211;American Mobile Vending;23;3;Largo;;
689;American Motorcycle Corporation;31;3;Largo;;
1124;American Motors;15;2;Largo;;
10577;American Nomad Manufacturing;28;3;Largo;;
710;American Performance Technologies;33;3;Largo;;
711;American Piston;15;2;Largo;;
9522;American Pneumatic Tools;24;3;Largo;;
7191;American Pride;14;2;Largo;;
11452;American Pride Trailers;23;3;Largo;;
715;American Products;17;2;Largo;;
11064;American Q-Tec;14;2;Largo;;
6684;American Quantum Cycles;23;3;Largo;;
718;American Recreational Vehicles;30;3;Largo;;
9508;American Road Trailers;22;3;Largo;;
719;American Scooter Manufacturing;30;3;Largo;;
6194;American Skier;14;2;Largo;;
720;American Sport Trailer;22;3;Largo;;
722;American Sportworks;19;2;Largo;;
1725;American Spray Technologies;27;3;Largo;;
727;American Star Metal Fabrication;31;4;Largo;;
730;American Steel Horse Cycles;27;4;Largo;;
3923;American Steel V-Twin;21;3;Largo;;
731;American Super Cycle;20;3;Largo;;
10992;American Superstar;18;2;Largo;;
740;American Surplus & Mfg;22;4;Largo;;
10718;American Tank;13;2;Largo;;
751;American Teardrop;17;2;Largo;;
7254;American Thunder Tryke;22;3;Largo;;
6135;American Tote;13;2;Largo;;
7095;American Trailer And Manufacturing Llc.;39;5;Largo;;
754;American Trailer Builders;25;3;Largo;;
8969;American Trailer Company;24;3;Largo;;
7878;American Trailer Manufacturing Company;38;4;Largo;;
9607;American Trailer Mfg;20;3;Largo;;
7486;American Trailer Mfg. Co;24;4;Largo;;
6610;American Trailer Systems;24;3;Largo;;
3924;American Trailers;17;2;Largo;;
7270;American Trailers Co;20;3;Largo;;
9122;American Travel Systems, Inc.;29;4;Largo;;
810;American Truck & Trailer Body;29;5;Largo;;
8853;American Truck Company;22;3;Largo;;
10473;American Vacuum;15;2;Largo;;
9748;American Van;12;2;Largo;;
10376;American Vintage Motorcycle;27;3;Largo;;
13907;American Vulcan Manufacturing, Llc;34;4;Largo;;
6757;American Warrior Motorcycles;28;3;Largo;;
4782;American Wash Company;21;3;Largo;;
7674;American Welding & Machine Co;29;5;Largo;;
3925;American Welding Service;24;3;Largo;;
9621;American Wood Splitters, Inc.;29;4;Largo;;
5632;Americana;9;1;Medio;;
812;Americana Chopper;17;2;Largo;;
3935;Amerifab Industries;19;2;Largo;;
7443;Amerimax;8;1;Medio;;
7289;Ameriquip;9;1;Medio;;
6759;Ameritech Corporation;21;2;Largo;;
9934;Ameritrail, Inc.;16;2;Largo;;
5986;Amfab;5;1;Medio;;
13523;Amida;5;1;Medio;;
10018;Amigo Motors;12;2;Largo;;
8924;Amko Service Company;20;3;Largo;;
13449;Amo;3;1;Corto;;
3936;Amp Customs;11;2;Largo;;
11752;Amp Marine Llc;14;3;Largo;;
892;Amp Motor Vehicles;18;3;Largo;;
10957;Amp Trailers Mfg.;17;3;Largo;;
9072;Amp'D Up Trailers;17;3;Largo;;
8261;Ampere;6;1;Medio;;
6081;Amphi-Ranger;12;1;Largo;;
8906;Amphibian Boat Trailers, Inc.;29;4;Largo;;
9439;Amrad Products And Supply Company, Inc.;39;6;Largo;;
6193;Ams;3;1;Corto;;
822;Ams Global;10;2;Largo;;
10184;Amw;3;1;Corto;;
13364;Amw (Austin Motor Works, Inc);29;5;Largo;;
10241;Anaconda;8;1;Medio;;
5699;Anaheim Welding & Fabrication;29;4;Largo;;
12113;Anamnesis Corporation;21;2;Largo;;
8606;Anarchy Motorcycle Company;26;3;Largo;;
11624;Anchi;5;1;Medio;;
824;Anderson Custom Iron Works;26;4;Largo;;
825;Anderson Industries;19;2;Largo;;
826;Anderson Mfg.;13;2;Largo;;
6082;Anderson Repair;15;2;Largo;;
5988;Anderson Truck Body & Equipment;31;5;Largo;;
13551;Andhum Trailers;15;2;Largo;;
9354;Andrews Equipment Service Of Washington Inc.;44;6;Largo;;
5386;Andros Engineering;18;2;Largo;;
8337;Andy'S Welding;14;2;Largo;;
8386;Anesko'S Custom Trailers;24;3;Largo;;
828;Anhui Ankai;11;2;Largo;;
10910;Anlie;5;1;Medio;;
12454;Ante;4;1;Corto;;
7337;Antioch;7;1;Medio;;
831;Antrim Metalworking & Repair;28;4;Largo;;
11795;Anvil;5;1;Medio;;
9190;Anvil Products Corporation;26;3;Largo;;
832;Anvil Trailer;13;2;Largo;;
6550;Anysizer Chassis Manufacturing Co;33;4;Largo;;
5402;Anything Goes Cycles;20;3;Largo;;
8903;Anything In Iron, Inc.;22;4;Largo;;
13838;Anywhere;8;1;Medio;;
12778;Aodes;5;1;Medio;;
8696;Ap Trailers Llc;15;3;Largo;;
3937;Apa;3;1;Corto;;
5991;Apache;6;1;Medio;;
833;Apache Golf Cars;16;3;Largo;;
6747;Apache Sinca Industries Inc;27;4;Largo;;
8454;Apache Trailer;14;2;Largo;;
6749;Apc Equipment;13;2;Largo;;
13330;Apex;4;1;Corto;;
8673;Apex Custom Trailers;20;3;Largo;;
12534;Apex Energy Svc;15;3;Largo;;
9302;Apex Manufacturing Co.;22;3;Largo;;
834;Apex Motor;10;2;Largo;;
13659;Apex Trailers;13;2;Largo;;
14048;Apexmotor;9;1;Medio;;
837;Api;3;1;Corto;;
4627;Aplus Trailers;14;2;Largo;;
10424;Apm;3;1;Corto;;
11522;Apogee;6;1;Medio;;
10592;Apogee Trailers;15;2;Largo;;
13860;Apogee Trailers 2.0;19;3;Largo;;
8453;Apogee Trailers Llc;19;3;Largo;;
10199;Apollo;6;1;Medio;;
839;Apollo Choppers;15;2;Largo;;
6088;Apollo Trailer Company;22;3;Largo;;
840;Appalachian Teardrop Company;28;3;Largo;;
841;Appalachian Trailer Sales;25;3;Largo;;
7931;Appalachian Trailers Inc.;25;3;Largo;;
10631;Applequist Manufacturing, Inc.;30;3;Largo;;
7485;Appleton Steel, Inc.;20;3;Largo;;
843;Applied Cryo Technologies;25;3;Largo;;
844;Applied Research/Vertek;23;2;Largo;;
845;Aprilia;7;1;Medio;;
7869;Aps Systems;11;2;Largo;;
3938;Aptera Motors;13;2;Largo;;
6089;Aquacraft Inc;13;2;Largo;;
10227;Aquahawk;8;1;Medio;;
12579;Arabian Metal Industries Ltd.;29;4;Largo;;
13879;Arb;3;1;Corto;;
10315;Arboc;5;1;Medio;;
12248;Arbuckle'S Homes To Go Inc;26;5;Largo;;
11842;Arc;3;1;Corto;;
11151;Arc Line Manufacturing Llc;26;4;Largo;;
7129;Arc Manufacturing;17;2;Largo;;
9947;Arc Zone;8;2;Medio;;
848;Arcade Iron Motorcycle Company;30;4;Largo;;
11082;Arcadia;7;1;Medio;;
12886;Arcane Trailers;15;2;Largo;;
12702;Arcas Trailer;13;2;Largo;;
6603;Arch Cargo Trailers;19;3;Largo;;
849;Arch Motorcycle Co;18;3;Largo;;
12312;Arche Olive Company Llc.;24;4;Largo;;
9116;Archer Manufacturing Corporation;32;3;Largo;;
9447;Architectural Welding & Design;30;4;Largo;;
13510;Architecture Steel Llc;22;3;Largo;;
851;Arcimoto;8;1;Medio;;
12162;Arcs;4;1;Corto;;
12054;Arctic Blast;12;2;Largo;;
10190;Arctic Cat;10;2;Largo;;
11518;Arcticmax;9;1;Medio;;
850;Arcweld;7;1;Medio;;
12977;Are - 1;7;3;Medio;;
9681;Area 51;7;2;Medio;;
6065;Arena Werks;11;2;Largo;;
8028;Argo Fab, Inc;13;3;Largo;;
5128;Argo Trailers;13;2;Largo;;
11461;Argo Trailers Ga;16;3;Largo;;
14073;Aries Ev;8;2;Medio;;
13335;Ariic;5;1;Medio;;
12442;Arion;5;1;Medio;;
852;Arising Industries, Inc;23;3;Largo;;
9281;Aristocrat Industries, Inc.;27;3;Largo;;
8744;Arizona Machine & Fabrication, Inc.;35;5;Largo;;
1139;Arizona Trailer Manufacturing;29;3;Largo;;
1143;Arizona Trailer Specialists;27;3;Largo;;
6547;Arizona Woodriver Outfitters, Llc;33;4;Largo;;
7338;Ark Custom Trailers;19;3;Largo;;
12387;Arkansas Boats Llc;18;3;Largo;;
1152;Arkfeld;7;1;Medio;;
11231;Arkto Campers Ltd.;18;3;Largo;;
8739;Arlen Ness Enterprises, Inc.;28;4;Largo;;
4569;Armadillo Camper Kits;21;3;Largo;;
11180;Armadillo Trailer Mfg.;22;3;Largo;;
5367;Armbruster Stageway;19;2;Largo;;
11052;Armlift;7;1;Medio;;
11080;Armor Cargo Trailers, Llc;25;4;Largo;;
6130;Armor Chassis;13;2;Largo;;
10849;Armor Lite;10;2;Largo;;
9669;Armor Lite Excel, Llc;21;4;Largo;;
1161;Armor Lite Trailer;18;3;Largo;;
12091;Armorteck;9;1;Medio;;
6612;Armstrong Trailer Manufacturing Co., Inc.;41;5;Largo;;
7726;Armstrong Trailer Products, Inc.;32;4;Largo;;
5129;Armstrong Trailers;18;2;Largo;;
9130;Arndt Trailer Manufacturing;27;3;Largo;;
8995;Arning Industries, Inc.;23;3;Largo;;
1165;Arnold Machine;14;2;Largo;;
6837;Aro Sa;6;2;Medio;;
9453;Arriba Cueball Trailer Mfg L.L.C.;33;5;Largo;;
8228;Arrow Dump Trailers;19;3;Largo;;
10087;Arrow Tank And Engineering Co.;30;5;Largo;;
6687;Arrowhead;9;1;Medio;;
8688;Arrowhead Trailer Mfg., Inc.;28;4;Largo;;
1171;Arsenal Of Virginia;19;3;Largo;;
7796;Arsenal Trailer Manufacturing Inc;33;4;Largo;;
10307;Art;3;1;Corto;;
1180;Art In Motion;13;3;Largo;;
5706;Art Roll Tech;13;3;Largo;;
5046;Art'S Portable Welding;22;3;Largo;;
10674;Art'S Way;9;2;Medio;;
1187;Artech Parts Fabrication;24;3;Largo;;
12820;Arvi Trailers;13;2;Largo;;
11963;Asa;3;1;Corto;;
1194;Asc, Inc.;9;2;Medio;;
5502;Ase;3;1;Corto;;
728;Asf Loadmaster;14;2;Largo;;
9100;Ash Company Of Mountain Lake;28;5;Largo;;
9235;Ashcan Fab. Co.;15;3;Largo;;
1197;Ashcroft Enterprises;20;2;Largo;;
5697;Ashford Mfg;11;2;Largo;;
12182;Ashley'S Carolina Cars;22;3;Largo;;
11230;Ashley'S Welding And Metal Fabrication;38;5;Largo;;
7250;Asi Trailers;12;2;Largo;;
12652;Aspen;5;1;Medio;;
12898;Aspen (Keb);11;2;Largo;;
11816;Aspen Custom Trailers;21;3;Largo;;
11083;Aspen Trail;11;2;Largo;;
9534;Aspen Trailer Company Ltd.;26;4;Largo;;
6801;Aspen Trailer Inc.;18;3;Largo;;
3940;Asphalt Equipment & Service;27;4;Largo;;
5698;Asphalt Machinery;17;2;Largo;;
7390;Asphalt Zipper Inc;18;3;Largo;;
1511;Asphalt Zipper Trailer;22;3;Largo;;
9788;Assault Trailers Llc;20;3;Largo;;
13183;Assembled;9;1;Medio;;
8403;Associated Side Dump Development, Inc.;38;5;Largo;;
6769;Astec Industries Inc.;21;3;Largo;;
1199;Astec Mobile Screens;20;3;Largo;;
1202;Astec Underground;17;2;Largo;;
440;Aston Martin;12;2;Largo;;
11877;Aston Metal Art;15;3;Largo;;
11084;Astoria;7;1;Medio;;
6771;Astoria Industries, Inc.;24;3;Largo;;
12983;Astra Stages;12;2;Largo;;
9862;Astro Haven Enterprises;23;3;Largo;;
8088;Astur N.C. Tooling, Inc;23;4;Largo;;
5464;Asuna;5;1;Medio;;
12085;Atc Trailers;12;2;Largo;;
1236;Atec Aanhangwagens;18;2;Largo;;
3941;Atek Trailers;13;2;Largo;;
9488;Atf Mfg, Llc;12;3;Largo;;
10610;Atg;3;1;Corto;;
12460;Athens Overland;15;2;Largo;;
5820;Atk;3;1;Corto;;
13633;Atl 20-40S;10;2;Largo;;
12632;Atlant;6;1;Medio;;
5993;Atlanta Fabricating & Equipment Co;34;5;Largo;;
12160;Atlantic Marine Trailers;24;3;Largo;;
6405;Atlantic Trailers;17;2;Largo;;
13411;Atlantic Trailers Inc;21;3;Largo;;
4762;Atlas;5;1;Medio;;
12406;Atlas (Vexas Corp.);19;3;Largo;;
7426;Atlas Copco;11;2;Largo;;
1239;Atlas Custom Trailers;21;3;Largo;;
4967;Atlas Lift Trailers, Inc.;25;4;Largo;;
7690;Atlas Mfg Co Inc;16;4;Largo;;
8243;Atlas Specialty Products;24;3;Largo;;
13309;Atlas Steel Products;20;3;Largo;;
3957;Atoka Trailer & Mfg.;20;4;Largo;;
5269;Atomic Electric Vehicles;24;3;Largo;;
13321;Atomic Trailers;15;2;Largo;;
3723;Atr;3;1;Corto;;
9883;Atro;4;1;Corto;;
6588;Atsatv;6;1;Medio;;
4846;Att R&D;7;2;Medio;;
13921;Attaboy Trailer;15;2;Largo;;
6514;Attitude Custom Cycles, Inc.;28;4;Largo;;
7013;Atwood Trailers;15;2;Largo;;
9246;Auctioneering Systems, Inc.;27;3;Largo;;
11991;Audette;7;1;Medio;;
582;Audi;4;1;Corto;;
9492;August Metal Works;18;3;Largo;;
1252;Augusta Rv;10;2;Largo;;
10022;Aulick Industries;17;2;Largo;;
9381;Aurora Modular Industries;25;3;Largo;;
1254;Aurora Trailers;15;2;Largo;;
10625;Ausrv Inc.;10;2;Largo;;
8245;Austin Electric;15;2;Largo;;
6487;Austin Ev Metro;15;3;Largo;;
1257;Austin Welding Service;22;3;Largo;;
13952;Australian Enterprise Group Pty Ltd;35;5;Largo;;
11194;Australian Off Road;19;3;Largo;;
13483;Auto Boutique;13;2;Largo;;
8603;Auto Craft Wholesale Auto;25;4;Largo;;
8249;Auto Decor Matane Inc.;22;4;Largo;;
5380;Auto Motion Ind.;16;3;Largo;;
1263;Auto Tanques Y Tolvas Troy S.A. De C.V.;39;8;Largo;;
9157;Auto Transport Service;22;3;Largo;;
4602;Auto Truck;10;2;Largo;;
6754;Auto-Mania;10;1;Largo;;
1297;Autocar;7;1;Medio;;
1331;Autocar Industries;18;2;Largo;;
8395;Autocar Ltd;11;2;Largo;;
10968;Autocycle Llc;13;2;Largo;;
7836;Autodelta Usa Inc;17;3;Largo;;
1483;Autokad;7;1;Medio;;
9983;Automated Biomass Systems;25;3;Largo;;
5994;Automated Engineering Systems Inc;33;4;Largo;;
8956;Automated Waste Equipment Co., Inc.;35;5;Largo;;
11346;Automobili Pininfarina;22;2;Largo;;
7903;Automotive Transformation Inc.;30;3;Largo;;
11730;Autumn Ridge;12;2;Largo;;
12279;Autumncrest Enterprises Llc;27;3;Largo;;
11181;Auwaerter-Anhaenger Und Aufbauten Gmbh & Co. Kg;47;7;Largo;;
8715;Available Materials Handling;28;3;Largo;;
11087;Avalanche;9;1;Medio;;
5552;Avanti;6;1;Medio;;
8562;Avanti Marine Usa Inc.;22;4;Largo;;
1488;Avanti Motorcycles;18;2;Largo;;
13461;Avenir;6;1;Medio;;
13229;Aventura-X;10;1;Largo;;
1498;Avera Motors;12;2;Largo;;
8168;Avesco Welding & Fabrication;28;4;Largo;;
12033;Avi;3;1;Corto;;
6380;Avila Manufacturing;19;2;Largo;;
12996;Aw Custom Trailer’S Llc;23;4;Largo;;
13695;Awaken Rv;9;2;Medio;;
10396;Awc;3;1;Corto;;
1592;Awesome Rebuild;15;2;Largo;;
11928;Aws Trailers;12;2;Largo;;
14008;Axe Trailers;12;2;Largo;;
13329;Axiom;5;1;Medio;;
13830;Axiom Rv;8;2;Medio;;
13756;Axios;5;1;Medio;;
12569;Axis;4;1;Corto;;
6035;Axis Corporation;16;2;Largo;;
12280;Ayro;4;1;Corto;;
7055;Azimuth Inc.;12;2;Largo;;
1522;Azland;6;1;Medio;;
1523;Aztec Trailer;13;2;Largo;;
14115;Azteca Trailers;15;2;Largo;;
13442;Azure;5;1;Medio;;
10206;Azure Dynamic Inc.;18;3;Largo;;
1533;Azure Dynamics;14;2;Largo;;
3958;B & B Enterprises;17;4;Largo;;
8039;B & B Fabricators;17;4;Largo;;
7257;B & B Trailer Sales;19;5;Largo;;
7310;B & B Trailers;14;4;Largo;;
12981;B & B Trailers Of Savannah;26;6;Largo;;
9179;B & E Trailer Sales Inc.;24;6;Largo;;
9410;B & G Supply;12;4;Largo;;
3959;B & H Customs;13;4;Largo;;
8941;B & H Trailers;14;4;Largo;;
9117;B & H Welding Services;22;5;Largo;;
9189;B & K Trailers, Inc.;20;5;Largo;;
9164;B & L Trailer Manufacturer;26;5;Largo;;
8960;B & M Enterprises;17;4;Largo;;
6737;B & M Hi-Lite;13;4;Largo;;
1542;B & M Manufacturing;19;4;Largo;;
5572;B & M Trailer Sales;19;5;Largo;;
9013;B & O Custom Trailers;21;5;Largo;;
1543;B & R Trailers;14;4;Largo;;
7244;B & R Welding;13;4;Largo;;
8993;B & S Concession;16;4;Largo;;
7019;B & S Trailer Sales;19;5;Largo;;
6738;B & T Manufacturing Dba Xtreme Trailer;38;7;Largo;;
7925;B & W Construction;18;4;Largo;;
11497;B & W Fabrication, Llc;22;5;Largo;;
3960;B & W Mantrad;13;4;Largo;;
7245;B & W Trailers;14;4;Largo;;
13667;B And B Trailers Of Mississippi;31;6;Largo;;
11356;B And L Fabrication;19;4;Largo;;
11467;B And L Trailers;16;4;Largo;;
5130;B And M Trailer Sales;21;5;Largo;;
10350;B And M Trailers Llc;20;5;Largo;;
9721;B And S Supply;14;4;Largo;;
7063;B B'S Trailers;14;3;Largo;;
13592;B Motobi;8;2;Medio;;
6455;B&A Trailers Inc.;17;3;Largo;;
13317;B&B Camper Inc;14;3;Largo;;
6726;B&B Micro Manufacturing Inc;27;4;Largo;;
5564;B&D;3;1;Corto;;
9927;B&G Trailers Inc;16;3;Largo;;
9736;B&K Trailers;12;2;Largo;;
1595;B&M Performance Cycles;22;3;Largo;;
5528;B&W;3;1;Corto;;
8742;B&W Welding & Repair;20;4;Largo;;
6723;B'S In A Pod Camping Llc;24;6;Largo;;
1602;B+B Trailers;12;2;Largo;;
7234;B-Line Corporation;18;2;Largo;;
6979;B-Welding;9;1;Medio;;
7498;B.C. Trailers Inc;17;3;Largo;;
3963;B.E.E. Welding;14;2;Largo;;
13071;B.E.S.T;7;1;Medio;;
7133;B.K. Jones Builders Llc;23;4;Largo;;
6739;B.L. Industries, Inc.;21;3;Largo;;
3976;B.T. Custom Trailers;20;3;Largo;;
4695;B.T.L. Trailers;15;2;Largo;;
14072;B2 Medical;10;2;Largo;;
1604;Bach Built Choppers;19;3;Largo;;
7464;Back 40 Creations;17;3;Largo;;
1605;Back 40 Supply;14;3;Largo;;
13873;Back Country Carts;18;3;Largo;;
9476;Back Off Lowboys;16;3;Largo;;
10726;Back Porch Homes;16;3;Largo;;
3977;Back Track Trailers;19;3;Largo;;
1609;Back Yard Choppers;18;3;Largo;;
13380;Backdraft;9;1;Medio;;
1606;Backroad Choppers;17;2;Largo;;
10956;Backroads Overload Co.;22;3;Largo;;
12915;Backstreet Surveillance;23;2;Largo;;
7738;Backtrek;8;1;Medio;;
13850;Backwater Haulers;17;2;Largo;;
7159;Backwater Trailers;18;2;Largo;;
10527;Backwater-Customs;17;1;Largo;;
1610;Backwoods Choppers;18;2;Largo;;
8625;Backwoods Trailer Sales & Manufacturer;38;5;Largo;;
1611;Backyard Choppers;17;2;Largo;;
12102;Backyard Structures;19;2;Largo;;
7775;Backyard Trailers, Llc;22;3;Largo;;
13536;Backyard Trs;12;2;Largo;;
1612;Bad 2D Bone Trailers;20;4;Largo;;
5026;Bad Ass Choppers;16;3;Largo;;
12571;Bad Boy;7;2;Medio;;
5424;Bad Boy Buggy;13;3;Largo;;
1613;Bad Boy Enterprises;19;3;Largo;;
3978;Bad Boy Inc.;12;3;Largo;;
1615;Bad Boy Trailers;16;3;Largo;;
1623;Bad Boys Choppers;17;3;Largo;;
1626;Bad Boyz Toyz;13;3;Largo;;
1643;Bad Island Toyz;15;3;Largo;;
10834;Badac;5;1;Medio;;
1651;Badass Industries;17;2;Largo;;
3980;Badge Boyz Customz;18;3;Largo;;
1657;Badger Equipment;16;2;Largo;;
8743;Badger Utility Inc.;19;3;Largo;;
1669;Badlands Steel Worx;19;3;Largo;;
5096;Badsey Bullet U.S.A, Inc.;25;4;Largo;;
12544;Baggets Retail Trailer Sales;28;4;Largo;;
3981;Baggett'S Trailer Connection;28;3;Largo;;
8318;Bagley Inc.;11;2;Largo;;
1670;Bahn Wagen;10;2;Largo;;
6908;Bahr Custom Boats & Trailers;28;5;Largo;;
8534;Baillie Diesel, Inc.;20;3;Largo;;
1671;Bair Bodies And Trailers;24;4;Largo;;
5498;Baird & Slaska Mfg;18;4;Largo;;
1674;Baja Custom Trailers;20;3;Largo;;
6048;Baja Steel Inc;14;3;Largo;;
4007;Bajaj Auto;10;2;Largo;;
5997;Baker;5;1;Medio;;
1680;Bakers Trailer;14;2;Largo;;
1683;Bakkura Mobility;16;2;Largo;;
11248;Baku Trailers;13;2;Largo;;
9042;Balbi Rimorchi Srl;18;3;Largo;;
1686;Baldor Generators;17;2;Largo;;
8371;Bale Runner Mfg.;16;3;Largo;;
8113;Bales Equipment Trailers Llc;28;4;Largo;;
5998;Balestra;8;1;Medio;;
6191;Balko;5;1;Medio;;
6940;Ballard Power Systems Inc.;26;4;Largo;;
7652;Ballews;7;1;Medio;;
12783;Ballistic;9;1;Medio;;
9498;Ballistic Trailers;18;2;Largo;;
1727;Balon Corporation;17;2;Largo;;
7542;Baltic Industries Inc;21;3;Largo;;
4626;Balzer;6;1;Medio;;
13410;Bam Trailers;12;2;Largo;;
13264;Bama Built Trailers;19;3;Largo;;
5272;Bama Lsv;8;2;Medio;;
10658;Bandit;6;1;Medio;;
5579;Bandit Choppers Llc;19;3;Largo;;
11830;Bandit Trailers, Llc;20;3;Largo;;
7978;Bandy Trailers;14;2;Largo;;
5351;Banens;6;1;Medio;;
3127;Bantam Trailers Usa;19;3;Largo;;
3115;Baodiao;7;1;Medio;;
1731;Bar H Welding;13;3;Largo;;
8333;Bar T Z Unlimited;17;4;Largo;;
6117;Bar Y;5;2;Medio;;
5687;Bar-Bel Fabricating;19;2;Largo;;
4916;Barclay Truck Rebuilders;24;3;Largo;;
7567;Barco Industrial Supply;23;3;Largo;;
10367;Barco Pump Co.;14;3;Largo;;
6118;Barcroft Welding And Ornamental Iron;36;5;Largo;;
1732;Bare Knuckle Choppers;21;3;Largo;;
10071;Bare Metal, Llc;15;3;Largo;;
6119;Barlow'S Welding;16;2;Largo;;
5362;Barnstorm Cycles;16;2;Largo;;
11483;Barnts Sales Company Llc;24;4;Largo;;
1733;Barnyard Customs;16;2;Largo;;
6549;Baron Motorcycles, Inc.;23;3;Largo;;
5132;Baron Usa Inc;13;3;Largo;;
13871;Barrera;7;1;Medio;;
1734;Barreto Manufacturing;21;2;Largo;;
11134;Barrett Trailers;16;2;Largo;;
5076;Barrett Trailers, Inc.;22;3;Largo;;
13368;Barrett Trailers, Llc;21;3;Largo;;
1743;Barrier Systems;15;2;Largo;;
1745;Barro Ag Welding And Trailer Repair;35;6;Largo;;
1747;Barry'S Trailers;16;2;Largo;;
10684;Barstow Kustom;14;2;Largo;;
7314;Bartel Welding;14;2;Largo;;
13824;Barter;6;1;Medio;;
6240;Bartley Corporation;19;2;Largo;;
8802;Barton Investment Group Manufacturing, Llc;42;5;Largo;;
1778;Base Camp Recreational Vehicles;31;4;Largo;;
2976;Basecamp;8;1;Medio;;
2080;Bashan;6;1;Medio;;
12720;Bashan/Bms;10;1;Largo;;
12721;Bashan/Raven;12;1;Largo;;
13048;Bashi;5;1;Medio;;
9051;Basoglu Karavan Sanayi Ve Ticaret A.S.;38;6;Largo;;
9119;Basscat;7;1;Medio;;
5270;Batco;5;1;Medio;;
1083;Battle Wagon Trailers;21;3;Largo;;
5103;Bauer;5;1;Medio;;
8951;Bauer Built Manufacturing, Inc.;31;4;Largo;;
1780;Baughman Products;17;2;Largo;;
5273;Bauss Manufacturing Inc.;24;3;Largo;;
7830;Bautista Welding & Custom Trailers Manufacturing Llc;52;7;Largo;;
10892;Bauxlite;8;1;Medio;;
11203;Bay Area Metal Fabrication;26;4;Largo;;
1785;Bay Bridge Manufacturing;24;3;Largo;;
1787;Bay City Choppers;17;3;Largo;;
7119;Bay Equipment And Repair (Bear);31;5;Largo;;
13799;Bay Equipment Rentals;21;3;Largo;;
1790;Bay Manufacturing;17;2;Largo;;
3911;Bay Town Choppers;17;3;Largo;;
5602;Bayer Trailers;14;2;Largo;;
5452;Bayshore;8;1;Medio;;
7841;Bayshore Systems, Inc;21;3;Largo;;
6909;Baz Mfg.;8;2;Medio;;
1792;Bazooka Farmstar Trailers;25;3;Largo;;
10564;Bazzell'S;9;1;Medio;;
1810;Bb Buggies;10;2;Largo;;
1794;Bb Rollahome;12;2;Largo;;
8605;Bbc;3;1;Corto;;
6485;Bbk;3;1;Corto;;
11478;Bbq Pits By Klose;17;4;Largo;;
12836;Bc;2;1;Corto;;
6611;Bc Trailers;11;2;Largo;;
7658;Bca Fabrication Llc;19;3;Largo;;
7094;Bca Industries;14;2;Largo;;
10973;Bcd Trailer Llc;15;3;Largo;;
7951;Bci Manufacturing;17;2;Largo;;
5474;Bci Trailers;12;2;Largo;;
10275;Bcl Fabrication;15;2;Largo;;
12391;Bct;3;1;Corto;;
1805;Be Seen Advertising And Custom Designs;38;6;Largo;;
7723;Beach City Motorcycles;22;3;Largo;;
5133;Beach King Inc;14;3;Largo;;
13924;Beachman;8;1;Medio;;
4862;Beall Trailers;14;2;Largo;;
11171;Beam Global;11;2;Largo;;
1806;Beamco;6;1;Medio;;
5061;Bean & Conquest, Inc.;21;4;Largo;;
14077;Bean Mfg;8;2;Medio;;
9213;Bean Trailer;12;2;Largo;;
6529;Bear;4;1;Corto;;
7364;Bear Bones;10;2;Largo;;
7463;Bear River Fabrication & Machine;32;5;Largo;;
10979;Bear River Trailers;19;3;Largo;;
8326;Bear River Trailers Llc;23;4;Largo;;
788;Bear Steel;10;2;Largo;;
9709;Bear Teardrops Llc;18;3;Largo;;
3912;Bear Track Products;19;3;Largo;;
7224;Bear Trailer Manufacturing;26;3;Largo;;
7417;Bearcat;7;1;Medio;;
12990;Bearco;6;1;Medio;;
10521;Beards;6;1;Medio;;
13373;Beartrailer;11;1;Largo;;
10680;Beast;5;1;Medio;;
13999;Beast Cargo Llc;15;3;Largo;;
789;Beast Custom Cycle;18;3;Largo;;
11405;Beast Mode;10;2;Largo;;
12527;Beats Trailers;14;2;Largo;;
11427;Beauer;6;1;Medio;;
11934;Beaverfit Usa;13;2;Largo;;
12288;Beavers;7;1;Medio;;
7992;Beck Trailer Manufacturing Inc;30;4;Largo;;
7233;Beck'S Mobile Home And Rv Center;32;6;Largo;;
543;Beckenridge;11;1;Largo;;
8007;Bedard Tankers Inc;18;3;Largo;;
790;Bee Trailers;12;2;Largo;;
6131;Beehive Road Welding;20;3;Largo;;
13903;Beeline;7;1;Medio;;
791;Behnke Enterprises;18;2;Largo;;
793;Beijing North Huade Neoplan Bus;31;5;Largo;;
794;Beiler Machine;14;2;Largo;;
798;Beiqi Foton Motor / Beijing Bus Branch;38;7;Largo;;
3913;Bell Custom Products;20;3;Largo;;
8730;Bell Machine & Fabrication;26;4;Largo;;
6664;Bell Power Systems, Inc.;24;4;Largo;;
799;Bella Cycles;12;2;Largo;;
6836;Bellacar;8;1;Medio;;
5690;Bellue'S Welding;16;2;Largo;;
11079;Bellwether / Premier;20;3;Largo;;
800;Belmont Machine;15;2;Largo;;
4696;Belmont Trailers;16;2;Largo;;
9002;Belotti Mfg. Inc.;17;3;Largo;;
801;Belshe Industries;17;2;Largo;;
12263;Belyoo;6;1;Medio;;
12114;Benchmark;9;1;Medio;;
802;Benchmark Motorcycles And Utility Trailers;42;5;Largo;;
10201;Benchmark Trailers;18;2;Largo;;
558;Bend Trailers;13;2;Largo;;
12709;Benda;5;1;Medio;;
4785;Benelli;7;1;Medio;;
3926;Benelli Q.J. Srl;16;3;Largo;;
804;Bennett;7;1;Medio;;
8772;Bennett Enterprises;19;2;Largo;;
10512;Benson;6;1;Medio;;
12051;Benson/Wabash;13;1;Largo;;
6617;Bentech Industries;18;2;Largo;;
583;Bentley;7;1;Medio;;
7727;Bentley Industries, Llc;23;3;Largo;;
805;Bentley Trailers & Custom Coaches;33;5;Largo;;
993;Benzhou Vehicle Industry Group Co.;34;5;Largo;;
10848;Bep;3;1;Corto;;
869;Berg Equipment Corporation;26;3;Largo;;
6522;Bergei'S Bad Boyz Bikes;23;4;Largo;;
4091;Berggie;7;1;Medio;;
870;Bergkamp;8;1;Medio;;
7605;Bering Truck Corporation;24;3;Largo;;
8731;Berkelmans Welding And Mfg. Inc.;32;5;Largo;;
10126;Berkon;6;1;Medio;;
6567;Berlon Industries, Llc;22;3;Largo;;
10486;Bernier Trailer;15;2;Largo;;
7476;Bert Jensen & Sons, Inc;23;5;Largo;;
871;Bert Walters And Sons;21;4;Largo;;
5747;Bertolini;9;1;Medio;;
13026;Bertone;7;1;Medio;;
8196;Bes&T Inc;9;2;Medio;;
872;Besler Industries;17;2;Largo;;
11841;Best Aluminum Striping Equipment;32;4;Largo;;
7601;Best Bet Fabrication Inc;24;4;Largo;;
3927;Best Bilt Inc.;14;3;Largo;;
5278;Best Built;10;2;Largo;;
5068;Best Built Manufacturing Inc.;29;4;Largo;;
12178;Best Built Trailers;19;3;Largo;;
8874;Best Carts Usa;14;3;Largo;;
14054;Best Golf Cars;14;3;Largo;;
874;Best Lane Enterprises Dba Ramp Free;35;6;Largo;;
7610;Best Of Show Detailing Systems;30;5;Largo;;
5692;Best Trailer;12;2;Largo;;
7907;Best Trailers;13;2;Largo;;
875;Bestbilt Trailers;17;2;Largo;;
5966;Bestmade;8;1;Medio;;
5693;Bestrailers;11;1;Largo;;
876;Bestway;7;1;Medio;;
9056;Bestway Sales;13;2;Largo;;
877;Beta;4;1;Corto;;
13954;Beta Fueling;12;2;Largo;;
9124;Bethany Welding Inc.;20;3;Largo;;
4706;Better Bilt Custom Fabrication & Repair;39;6;Largo;;
6910;Better Built Trailers;21;3;Largo;;
8063;Better Made Trailers;20;3;Largo;;
8031;Better Weigh Mfg;16;3;Largo;;
5904;Better-Bilt;11;1;Largo;;
5134;Betterbuilt Trailers;20;2;Largo;;
8464;Beverly Trailer Supply;22;3;Largo;;
11389;Beway Brand;11;2;Largo;;
11388;Beway Mini Campers;18;3;Largo;;
13248;Beyer Trailers;14;2;Largo;;
3928;Beyond Extreme, Llc Dba Extreme Cycle Works;43;7;Largo;;
1014;Beyond Roads;12;2;Largo;;
920;Bg Automotive Group;19;3;Largo;;
10964;Bg Custom Welding;17;3;Largo;;
4872;Bg Cycles;9;2;Medio;;
6805;Bgrs Inc;8;2;Medio;;
10052;Bhw Lsv;7;2;Medio;;
10361;Bi;2;1;Corto;;
10839;Bi Trailers;11;2;Largo;;
7823;Bicknell Racing Products;24;3;Largo;;
5694;Bienville;9;1;Medio;;
8658;"Big ""T"" Trailers";16;3;Largo;;
9153;Big 4 Rents, Inc.;17;4;Largo;;
8759;Big A Mfg.;10;3;Largo;;
8532;Big A Mfg. Co.;14;4;Largo;;
12959;Big Bear;8;2;Medio;;
1043;Big Bear American Made Chopper Dba Big Bear Choppers;52;9;Largo;;
3929;Big Bear Trailers;17;3;Largo;;
3930;Big Boar Custom Cycles;22;4;Largo;;
11225;Big Boy;7;2;Medio;;
955;Big Boy Manufacturing;21;3;Largo;;
1066;Big Boy Trailers;16;3;Largo;;
3931;Big Bubba'S Trailer Sales;25;4;Largo;;
11055;Big Bully;9;2;Medio;;
1067;Big City Cycle;14;3;Largo;;
7724;Big D'S Products;16;3;Largo;;
10365;Big D'S Trailers;16;3;Largo;;
11942;Big Daddy;9;2;Medio;;
8373;Big Dog Industries;18;3;Largo;;
1068;Big Dog Motorcycles;19;3;Largo;;
9198;Big Dog Trailer Mfg;19;4;Largo;;
10038;Big Dog Trailers;16;3;Largo;;
6615;Big E Trailers;14;3;Largo;;
3932;Big Easy Choppers;17;3;Largo;;
10828;Big Ern;7;2;Medio;;
2076;Big Horn;8;2;Medio;;
10589;Big John;8;2;Medio;;
13505;Big John Corp;13;3;Largo;;
4998;Big John Manufacturing;22;3;Largo;;
9651;Big John Manufacturing Co. Inc;30;5;Largo;;
1069;Big Low Boy;11;3;Largo;;
8700;Big Mac;7;2;Medio;;
12828;Big Mo;6;2;Medio;;
5318;Big O'S Manufacturing,Inc;25;3;Largo;;
4621;Big Red Engineering;19;3;Largo;;
12698;Big Rock Trailers;17;3;Largo;;
6086;Big Smith Sales & Service;25;5;Largo;;
4577;Big Sur;7;2;Medio;;
1136;Big Tex;7;2;Medio;;
7115;Big Tex/Sun Trailers/Venture;28;3;Largo;;
1166;Big Tony'S Choppers;19;3;Largo;;
1153;Big W Sales;11;3;Largo;;
6489;Bigass Grills And Smokers;25;4;Largo;;
9556;Bigbee Trailers, Inc.;21;3;Largo;;
1156;Bigboy Trailer, Mfg.;20;3;Largo;;
13867;Bigfoot Drilling;16;2;Largo;;
1160;Bigfoot Industries (2010) Inc.;30;4;Largo;;
9468;Bigfoot Industries Ltd.;23;3;Largo;;
7527;Bigfoot Trailers Llc;20;3;Largo;;
11554;Bighorn;7;1;Medio;;
12237;Bighorn Llc;11;2;Largo;;
9965;Bighorn Manufacturing Llc;25;3;Largo;;
11899;Bighorn, Bighorn Traveler, Big Country, & Landmark;50;7;Largo;;
1167;Biglug Trailer Works;20;3;Largo;;
1168;Bike Performance & Accessories;30;4;Largo;;
8679;Biker Barn;10;2;Largo;;
1169;Biketoo;7;1;Medio;;
1170;Bil-Jax;7;1;Medio;;
5703;Bildon Inc;10;2;Largo;;
8263;Bill'S Trailer Sales;20;3;Largo;;
1191;Bill'S Tralier Sales;20;3;Largo;;
7756;Bill'S Welding & Repair;23;4;Largo;;
7442;Billings Trailer Fabrication;28;3;Largo;;
13985;Bills Custom Fab;16;3;Largo;;
6386;Bills Golf Carts;16;3;Largo;;
1190;Bills Performance Automotive;28;3;Largo;;
1209;Billy Bob'S Trailer;19;3;Largo;;
1192;Billy Goat Industries;21;3;Largo;;
1210;Billy'S Hot Rod Cycles;22;4;Largo;;
8889;Bilt-Redi Corporation;21;2;Largo;;
12112;Bimota;6;1;Medio;;
7858;Binder Trailer Mfg.;19;3;Largo;;
1215;Bintelli;8;1;Medio;;
3933;Biohazard Cycles;16;2;Largo;;
7515;Biotech Systems, Inc;20;3;Largo;;
1216;Birschbach Mfg.;15;2;Largo;;
7312;Biscamp'S Trailer Sales;23;3;Largo;;
12580;Bison;5;1;Medio;;
1274;Bison Coach;11;2;Largo;;
10907;Bison Fabrication Llc;21;3;Largo;;
10214;Bison Hooklift Systems;22;3;Largo;;
13501;Bison Motors;12;2;Largo;;
10401;Bison Towable Trailer;21;3;Largo;;
1275;Bitter End - Old School Choppers;32;6;Largo;;
1276;Bittercreek Hunting Blinds & Dog Boxes, Inc.;44;7;Largo;;
8959;Bivouac Commercial Vehicles;27;3;Largo;;
11785;Bivouac Overland;16;2;Largo;;
8204;Bivy;4;1;Corto;;
11584;Biz Buggy;9;2;Medio;;
12365;Bizness On Wheels Llc;21;4;Largo;;
11295;Bj And K;8;3;Medio;;
1277;Bjn Manufacturing;17;2;Largo;;
7725;Bk Developments Ltd.;20;3;Largo;;
10756;Bl Solutions;12;2;Largo;;
9798;Black Bear Fish House;21;4;Largo;;
1278;Black Brothers Equipment Sales;30;4;Largo;;
9683;Black Diamond Fabrication;25;3;Largo;;
8438;Black Dog Custom Cycle Mfg Llc;30;6;Largo;;
1279;Black Dragon Choppers;21;3;Largo;;
7357;Black Hawk;10;2;Largo;;
12658;Black Hawk Trailer Corporation;30;4;Largo;;
3934;Black Hawk Trailers;19;3;Largo;;
13005;Black Horse Forestry Trailers;29;4;Largo;;
5136;Black Horse Trailer;19;3;Largo;;
7705;Black Iron Choppers Ltd;23;4;Largo;;
13628;Black Iron Products;19;3;Largo;;
1340;Black Jack Choppers;19;3;Largo;;
13809;Black Jaguar;12;2;Largo;;
6936;Black Label Choppers;20;3;Largo;;
8842;Black Lightning Aluminum Trailers Ltd.;38;5;Largo;;
13514;Black Mesa Manufacturing;24;3;Largo;;
10523;Black Rhino Trailers;20;3;Largo;;
9979;Black River Boats;17;3;Largo;;
1341;Black River Choppers;20;3;Largo;;
4692;Black Scorpion Off Road;23;4;Largo;;
11964;Black Star;10;2;Largo;;
13729;Black Star Trading;18;3;Largo;;
7666;Black Sunshine Customs;22;3;Largo;;
11294;Black Tea Motorbikes;20;3;Largo;;
1342;Black Tie Manufacturing;23;3;Largo;;
10657;Black Venom;11;2;Largo;;
1343;Black Widow Custom Motorcycle Works;35;5;Largo;;
12058;Blacked Out Carts;17;3;Largo;;
8320;Blackhawk Bikes;15;2;Largo;;
9731;Blackjack Services, Llc;23;3;Largo;;
1344;Blackrock Trailers Corporation;30;3;Largo;;
7928;Blackseries Campers Inc.;24;3;Largo;;
12133;Blackseries Intelligent Equipment Inc.;38;4;Largo;;
1345;Blacksmith Choppers;19;2;Largo;;
1898;Blacksmith Trailers;19;2;Largo;;
1346;Blackstone Trailer Company;26;3;Largo;;
6473;Blackwater;10;1;Largo;;
9491;Blackwater Ironworks, Llc;25;3;Largo;;
8296;Blackwater Target Systems;25;3;Largo;;
8982;Blackwood'S Welding & Trailer Sales;35;5;Largo;;
5517;Blair Trailers;14;2;Largo;;
7307;Blairz Homes;12;2;Largo;;
9430;Blanchat Manufacturing, Inc.;28;3;Largo;;
1349;Blastcrete Equipment;20;2;Largo;;
9935;Blastrac Na Inc.;16;3;Largo;;
11926;Blazer;6;1;Medio;;
8509;Blazing Glory;13;2;Largo;;
1350;Blazing Technologies;20;2;Largo;;
10053;Bleachers International;23;2;Largo;;
1351;Bling'S Cycles;14;2;Largo;;
12027;Blitz Electricride;18;2;Largo;;
12026;Blitz Motors;12;2;Largo;;
11741;Blk Label;9;2;Medio;;
8108;Blockbuster, Inc;16;2;Largo;;
4136;Bloomer Trailer Manufacturing;29;3;Largo;;
6075;Bloomfield Custom Fabrication Inc;33;4;Largo;;
13928;Blp;3;1;Corto;;
12007;Blue Arc;8;2;Medio;;
12671;Blue Barn;9;2;Medio;;
505;Blue Bird;9;2;Medio;;
13932;Blue Collar Products By Design Llc;34;6;Largo;;
13638;Blue Collar Trailers (Bctr);27;4;Largo;;
1397;Blue Coyote;11;2;Largo;;
4161;Blue Coyote Trailers;20;3;Largo;;
13733;Blue Fire Motorsports;21;3;Largo;;
1398;Blue Ghost Cycles;17;3;Largo;;
3947;Blue Lake Industries;20;3;Largo;;
1399;Blue Line Industries;20;3;Largo;;
8004;Blue Mist Holdings;18;3;Largo;;
12201;Blue Mountain Metalworks Llc;28;4;Largo;;
1432;Blue Ribbon Customs;19;3;Largo;;
9691;Blue Ridge Expedition Trailers, Llc;35;5;Largo;;
7741;Blue Ridge Manufacturing;24;3;Largo;;
1433;Blue Ridge Mountain Trailers;28;4;Largo;;
4779;Blue Ridge Trailers;19;3;Largo;;
1434;Blue Steel Axle & Fabrication;29;5;Largo;;
1435;Blue Steel Manufacturing;24;3;Largo;;
7591;Blue Streak Manufacturing Llc;29;4;Largo;;
5139;Blue Thunder Custom Motorcycles Inc.;36;5;Largo;;
9485;Bluebird Trailer;16;2;Largo;;
4644;Bluecar;7;1;Medio;;
10880;Bluefin Trailers;16;2;Largo;;
7609;Bluegrass Industries, Inc;25;3;Largo;;
7550;Bluegrass Tank & Equipment Co, Inc;34;6;Largo;;
3948;Blueline Manufacturing Company;30;3;Largo;;
1453;Blueridge Exotic Transport;26;3;Largo;;
7533;Blueridge Trailer;17;2;Largo;;
1454;Blueridge Trailers;18;2;Largo;;
12669;Bluewater Marine;16;2;Largo;;
11502;Bluff City;10;2;Largo;;
4674;Blum'S Fab & Design;19;4;Largo;;
12334;Bmc;3;1;Corto;;
3949;Bmc Motorcycle Co.;18;3;Largo;;
8488;Bmf Trailer Works, Llc;22;4;Largo;;
11474;Bmfd Product;12;2;Largo;;
1485;Bms;3;1;Corto;;
452;Bmw;3;1;Corto;;
11651;Bnd Trailers Llc;16;3;Largo;;
12497;Bnecozone;9;1;Medio;;
5658;Bnm Trailer Sales;17;3;Largo;;
7980;Bo Manufacturing;16;2;Largo;;
1455;Boathouse Discount Marine Dba Captain'S Choice Trailers;55;7;Largo;;
1456;Boatmate Trailers;17;2;Largo;;
9623;Bob Baxter Welding, Inc.;24;4;Largo;;
12831;Bob Bissell Trucking Llc;24;4;Largo;;
3950;Bob Boersma Co.;15;3;Largo;;
8158;Bob Gerena Fabricating Inc;26;4;Largo;;
1458;Bob'S Custom Creations;22;3;Largo;;
6594;Bob'S Trailer Sales And Service;31;5;Largo;;
9146;Bob'S Used Cars, Inc. Dba Cobra Manufacturing;45;7;Largo;;
6741;Bob'S Welding & Fabrication;27;4;Largo;;
1457;Bobby'S Rule;12;2;Largo;;
9451;Bobcat Trailer Company, Inc.;28;4;Largo;;
14007;Boca Ev;7;2;Medio;;
6052;Bocats;6;1;Medio;;
13672;Bocebike;8;1;Medio;;
5095;Bock Industries;15;2;Largo;;
8539;Bockmann Fahrzeugwerke Gmbh;27;3;Largo;;
8125;Bodeann Inc;11;2;Largo;;
7946;Bodholt Brothers Manufacturing;30;3;Largo;;
11975;Bodinebuilt;11;1;Largo;;
9197;Boggs Steel Fabrication, Inc.;29;4;Largo;;
11817;Bogo;4;1;Corto;;
1459;Bohnenkamp'S Whitewater Customs;31;3;Largo;;
8014;Bohnert Welding;15;2;Largo;;
8786;Boice Marine, Inc;17;3;Largo;;
12230;Boki Concession Trailers;24;3;Largo;;
13546;Bold Trailer Co.;16;3;Largo;;
6325;Bolinger Inc.;13;2;Largo;;
6053;Bollin Tile Stringer;20;3;Largo;;
12434;Bollinger Motors, Inc.;22;3;Largo;;
8060;Bollinger-Onken Inc;19;2;Largo;;
13139;Bolt Ev;7;2;Medio;;
6576;Bomag Paving Products;21;3;Largo;;
12044;Bonacassio Lighting;19;2;Largo;;
9077;Bonanza Trailers;16;2;Largo;;
9742;Bonaparte Usa;13;2;Largo;;
1460;Bonnell Industries;18;2;Largo;;
9543;Bonner Metal & Fabrication, Inc.;32;5;Largo;;
13080;Bontrager Outdoors;18;2;Largo;;
5773;Boom;4;1;Corto;;
10252;Boom Trikes;11;2;Largo;;
1461;Boom Trikes Usa;15;3;Largo;;
1463;Boomer'S Trikes;15;2;Largo;;
13791;Boomerang Marine Trailers;25;3;Largo;;
7620;Boondock Campers Llc;20;3;Largo;;
1464;Boondocker Trailers;19;2;Largo;;
11258;Boonedox;8;1;Medio;;
1465;Boot Hill Trailer;17;3;Largo;;
7808;Booth Specialty Manufacturing;29;3;Largo;;
9192;Bootheel Custom Trailers;24;3;Largo;;
7400;Bootstrap Inc;13;2;Largo;;
13118;Borah;5;1;Medio;;
7058;Borco Trailers;14;2;Largo;;
9123;Borek Brothers Automotive;25;3;Largo;;
12209;Borrego Brothers, Inc;21;3;Largo;;
1528;Boscher;7;1;Medio;;
12687;Bosheng;7;1;Medio;;
13473;Boss;4;1;Corto;;
6000;Boss Equipment Trailer;22;3;Largo;;
1529;Boss Hawg Motorcycles;21;3;Largo;;
1530;Boss Hoss;9;2;Medio;;
11999;Boss Motor;10;2;Largo;;
7757;Boss Powersports;16;2;Largo;;
9936;Boss Products, Inc.;19;3;Largo;;
9325;Boss Trailers;13;2;Largo;;
11908;Boss Vac;8;2;Medio;;
1531;Boss-Ltg;8;1;Medio;;
10915;Bosselman;9;1;Medio;;
8530;Boston Motorcycle Company;25;3;Largo;;
6668;Boston Steel & Mfg. Co.;23;5;Largo;;
13582;Botero;6;1;Medio;;
11751;Botero Carts;12;2;Largo;;
3951;Boulder Choppers;16;2;Largo;;
3952;Boulder Electric Vehicle;24;3;Largo;;
1573;Boulder Electroride;19;2;Largo;;
6669;Boulding & Lawson, Inc.;23;4;Largo;;
12020;Boulton Built;13;2;Largo;;
12241;Bounce Back Services;20;3;Largo;;
14087;Boundless Recreation;20;2;Largo;;
5081;Bourbon Trailer;15;2;Largo;;
1574;Bourbon Trailers;16;2;Largo;;
7294;Bourg Chemical Distributing, Inc;32;4;Largo;;
6654;Bourget'S;9;1;Medio;;
3953;Bovine Pedicure Industries;26;3;Largo;;
11683;Bowe Metal Fabrication & Repair Inc.;36;6;Largo;;
1575;Bowe-Built;10;1;Largo;;
3954;Bowie Industries;16;2;Largo;;
1576;Bowlus Road Chief;17;3;Largo;;
7424;Bowman Manufacturing Co., Inc.;30;4;Largo;;
12274;Boxabl Inc.;11;2;Largo;;
6672;Boxed Utility Trailer Technologies;34;4;Largo;;
1578;Boxes Creek Fabricating & Welding;33;5;Largo;;
13548;Boxhouse;8;1;Medio;;
1579;Boydstun Metal Works;20;3;Largo;;
1580;Boylan Signature;16;2;Largo;;
1581;Boz Designs / Taylormade Trailers;33;5;Largo;;
13326;Bozeman Trailers;16;2;Largo;;
1582;Bq Grills;9;2;Medio;;
11321;Braaap Motorcycles;18;2;Largo;;
9365;Braco Trailers;14;2;Largo;;
10011;Brad'S Welding Shop, Llc;24;4;Largo;;
10013;Bradanna;8;1;Medio;;
8578;Bradford #1;11;2;Largo;;
6674;Bradford Built;14;2;Largo;;
6054;Bradley;7;1;Medio;;
10750;Brady Mfg, Llc;14;3;Largo;;
11793;Brahma;6;1;Medio;;
1583;Brain Unlimited;15;2;Largo;;
6055;Brainard Kilman Drill Company;29;4;Largo;;
1585;Brammo;6;1;Medio;;
9945;Brand M, Llc;12;3;Largo;;
11777;Brands Built;12;2;Largo;;
13338;Brandt;6;1;Medio;;
9359;Brandy Industries;17;2;Largo;;
1586;Brass Knuckle Choppers;22;3;Largo;;
8191;Braun;5;1;Medio;;
1587;Braun Northwest;15;2;Largo;;
5456;Brave;5;1;Medio;;
13121;Bravo;5;1;Medio;;
1588;Bravo Trailers;14;2;Largo;;
1589;Bravo Trailers Inc.;19;3;Largo;;
13707;Bravo Zulu;10;2;Largo;;
7810;Braxton Creek;13;2;Largo;;
4678;Braxton Trailers;16;2;Largo;;
8666;Bray'S Metal Works;18;3;Largo;;
8384;Brazier Trailers;16;2;Largo;;
4962;Brazos;6;1;Medio;;
10310;Brazosironworks;15;1;Largo;;
11386;Brb;3;1;Corto;;
4630;Brc Custom Coaches & Trailers;29;5;Largo;;
8545;Break-A-Way, Inc.;17;2;Largo;;
10742;Breakpoint Offroad;18;2;Largo;;
605;Breckenridge;12;1;Largo;;
3452;Breedlove Motor Works Inc;25;4;Largo;;
11542;Breeze;6;1;Medio;;
13010;Breezy;6;1;Medio;;
13094;Breezy Ev Llc / Shelby;22;5;Largo;;
7626;Brehmer;7;1;Medio;;
10918;Bremach;7;1;Medio;;
13263;Bremark;7;1;Medio;;
5683;Brenderup Trailers;18;2;Largo;;
8089;Brenner;7;1;Medio;;
1590;Brenner Tank;12;2;Largo;;
6976;Brenner/Beall/Lafayette;23;1;Largo;;
9922;Brenon Custom Cycles;20;3;Largo;;
9230;Brent Industries, Inc.;22;3;Largo;;
7087;Bresee Manufacturing;20;2;Largo;;
1629;Brewer Automotive Equipment;27;3;Largo;;
3965;Brewer Cote Southwest;21;3;Largo;;
5433;Briab;5;1;Medio;;
13258;Brian James Trailers;20;3;Largo;;
8405;Brians Choppers;15;2;Largo;;
9393;Brians Welding Service;22;3;Largo;;
1630;Bridge City Cycles;18;3;Largo;;
12729;Bridger Fabrication Llc;23;3;Largo;;
9812;Bridgewater Steel Llc;21;3;Largo;;
11949;Brightdrop;10;1;Largo;;
13984;Brikar;6;1;Medio;;
10777;Brilliant Creative Campers;26;3;Largo;;
1631;Brimstone Cycles;16;2;Largo;;
7263;Brindle Products, Inc.;22;3;Largo;;
5548;Britton;7;1;Medio;;
1632;Brm Trailers;12;2;Largo;;
9525;Broadway Choppers;17;2;Largo;;
10043;Broadwind Energy;16;2;Largo;;
7021;Brock'S Field Service Fabrication;33;4;Largo;;
10953;Brock'S Trailers;16;2;Largo;;
13372;Brockway Mini Homes;19;3;Largo;;
1650;Broken Bonz;11;2;Largo;;
13300;Brokereasier;12;1;Largo;;
13425;Bronco Cart;11;2;Largo;;
13711;Bronton;7;1;Medio;;
3966;Brooks Brothers;15;2;Largo;;
9591;Brooks Sales And Engineering, Inc.;34;5;Largo;;
7316;Brother'S Fleet Service;23;3;Largo;;
3967;Brotherhood Cycles;18;2;Largo;;
1767;Brothers Body And Equipment;27;4;Largo;;
13906;Brothers Carts;14;2;Largo;;
1653;Brothers Equipment;18;2;Largo;;
9596;Brothers Industries Inc.;24;3;Largo;;
5805;Brougham Bridger;16;2;Largo;;
1070;Brower Equipment Sales;22;3;Largo;;
10508;Brown & Hubert Contracting Llc;30;5;Largo;;
5140;Brown & Reese Enterprises, Inc.;31;5;Largo;;
6546;Brown Equipment Company;23;3;Largo;;
1071;Brown Industries;16;2;Largo;;
6804;Brown Manufacturing;19;2;Largo;;
7223;Brown'S Welding And Steel Inc. Dba North Force Mfg.;51;9;Largo;;
6520;Brownell Boat Trailers, Inc.;28;4;Largo;;
8193;Brownell Hydraulic Trailers Inc;31;4;Largo;;
1072;Broyhill;8;1;Medio;;
4766;Brp;3;1;Corto;;
11418;Brs Offroad;11;2;Largo;;
14116;Bruce Transporters / Evolve;27;4;Largo;;
9686;Bruder Expedition;17;2;Largo;;
1316;Bruder Trailers;15;2;Largo;;
1073;Brumby Iron Horse Cycles;24;4;Largo;;
1074;Brumley Manufacturing;21;2;Largo;;
4741;Brumley'S Welding;17;2;Largo;;
8248;Brunner'S Fabrication, Inc.;27;3;Largo;;
1078;Bruno Independent Living Aids;29;4;Largo;;
1079;Bruno Trailer Co.;17;3;Largo;;
6618;Brunswick Trailers Plus And Marine Inc.;39;6;Largo;;
8456;Brute Engineering Company, Inc.;31;4;Largo;;
1080;Bruton Manufacturing;20;2;Largo;;
4865;Brutus;6;1;Medio;;
6419;Bryan Poage Inc.;16;3;Largo;;
9005;Bryant Enterprises, Inc.;24;3;Largo;;
1081;Bryant Trailers;15;2;Largo;;
7185;Bryant'S Trailers, Inc;22;3;Largo;;
10870;Brylamon;8;1;Medio;;
1082;Bsc Motorsports;15;2;Largo;;
10963;Bt;2;1;Corto;;
11967;Bt Trailers Llc;15;3;Largo;;
6125;Bt&T;4;1;Corto;;
12125;Btl;3;1;Corto;;
5421;Btm;3;1;Corto;;
9845;Btr;3;1;Corto;;
4866;Bubble Buddy;12;2;Largo;;
7597;Buchanan Welding;16;2;Largo;;
9880;Buck;4;1;Corto;;
1085;Buck Dandy;10;2;Largo;;
7470;Buckbilt Trailers, Inc.;23;3;Largo;;
11585;Buckeye;7;1;Medio;;
8895;Buckeye Carriage;16;2;Largo;;
1087;Buckeye Fire;12;2;Largo;;
8055;Buckeye Trailer Mfg. Co.;24;4;Largo;;
10195;Buckeye Truck Equipment Inc.;28;4;Largo;;
1088;Buckner Trailers;16;2;Largo;;
10728;Buckshot Mfg;12;2;Largo;;
11875;Buckstop Truckware, Inc;23;3;Largo;;
12063;Buckwild;8;1;Medio;;
6001;Bud Antle Inc;13;3;Largo;;
590;Buell;5;1;Medio;;
446;Buell (Ebr);11;2;Largo;;
13876;Buffalo Aluminum Designs;24;3;Largo;;
961;Buffalo Choppers;16;2;Largo;;
4703;Buffalo Trailer Manufacturing;29;3;Largo;;
8068;Buffalo Truck Equipers, Inc;27;4;Largo;;
7425;Bug Motors;10;2;Largo;;
454;Bugatti;7;1;Medio;;
468;Buick;5;1;Medio;;
1090;Build 2020;10;2;Largo;;
4666;Built By Koch;13;3;Largo;;
8352;Built Right;11;2;Largo;;
5685;Built Rite;10;2;Largo;;
9800;Built Rite Cookers Llc;22;4;Largo;;
7440;Built Rite Trailers Of Nebraska, Inc;36;6;Largo;;
12684;Built Trailers;14;2;Largo;;
8817;Built Wright, Llc;17;3;Largo;;
12354;Built-Rite;10;1;Largo;;
12819;Built-Rite Forestry Equipment Llc;33;4;Largo;;
8999;Built-Rite Trailer;18;2;Largo;;
7920;Built-Rite Trailers, Inc;24;3;Largo;;
11172;Builtt;6;1;Medio;;
12647;Builtware;9;1;Medio;;
9155;Builtwright Fabrications & Con.;31;4;Largo;;
6975;Bulk;4;1;Corto;;
5525;Bulk Fabricated Products;24;3;Largo;;
1092;Bulk Tank International;23;3;Largo;;
1093;Bulk Tek Manufacturing;22;3;Largo;;
12137;Bull Chassis;12;2;Largo;;
11293;Bull Creek;10;2;Largo;;
9582;Bull Cycles;11;2;Largo;;
9653;Bull Dawg Trailer;17;3;Largo;;
12855;Bull Head Trailers;18;3;Largo;;
4880;Bull Manufacturing Llc;22;3;Largo;;
1094;Bull Stout Manufacturing;24;3;Largo;;
7733;Bull-Dawg Trailers;18;2;Largo;;
10603;Bulldog;7;1;Medio;;
4537;Bulldog Carts;13;2;Largo;;
5587;Bulldog Steel Fabrication Llc;29;4;Largo;;
10970;Bulldog Trailers;16;2;Largo;;
8573;Bulldog Trailers Inc.;21;3;Largo;;
6516;Bulldog Trailerworks;20;2;Largo;;
11088;Bullet;6;1;Medio;;
1095;Bulletproof Trailers;20;2;Largo;;
4949;Bullhead Steel Fabricators, Llc;31;4;Largo;;
7489;Bullmobile Trailers Inc;23;3;Largo;;
12833;Bullston;8;1;Medio;;
7216;Bully Brand Trailers;20;3;Largo;;
8542;Bumper Bar Products;19;3;Largo;;
7815;Bundit;6;1;Medio;;
9562;Bunkhouses;10;1;Largo;;
11602;Buonoco Mfr.;12;2;Largo;;
5047;Burch Body Works, Inc.;22;4;Largo;;
1097;Burch Tank & Truck;18;4;Largo;;
4774;Burch Welding & Tank;20;4;Largo;;
1098;Burchland Mfg.;14;2;Largo;;
9387;Burdick Bros. Machine & Repair;30;5;Largo;;
9711;Burk'S Best Mfg Llc;19;4;Largo;;
1100;Burke Enterprises;17;2;Largo;;
3969;Burke'S Welding;15;2;Largo;;
5686;Burkett'S Autorama;18;2;Largo;;
9504;Burlingame Industries, Inc.;27;3;Largo;;
6098;Burns Mfg.;10;2;Largo;;
9087;Burrell Enterprises;19;2;Largo;;
6688;Burro Travel Trailers, Llc;26;4;Largo;;
6911;Burtek Incorporated;19;2;Largo;;
7297;Busby International, Inc.;25;3;Largo;;
10745;Bush Lapa;9;2;Medio;;
12605;Bush Trailer;12;2;Largo;;
6002;Bushman;7;1;Medio;;
7586;Bushmaster Of Mexico S.A. De C.V.;33;6;Largo;;
8064;Bushtec;7;1;Medio;;
1101;Bushtec Products;16;2;Largo;;
8983;Bushtee Manufacturing & Sales Inc.;34;5;Largo;;
7583;Bushwakka;9;1;Medio;;
599;Busscar;7;1;Medio;;
6466;Butler Trailer Mfg. West, Inc.;30;5;Largo;;
5141;Butler Trailer Sales;20;3;Largo;;
12863;Butte Buildouts;15;2;Largo;;
7354;Buttler Built;13;2;Largo;;
4546;Buy Enterprise;14;2;Largo;;
9977;Buz'S Equipment;15;2;Largo;;
11223;Buzz Bodies;11;2;Largo;;
10323;Bvf Trailer;11;2;Largo;;
10976;Bvsw;4;1;Corto;;
12835;Bw Sauna;8;2;Medio;;
5411;Bwi;3;1;Corto;;
4746;Bwise Manufacturing;19;2;Largo;;
7002;Bws Trailer;11;2;Largo;;
4596;Bxr;3;1;Corto;;
1103;Byc;3;1;Corto;;
1991;Byd;3;1;Corto;;
1107;Bye-Rite Trailer Sales;22;3;Largo;;
8555;Byw Trailers;12;2;Largo;;
11505;C & A Trailers Llc;18;5;Largo;;
6478;C & B Trailers Manufacturing Llc;32;6;Largo;;
1111;C & C Ent. Customs;18;5;Largo;;
6106;C & C Mfg.;10;4;Largo;;
8036;C & C Trailer & Body Co., Inc.;30;8;Largo;;
1112;C & C Trailer Manufacturing;27;5;Largo;;
3982;C & C Trailers;14;4;Largo;;
6132;C & D Trailers;14;4;Largo;;
8870;C & H Manufacturing Inc;23;5;Largo;;
8189;C & H Quality Trailer Sales;27;6;Largo;;
6689;C & H Trailers, Inc.;20;5;Largo;;
8103;C & M Fabrication;17;4;Largo;;
7355;C & M Fabrications, Inc;23;5;Largo;;
5142;C & M Trailers;14;4;Largo;;
9269;C & O Manufacturing;19;4;Largo;;
1114;C & P Engineering And Manufacturing;35;6;Largo;;
6942;C & S Choppers;14;4;Largo;;
9011;C & S Farms;11;4;Largo;;
6454;C & S Trailer Depot, Inc.;25;6;Largo;;
9467;C & S Trailer World;19;5;Largo;;
9084;C & W Enterprises;17;4;Largo;;
8624;C & W Trailers;14;4;Largo;;
10006;C And A Motors, Llc;19;5;Largo;;
3983;C And C Tooling;15;4;Largo;;
11067;C And P;7;3;Medio;;
12822;C And R;7;3;Medio;;
10264;C And S Custom Cycles;21;5;Largo;;
1119;C B Repair & Trailer Maintenance;32;6;Largo;;
6113;C F Welding & Mfg Inc;21;6;Largo;;
7212;C M Mart, Inc (Phantom Trailers);32;6;Largo;;
6336;C N Power Systems Inc;21;5;Largo;;
12378;C Trailers Llc;14;3;Largo;;
10215;C W Welding;11;3;Largo;;
1122;C&B Manufacturing (Hitchdoc);28;3;Largo;;
3970;C&B Quality Trailer Works;25;4;Largo;;
9993;C&C Fluid Power Llc;19;4;Largo;;
12311;C&C Industries Inc.;19;3;Largo;;
12273;C&C Manufacturing Co;20;3;Largo;;
5439;C&M Trailers Inc;16;3;Largo;;
7892;C&P Trailer Sales;17;3;Largo;;
1115;C&R Metalworks;14;2;Largo;;
1116;C&W Industries;14;2;Largo;;
1117;C&W Manufacturing And Sales Co.;31;5;Largo;;
4646;C&W Trailers;12;2;Largo;;
7940;C-All Mfg., Inc.;16;3;Largo;;
8907;C-C Enterprise;14;2;Largo;;
2045;C-Hawk Trailers;15;2;Largo;;
7207;C-R Cheetah Race Cars;21;4;Largo;;
5524;C-Trail;7;1;Medio;;
1130;C.C. Ironworks;14;2;Largo;;
9298;C.C. Rider Trailer Co.;22;4;Largo;;
6494;C.C.E. Technologies, Inc.;25;3;Largo;;
9307;C.D. Spectrum Inc.;18;3;Largo;;
3984;C.E. Smith Company;18;3;Largo;;
5055;C.E.I. Truck And Ag. Equipment;30;5;Largo;;
3985;C.F.'S Welding Service & Custom Built Trailers;46;7;Largo;;
10449;C.Gallegos;10;1;Largo;;
5691;C.H. Custom Coach;17;3;Largo;;
5802;C.P.S.;6;1;Medio;;
7311;C.R. Warren Manufacturing;25;3;Largo;;
7034;C.V. Inc;8;2;Medio;;
1133;C.W. Services;13;2;Largo;;
4955;C3 Design;9;2;Medio;;
7082;C3 Welding;10;2;Largo;;
5407;C4 Welding;10;2;Largo;;
8029;Cabin Craft Inc;15;3;Largo;;
13940;Cabinpro Construction Llc;25;3;Largo;;
8531;Cabins In The Mountains;23;4;Largo;;
7783;Cable Pulling Equipment Inc;27;4;Largo;;
12005;Cache Camper Mfg. Inc;21;4;Largo;;
12324;Caci;4;1;Corto;;
9090;Cactus Metal Works;18;3;Largo;;
9838;Cad Industries;14;2;Largo;;
469;Cadillac;8;1;Medio;;
3986;Cagiva Motor S.P.A;18;3;Largo;;
1906;Cajas Y Semiremolques Blatz;27;4;Largo;;
9971;Cajun Fab;9;2;Medio;;
6345;Cajun Gear Inc;14;3;Largo;;
9239;Cajun Machine & Welding, Inc.;29;5;Largo;;
6346;Cajun Trailer And Farm Mfg.;27;5;Largo;;
8953;Cajun Trailers & Fabrication Inc.;33;5;Largo;;
10077;Cake;4;1;Corto;;
6497;Cal Central Catering Trailers;29;4;Largo;;
9970;Cal-Tex Trailers;16;2;Largo;;
8213;Cal-Trailer Mfg;15;2;Largo;;
6347;Calaveras Mfg. Inc.;19;3;Largo;;
1018;Calcross;8;1;Medio;;
1021;Calder Brothers;15;2;Largo;;
3987;Calhome;7;1;Medio;;
13706;Cali Concession Trailers;24;3;Largo;;
8619;Cali Custom Trailers;20;3;Largo;;
8499;Caliber Boat Trailers;21;3;Largo;;
3988;Calico Trailer;14;2;Largo;;
2940;California;10;1;Largo;;
10995;California Concession Innovations;33;3;Largo;;
11684;California Custom Concession Trailers Llc;41;5;Largo;;
3989;California Live Floors;22;3;Largo;;
6348;California Metal Works;22;3;Largo;;
7385;California Motorcycle Company (Cmc);35;4;Largo;;
1022;California Performance Iron;27;3;Largo;;
1024;California Scooter;18;2;Largo;;
5705;California Sidecar;18;2;Largo;;
13935;California Solution Trailers Llc;32;4;Largo;;
12296;California Tiny House, Inc.;27;4;Largo;;
1089;California Trailer Works;24;3;Largo;;
9055;California'S Custom Concession Trailers;39;4;Largo;;
13096;Californo, Corp.;16;2;Largo;;
13725;Calinox;7;1;Medio;;
1096;Callahan Custom Choppers;24;3;Largo;;
4595;Calmarc Cabs;12;2;Largo;;
11076;Calmotors;9;1;Medio;;
4694;Calnan Enterprises;18;2;Largo;;
10993;Caltec Llc;10;2;Largo;;
13039;Cam Industries Llc;18;3;Largo;;
1109;Cam Superline;13;2;Largo;;
5437;Cam-Concept;11;1;Largo;;
13028;Camelot;7;1;Medio;;
11089;Cameo;5;1;Medio;;
6756;Cameron And Sons Welding;24;4;Largo;;
11439;Camex;5;1;Medio;;
1885;Cami;4;1;Corto;;
9356;Camits Industries, Inc.;23;3;Largo;;
5778;Camp;4;1;Corto;;
8310;Camp N Boat;11;3;Largo;;
6044;Camp-Let;8;1;Medio;;
4974;Camp365;7;1;Medio;;
1118;Campa International;19;2;Largo;;
5301;Campagna;8;1;Medio;;
9284;Campbell & Kelly Inc.;21;4;Largo;;
1145;Campbell Supply Co.;19;3;Largo;;
13740;Campbound;9;1;Medio;;
7042;Camper Exchange;15;2;Largo;;
6580;Camper Product Inc;18;3;Largo;;
1163;Campers Choice;14;2;Largo;;
10465;Campfire Homes;14;2;Largo;;
14029;Campinawe;9;1;Medio;;
11703;Camppad;7;1;Medio;;
10936;Campworks;9;1;Medio;;
591;Can-Am;6;1;Medio;;
1184;Canada Trailers Manufacturing;29;3;Largo;;
1196;Canadian Electric Vehicles;26;3;Largo;;
12132;"Canadian Load Divider Dollies Inc. (""Cldd"")";43;6;Largo;;
4742;Canage Custom Trailers;22;3;Largo;;
1201;Canajoharie Customs;19;2;Largo;;
8221;Cancade Company Limited;23;3;Largo;;
3990;Cannondale Corporation;22;2;Largo;;
6170;Canoetote;9;1;Medio;;
12144;Canoo;5;1;Medio;;
12612;Canyon Trailer;14;2;Largo;;
1206;Canyon Trailers;15;2;Largo;;
12235;Canyonland Coach;16;2;Largo;;
11578;Caofen;6;1;Medio;;
811;Capacity Trucks;15;2;Largo;;
5534;Capco;5;1;Medio;;
8115;Cape Fear Manufacturing, Llc;28;4;Largo;;
930;Capital Automotive;18;2;Largo;;
3991;Capital Industrial;18;2;Largo;;
931;Capital Pump & Equipment;24;4;Largo;;
1261;Capital Trailer;15;2;Largo;;
7345;Capitol Packaging;17;2;Largo;;
944;Capone;6;1;Medio;;
8621;Capstone;8;1;Medio;;
945;Capstone Commerce;17;2;Largo;;
864;Car Mate Trailers;17;3;Largo;;
865;Car Replica Trailers;20;3;Largo;;
7827;Car Twin Trailers Inc;21;4;Largo;;
9225;Car*Mate Trailers;17;2;Largo;;
10009;Car-Tex Trailer Company Inc.;28;4;Largo;;
10524;Carapace Campers;16;2;Largo;;
8138;Carbo Tech, Inc;15;3;Largo;;
9326;Carbodies;9;1;Medio;;
11090;Carbon;6;1;Medio;;
866;Cardale Industries;18;2;Largo;;
3201;Cardel;6;1;Medio;;
5143;Carder'S Custom Cycles;22;3;Largo;;
867;Cardinal;8;1;Medio;;
10225;Cardinal Trailer;16;2;Largo;;
8727;Care Ind;8;2;Medio;;
8726;Care Industries Ltd;19;3;Largo;;
12258;Caredi;6;1;Medio;;
3992;Carefree Custom Cycles;22;3;Largo;;
9795;Caretta, Llc;12;2;Largo;;
868;Carga Facil;11;2;Largo;;
9717;Cargo - Vc;10;3;Largo;;
3993;Cargo America;13;2;Largo;;
6806;Cargo Craft ,Inc.;17;3;Largo;;
11608;Cargo Express Trailers;22;3;Largo;;
10002;Cargo Masters Trailer Mfg & Sales;33;6;Largo;;
9024;Cargo Plus;10;2;Largo;;
7488;Cargo Pro, Inc;14;3;Largo;;
878;Cargo South;11;2;Largo;;
889;Cargo Trailer Sales;19;3;Largo;;
12314;Cargo United, Llc;17;3;Largo;;
7685;Cargo-Liner Inc;15;2;Largo;;
895;Caribean;8;1;Medio;;
13409;Carisma Trailers;16;2;Largo;;
6686;Carlin Manufacturing, Inc.;26;3;Largo;;
12824;Carlsons;8;1;Medio;;
1295;Carlton Professional Tree Equipment;35;4;Largo;;
13310;Carmex;6;1;Medio;;
11682;Carmona Prestige Homes;22;3;Largo;;
8385;Carnai Trailers Inc.;20;3;Largo;;
946;Carolina Boats & Cars;21;4;Largo;;
10931;Carolina Carriage;17;2;Largo;;
947;Carolina Choppers;17;2;Largo;;
12375;Carolina Classic;16;2;Largo;;
9549;Carolina Custom Mfg.;20;3;Largo;;
950;Carolina Custom Products;24;3;Largo;;
994;Carolina Equipment & Supply;27;4;Largo;;
5144;Carolina Equipment Sales, Inc.;30;4;Largo;;
998;Carolina Growler;16;2;Largo;;
921;Carolina Hitch & Truck;22;4;Largo;;
9350;Carolina Running Gear;21;3;Largo;;
6893;Carolina Running Gear (Tri-State Industries);44;5;Largo;;
1000;Carolina Services;17;2;Largo;;
12515;Carolina Steelworks, Llc;24;3;Largo;;
926;Carolina Trailers & Equipment;29;4;Largo;;
8613;Carolina Trailers Direct, Llc;29;4;Largo;;
1009;Carolina Trikes & Minis;23;4;Largo;;
10333;Carranza Trailers;17;2;Largo;;
1622;Carriage;8;1;Medio;;
13036;Carriages;9;1;Medio;;
6722;Carrier Systems, Llc;20;3;Largo;;
9415;Carrier Trailer Mfg.;20;3;Largo;;
7112;Carrier Transports, Inc;23;3;Largo;;
1330;Carrocerias Ayats;17;2;Largo;;
1625;Carrocerias De Lucio;20;3;Largo;;
7478;Carrocerias Fehr;16;2;Largo;;
1627;Carrocerias Gallegos;20;2;Largo;;
5145;Carron Truck Repair Ltd;23;4;Largo;;
4933;Carry-On Trailer;16;2;Largo;;
6799;Carson Trailer;14;2;Largo;;
9666;Carson'S Trailer Manufacturing;30;3;Largo;;
1621;Cart Company;12;2;Largo;;
12695;Cart Haulers;12;2;Largo;;
8582;Cart Kings;10;2;Largo;;
7293;Cart Masters Inc.;17;3;Largo;;
7183;Cart-Away Concrete;18;2;Largo;;
7102;Carter Brothers Mfg. Co. Inc;28;5;Largo;;
9493;Carter Trailers;15;2;Largo;;
6620;Carter'S Fabrication & Design Co;32;5;Largo;;
4697;Carts Unlimited;15;2;Largo;;
1661;Cartservices;12;1;Largo;;
6482;Cary Cart Company;17;3;Largo;;
1660;Cary Faas Racing Dba Cfrinc;27;5;Largo;;
5146;Cascade Custom Manufacturing Inc.;33;4;Largo;;
7981;Cascade General Inc;19;3;Largo;;
3996;Cascade Trailer & Truck;23;4;Largo;;
6136;Cascadian Co;12;2;Largo;;
3997;Cascon Transportation Equipment;31;3;Largo;;
1659;Casinjac;8;1;Medio;;
8584;Casita Enterprises, Inc.;24;3;Largo;;
7484;Casper'S Carts;14;2;Largo;;
7350;Castle Motorcycle;17;2;Largo;;
1658;Castlerock Motorcycles;22;2;Largo;;
8961;Cat Trailers;12;2;Largo;;
1711;Cata - Marine;13;3;Largo;;
6003;Catalina Marina;15;2;Largo;;
5147;Catamaran Cruisers;18;2;Largo;;
522;Caterpillar;11;1;Largo;;
7340;Cates;5;1;Medio;;
8543;Cato Customs;12;2;Largo;;
5071;Catolac;7;1;Medio;;
1712;Cattle Country Equipment;24;3;Largo;;
9716;Cavalier - Vc;13;3;Largo;;
11193;Cawley Creek;12;2;Largo;;
12796;Cawley Creek Trailer;20;3;Largo;;
13420;Cazgircazgir-Toccazgir Cryogenics;33;2;Largo;;
3998;Cazzani Custom Cycles;21;3;Largo;;
11784;Cc;2;1;Corto;;
5542;Cc Cycles;9;2;Medio;;
11270;Cc Lsv;6;2;Medio;;
10813;Cc Tiny;7;2;Medio;;
1713;Cc Trikes & Custom Bikes;24;5;Largo;;
13009;Cc Welding & Sandblasting Services Llc;38;6;Largo;;
2693;Ccc;3;1;Corto;;
7821;Ccg Corporation;15;2;Largo;;
12609;Cd Pmf;6;2;Medio;;
8750;Cdf Trailers;12;2;Largo;;
5488;Cdh Industries;14;2;Largo;;
1714;Cdk Mobile Systems, Inc.;24;4;Largo;;
642;Cdm;3;1;Corto;;
1715;Cds Corp.;9;2;Medio;;
9188;Ceco Equipment Inc.;19;3;Largo;;
12906;Cecza;5;1;Medio;;
8129;Cedar Crest Park Homes Inc;26;5;Largo;;
10746;Cedar Ridge;11;2;Largo;;
1716;Cee-Jay Tool Company;20;3;Largo;;
1717;Cei Equipment Company, Inc.;27;4;Largo;;
13474;Cell Caravan;12;2;Largo;;
11912;Celltech;8;1;Medio;;
11951;Celltech Trailers;17;2;Largo;;
3999;Cellxion;8;1;Medio;;
11736;Celtic;6;1;Medio;;
6045;Cementech;9;1;Medio;;
13993;Cenflo Marine;13;2;Largo;;
11551;Cenntro;7;1;Medio;;
3340;Centauro;8;1;Medio;;
1718;Centech Specialty Vehicles;26;3;Largo;;
11058;Center Creek Teardrops;22;3;Largo;;
7086;Center Line Fabricators, Inc;28;4;Largo;;
11004;Centerfold;10;1;Largo;;
1719;Centex;6;1;Medio;;
11185;Centex Smokers;14;2;Largo;;
6765;Centinela State Prison;22;3;Largo;;
7979;Central Alabama Trailer & Truck Equipment;41;6;Largo;;
9932;Central Florida Boat Trailers;29;4;Largo;;
1720;Central Florida Choppers;24;3;Largo;;
8587;Central Florida Trailers Sales, Inc.;36;5;Largo;;
8427;Central Montana Panels;22;3;Largo;;
1721;Central Ms Custom Built Trailers;32;5;Largo;;
1722;Central Ohio Fabrication;24;3;Largo;;
5148;Central Parts Welding, Llc;26;4;Largo;;
9477;Central Power Systems And Services;34;5;Largo;;
4004;Central Purchasing;18;2;Largo;;
1723;Central Star Manufacturing;26;3;Largo;;
6447;Central Tank Of Oklahoma, Inc.;30;5;Largo;;
8171;Central Trailer Corp;20;3;Largo;;
1724;Centralia Machine & Fab;23;4;Largo;;
6047;Centreville Tag-A-Long Trailers;31;3;Largo;;
4005;Centurion;9;1;Medio;;
5274;Century Built;13;2;Largo;;
8976;Century Metal Products;22;3;Largo;;
8879;Century Products Co.;20;3;Largo;;
1726;Century Tank & Trailer;22;4;Largo;;
5576;Century Trailer Company;23;3;Largo;;
12382;Cerberus;8;1;Medio;;
1769;Cerberus Trikes;15;2;Largo;;
1770;Cerda Industries;16;2;Largo;;
11152;Cerr-Tex Trailers;17;2;Largo;;
7378;Certified Advanced Technologies, Inc;36;4;Largo;;
8366;Cet Trailers;12;2;Largo;;
11721;Cfmoto;6;1;Medio;;
11148;Cft;3;1;Corto;;
11330;Cft Eco2;8;2;Medio;;
11329;Cft Trailers;12;2;Largo;;
8146;Cgm Fabrications;16;2;Largo;;
1772;Cgs Premier;11;2;Largo;;
4875;Ch Trailer Company;18;3;Largo;;
5024;Chad Fuller Construction, Inc.;30;4;Largo;;
1773;Chahta Enterprise Metal Fabrication;35;4;Largo;;
494;Chairiot Mobility;17;2;Largo;;
1774;Chalet Rv;9;2;Medio;;
7236;Chalet Rv Manufacturing;23;3;Largo;;
4992;Challenger Motorcycles;22;2;Largo;;
1822;Challenger Trailer;18;2;Largo;;
1827;Challenger Trailers;19;2;Largo;;
6143;Chameleon Transportation Systems Inc;36;4;Largo;;
13704;Champ;5;1;Medio;;
6049;Champagne;9;1;Medio;;
5931;Champion;8;1;Medio;;
11868;Champion (Ct Industries Llc);28;4;Largo;;
1828;Champion Bridge;15;2;Largo;;
557;Champion Bridge Company;23;3;Largo;;
7794;Champion Home Builders Co;25;4;Largo;;
10198;Champion Home Builders Inc.;27;4;Largo;;
6050;Champion Manufacturing Inc;26;3;Largo;;
556;Champion Telecom;16;2;Largo;;
8736;Champion Trailer;16;2;Largo;;
8137;Champion Trailer Company;24;3;Largo;;
708;Champion Trailer Works;22;3;Largo;;
555;Champion Trike;14;2;Largo;;
5772;Chance Coach;12;2;Largo;;
10222;Chance Rides;12;2;Largo;;
1830;Chance Trailer Manufacturing & Sales;36;5;Largo;;
6051;Chancey;7;1;Medio;;
4024;Chandler Custom Cycles;22;3;Largo;;
7797;Chandler Mfg., Inc;18;3;Largo;;
1831;Chandler Originals;18;2;Largo;;
4026;Changshu Light Motorcycle Factory;33;4;Largo;;
4652;Changzhou Kwang Yang Motor Co.;30;5;Largo;;
8365;Chanje;6;1;Medio;;
9876;Chaos Metal Worxs;17;3;Largo;;
7118;Chaparral Trailers Of Iowa;26;4;Largo;;
4615;Chapman Custom Manufacturing;28;3;Largo;;
2006;Chapman Enterprise, Llc.;24;3;Largo;;
6353;Char-Kan Sales;14;2;Largo;;
12126;Charactercarts;14;1;Largo;;
13128;Charge Rigs;11;2;Largo;;
2078;Charger;7;1;Medio;;
5149;Chariot Eagle West;18;3;Largo;;
2007;Chariot Manufacturing;21;2;Largo;;
2008;Charles Blass Welding, Llc;26;4;Largo;;
2010;Charles Machine Works, Inc.;27;4;Largo;;
4027;Charleston Marine Containers;28;3;Largo;;
4557;Charleston Trailer;18;2;Largo;;
2038;Charlotte County Custom Cycles, Inc.;36;5;Largo;;
2041;Charlotte Custom Cycles, Llc;28;4;Largo;;
13516;Charmac;7;1;Medio;;
2011;Charmac Trailers;16;2;Largo;;
2043;Chart, Inc.;11;2;Largo;;
2044;Chase Trailers, Llc;19;3;Largo;;
13167;Chassis King;12;2;Largo;;
8180;Chatham Enterprises;19;2;Largo;;
10699;Chavez;6;1;Medio;;
13025;Checker;7;1;Medio;;
13491;Cheerdmoto;10;1;Largo;;
4222;Cheeta;6;1;Medio;;
4029;Cheetah Chassis;15;2;Largo;;
1833;Cheetah Trikes;14;2;Largo;;
6468;Chemguard;9;1;Medio;;
4030;Chengfei Motorcycle Manufacturing;33;3;Largo;;
9612;Cherokee Manufacturing Co.;26;3;Largo;;
9627;Chessline, Inc.;15;2;Largo;;
2056;Chester Built Trailers;22;3;Largo;;
2061;Chester County Customs, Llc;27;4;Largo;;
13255;Cheval Liberte;14;2;Largo;;
467;Chevrolet;9;1;Medio;;
2062;Chica Custom Cycles;19;3;Largo;;
9521;Chicago Pneumatic;17;2;Largo;;
4889;Chicago Scooter Company;23;3;Largo;;
7566;Chief Fire;10;2;Largo;;
4035;Chief Transportation Products;29;3;Largo;;
2063;Chilton Manufacturing Corp.;27;3;Largo;;
11373;Chilton Trailers;16;2;Largo;;
2066;Chimera Kustom Carts;20;3;Largo;;
2067;Chimera Kustom Choppers;23;3;Largo;;
5982;Chin Yuan Chi Casting Corp;26;5;Largo;;
2148;China Baotian Motorcycle;24;3;Largo;;
2149;China Off-Road Products, Inc.;29;4;Largo;;
2150;China Qingqi Group Inc.;23;4;Largo;;
8571;China Taishan Group;19;3;Largo;;
13247;Chinook;7;1;Medio;;
13185;Chite;5;1;Medio;;
4036;Chlorinators & Controls;23;3;Largo;;
6562;Choctaw Trailers;16;2;Largo;;
2153;Choice Trailers Manufacturing;29;3;Largo;;
1372;Chongqing Hi-Bird Motorcycle;28;3;Largo;;
11583;Chongqing Huanghe / Massimo;27;4;Largo;;
1375;Chongqing Huansong Industries;29;3;Largo;;
1377;Chongqing Kaier Motorcycle;26;3;Largo;;
4044;Chongqing Kington Industry Group;32;4;Largo;;
1428;Chongqing Rato;14;2;Largo;;
4738;Chongqing Zongshen Automobile Industry;38;4;Largo;;
9849;Chongqing Zongshen Automotive Industry Co., Ltd.;48;6;Largo;;
4074;Chongquing Dajiang Motorcycles;30;3;Largo;;
9726;Chop Boyz;9;2;Medio;;
3329;Chop Shop;9;2;Medio;;
7877;Chop Shop Customs;17;3;Largo;;
1501;Chopper Alley Llc;17;3;Largo;;
1505;Chopper City;12;2;Largo;;
4076;Chopper Designs;15;2;Largo;;
8417;Chopper Kings Llc;17;3;Largo;;
1507;Chopper Nation, Inc;19;3;Largo;;
1510;Chopper Works Cycles;20;3;Largo;;
8517;Chopper Works Performance Motorcycles;37;4;Largo;;
4075;Chopperhead Road;16;2;Largo;;
1515;Choppers East;13;2;Largo;;
7582;Choppers Only;13;2;Largo;;
1516;Chops And Bobbers, Llc;22;4;Largo;;
6090;Chrisman Corporation;20;2;Largo;;
1521;Christen Brothers, Inc;22;3;Largo;;
6578;Christiansen Welding & Machine, Inc.;36;5;Largo;;
4103;Christianson Systems;20;2;Largo;;
1524;Christini Awd;13;2;Largo;;
8773;Chronic Choppers;16;2;Largo;;
477;Chrysler;8;1;Medio;;
7998;Chuck Wagon Industries;22;3;Largo;;
1537;Chucks Wagons;13;2;Largo;;
1540;Chunfeng;8;1;Medio;;
1544;Churchill Holdings, Inc;23;3;Largo;;
9909;Churchill Manufacturing;23;2;Largo;;
1547;Chuy'S C&5 Trailers;19;3;Largo;;
11310;Cicero Brothers;15;2;Largo;;
1551;Cif Industries, Inc;19;3;Largo;;
1554;Cikira Rv, Llc;14;3;Largo;;
1557;Cimarron Trailers, Inc.;23;3;Largo;;
1388;Cimc;4;1;Corto;;
1561;Cimc Reefer Trailer,Inc;23;3;Largo;;
4101;Cimc Vehicles Group Co;22;4;Largo;;
13064;Cinco Estrellas Marquez Trailers;32;4;Largo;;
1563;Cirbin Inc.;11;2;Largo;;
10869;Circle 8;8;2;Medio;;
12821;Circle A;8;2;Medio;;
13941;Circle B Trailers;17;3;Largo;;
13767;Circle C;8;2;Medio;;
4100;Circle City Choppers;20;3;Largo;;
4104;Circle D Trailers;17;3;Largo;;
5150;Circle G Trailers;17;3;Largo;;
9608;Circle H Trailer Company;24;4;Largo;;
4105;Circle H Trailers;17;3;Largo;;
9315;Circle J;8;2;Medio;;
1646;Circle J Trailers;17;3;Largo;;
10889;Circle L;8;2;Medio;;
10230;Circle M;8;2;Medio;;
7937;Circle M Trailers;17;3;Largo;;
4624;Circle N Trailers;17;3;Largo;;
4106;Circle R Trailer Manufacturing;30;4;Largo;;
4969;Circle R Trailers;17;3;Largo;;
11541;Circle Tm Trailers;18;3;Largo;;
9004;Circle W Trailer Mfg Inc;24;5;Largo;;
12408;Circle W Trailers;17;3;Largo;;
1647;Circus City Custom Cycles;25;4;Largo;;
10294;Cis;3;1;Corto;;
13062;Citiview;8;1;Medio;;
12455;Citroen;7;1;Medio;;
12543;City Coco;9;2;Medio;;
6039;City Trailers;13;2;Largo;;
7196;City-El;7;1;Medio;;
4120;Cixi Kingring Motorcycle Co;27;4;Largo;;
9204;Cj;2;1;Corto;;
7035;Cj Cargo Inc;12;3;Largo;;
7262;Cj'S Trailers;13;2;Largo;;
4137;Cjay Trailers Inc.;18;3;Largo;;
12519;Cjc Customs;11;2;Largo;;
12937;Cjz Custom;10;2;Largo;;
1665;Ck Power;8;2;Medio;;
5406;Ck Trailers;11;2;Largo;;
13063;Cl Fab;6;2;Medio;;
1666;Cl Whigham;10;2;Largo;;
1673;Clackacraft Drift;17;2;Largo;;
7329;Clackamas Body And Equipment;28;4;Largo;;
9976;Clarion Motors Corp.;20;3;Largo;;
1676;Clark Trailer Service;21;3;Largo;;
9449;Clark Trailers;14;2;Largo;;
1677;Clarks Welding;14;2;Largo;;
13881;Clasica Llc;11;2;Largo;;
8887;Class Trailer Manufacturing;27;3;Largo;;
4128;Classic;7;1;Medio;;
8229;Classic Acquisitions Llc;24;3;Largo;;
1679;Classic Design Trailers;23;3;Largo;;
7473;Classic Golf Cart Company, Inc;30;5;Largo;;
13334;Classic Legends;15;2;Largo;;
6591;Classic Mc;10;2;Largo;;
5151;Classic Motor Works;19;3;Largo;;
1921;Classic Motorcycles & Sidecars;30;4;Largo;;
6880;Classic Roadsters;17;2;Largo;;
9572;Classic Sports Cars;19;3;Largo;;
5345;Classic Tows;12;2;Largo;;
4138;Classic Trailers;16;2;Largo;;
1682;Classic Trailers Sd;19;3;Largo;;
7164;Classic Trailers, Inc;21;3;Largo;;
9723;Classic Trolley;15;2;Largo;;
9103;Classic Welding;15;2;Largo;;
5499;Classy Chassis Campers;22;3;Largo;;
1728;Clay'S Trailer Sales;20;3;Largo;;
8940;Claypoole Specialties;21;2;Largo;;
13126;Clayton Tiny Homes;18;3;Largo;;
1729;Clc;3;1;Corto;;
1738;Clean - Tech;12;3;Largo;;
1739;Clear Cut Fabrication;21;3;Largo;;
10380;Clearblast;10;1;Largo;;
7607;Clearspring Conversions, Inc.;29;3;Largo;;
1741;Cleasby Conveyors;17;2;Largo;;
12351;Clegg Industries;16;2;Largo;;
5405;Clement Industries;18;2;Largo;;
9401;Clenet;6;1;Medio;;
13024;Clenet Coachworks;17;2;Largo;;
1742;Cleveland Cyclewerks;20;2;Largo;;
6394;Cleveland Motorcycle Manufacturing Co;37;4;Largo;;
6624;Cleveland T-Trike Manufacturing, Inc.;37;4;Largo;;
4562;Cliff'S Welding Service;23;3;Largo;;
6627;Cliff'S Welding Service, Llc;28;4;Largo;;
10702;Clifton;7;1;Medio;;
8205;Cloud;5;1;Medio;;
9886;Cloud 9 Trailers;16;3;Largo;;
484;Club Car;8;2;Medio;;
10470;Club Car Precedent;18;3;Largo;;
11923;Clw9021Xlg;10;1;Largo;;
10258;Cm;2;1;Corto;;
11735;Cm Trailers;11;2;Largo;;
1746;Cm&W;4;1;Corto;;
1749;Cmd Powersystems;16;2;Largo;;
8523;Cmg Custom Trailers, Inc.;25;4;Largo;;
682;Cmi;3;1;Corto;;
1750;Cmi Terex;9;2;Medio;;
8339;Cmmc Machine, Inc.;18;3;Largo;;
10556;Cmp;3;1;Corto;;
4139;Cms Welding;11;2;Largo;;
11357;Cmw;3;1;Corto;;
1751;Cnc Trailers Fabrication;24;3;Largo;;
12224;Cnj;3;1;Corto;;
5152;Coachcraft Technologies, Llc;28;3;Largo;;
5335;Coachmen;8;1;Medio;;
489;Coachworks;10;1;Largo;;
12838;Coachworks1260 Llc;18;2;Largo;;
10327;Coahuila;8;1;Medio;;
10015;Coal Mountain;13;2;Largo;;
11481;Coal Region Trailers;20;3;Largo;;
13349;Coala;5;1;Medio;;
6041;Coast;5;1;Medio;;
12205;Coast 2 Coast;13;3;Largo;;
4152;Coast 2 Coast Choppers;22;4;Largo;;
8618;Coast Autonomous;16;2;Largo;;
9010;Coast Container Corporation;27;3;Largo;;
10028;Coastal Car;11;2;Largo;;
11025;Coastal Carolina Golf Carts / Icon;34;6;Largo;;
1752;Coastal Industries;18;2;Largo;;
8647;Coastal Metal Fab, Inc.;23;4;Largo;;
1756;Coastal Production Systems;26;3;Largo;;
8711;Coastal Trailers;16;2;Largo;;
13482;Coastline Lsv;13;2;Largo;;
1757;Coastline Manufacturing;23;2;Largo;;
10901;Coastline Power Solutions;25;3;Largo;;
1775;Coastline Trailer;17;2;Largo;;
1776;Coastline Trailer Mfg;21;3;Largo;;
8009;Coastline Trailers;18;2;Largo;;
7099;Cobra Cars;10;2;Largo;;
4657;Cobra Industries;16;2;Largo;;
11217;Cobra Industries Llc;20;3;Largo;;
4601;Cobra Mfg;9;2;Medio;;
6734;Cobra Motorhomes & Trailers, Inc.;33;5;Largo;;
8073;Cobra Racing Products Inc;25;4;Largo;;
9297;Coburn Equipment & Repairs;26;4;Largo;;
7916;Cochise Custom Cycles;21;3;Largo;;
1777;Coda;4;1;Corto;;
10804;Coffee Creek Mfg Llc;20;4;Largo;;
9238;Coffeeville Trailer Manufacturing, Inc.;39;4;Largo;;
1784;Coffey Mfg;10;2;Largo;;
13406;Cogsun;6;1;Medio;;
1786;Cohen Metals Group;18;3;Largo;;
4458;Coker Enterprises;17;2;Largo;;
1788;Cole Customs;12;2;Largo;;
6774;Cole Steel;10;2;Largo;;
11948;Cole'S Master;13;2;Largo;;
1138;Coleman;7;1;Medio;;
4153;Coleman Custom Choppers;23;3;Largo;;
8596;Colfax Trailer & Repair, Llc;28;5;Largo;;
1789;Colla Trailers;14;2;Largo;;
1791;Colliers Custom Cycles;22;3;Largo;;
7871;Collin-Arndt Trailer Manufacturing Inc;38;4;Largo;;
5777;Collins;7;1;Medio;;
7594;Collins Trailers;16;2;Largo;;
552;Collins Welding;15;2;Largo;;
5633;Colorado;8;1;Medio;;
9823;Colorado Backcountry Trailers, Llc;34;4;Largo;;
8322;Colorado Custom Center, Inc.;28;4;Largo;;
4659;Colorado Teardrop Trailers;26;3;Largo;;
5788;Colt;4;1;Corto;;
7328;Colt Trailer Mfg. Co.;21;4;Largo;;
9727;Columbia;8;1;Medio;;
1246;Columbia Basin Trailers;23;3;Largo;;
1793;Columbia Industries;19;2;Largo;;
1795;Columbia Northwest;18;2;Largo;;
4895;Colvin Motorcycle Company;25;3;Largo;;
6773;Com-Fab Inc.;12;2;Largo;;
9319;Comanche Trailers;17;2;Largo;;
10975;Combat;6;1;Medio;;
4527;Combat Support Products;23;3;Largo;;
5153;Combs Trailer Manufacturing;27;3;Largo;;
6293;Comet;5;1;Medio;;
1804;Comfort Camper;14;2;Largo;;
13377;Comfort Hoof Care;17;3;Largo;;
5497;Comfort Station;15;2;Largo;;
1808;Comforts Of Home Services;25;4;Largo;;
10562;Comm / Light Tower;18;4;Largo;;
5009;Commander;9;1;Medio;;
4456;Commander Scrv;14;2;Largo;;
11606;Commander Trailers;18;2;Largo;;
8306;Commercial Manufacturing & Industrial, Co.;42;5;Largo;;
7008;Commercial Mobile Systems;25;3;Largo;;
5804;Commercial Structures;21;2;Largo;;
1820;Commercial Trailer;18;2;Largo;;
9539;Commercial Vehicles Cv;22;3;Largo;;
7905;Commodore Homes Of Indiana;26;4;Largo;;
4668;Commodore Trailers;18;2;Largo;;
1821;Common Sense Cotton Systems;27;4;Largo;;
9912;Communications Vehicle Service;30;3;Largo;;
1834;Compact Construction;20;2;Largo;;
1835;Compair Usa;11;2;Largo;;
5423;Compaks;7;1;Medio;;
8869;Companion Trailer Company;25;3;Largo;;
1836;Companion Trailers;18;2;Largo;;
13288;Compass;7;1;Medio;;
1839;Compass North;13;2;Largo;;
11685;Compass Point Trailers;22;3;Largo;;
11611;Compass Trailers;16;2;Largo;;
1843;Competition Bodyworks;21;2;Largo;;
9112;Competition Trailers;20;2;Largo;;
10375;Complete Dewatering;19;2;Largo;;
1844;Complete Fleet Services;23;3;Largo;;
13268;Complete Trailer Solutions;26;3;Largo;;
1845;Compliance Assurance Associates;31;3;Largo;;
1846;Comprehensive Communication Services;36;3;Largo;;
7581;Comptank;8;1;Medio;;
9542;Computer Designed Chassis Inc.;30;4;Largo;;
1881;Con-Way Manufacturing;21;2;Largo;;
5324;Concar;6;1;Medio;;
1847;Concept Products;16;2;Largo;;
4455;Conception Metavic;18;2;Largo;;
9215;Concession;10;1;Largo;;
9753;Concession Corp.;16;2;Largo;;
10354;Concho;6;1;Medio;;
4540;Concho Choppers;15;2;Largo;;
12759;Concho Equipment & Services;27;4;Largo;;
9808;Concord Road Equipment, Mfg.;28;4;Largo;;
11039;Condessa;8;1;Medio;;
3268;Condor;6;1;Medio;;
4155;Condux International;20;2;Largo;;
10754;Conestoga Wagon Company, Llc;28;4;Largo;;
6480;Confederate;11;1;Largo;;
13206;Confluence;10;1;Largo;;
1867;Conley Fabrication;18;2;Largo;;
13215;Connect;7;1;Medio;;
1242;Conner Farm And Ranch Supply;28;5;Largo;;
10960;Conqueror;9;1;Medio;;
4873;Conqueror Trailer;17;2;Largo;;
11435;Conqueror Trans;15;2;Largo;;
13512;Conquest;8;1;Medio;;
4934;Conquest Trikes;15;2;Largo;;
12494;Consolidated;12;1;Largo;;
7022;Construcciones Industriales El-Ar, S.A. De C.V.;47;6;Largo;;
12696;Construction Haulers;20;2;Largo;;
13902;Construction Haulers (Cwi);26;3;Largo;;
1868;Construction Trailer Specialists;32;3;Largo;;
10249;Consulier;9;1;Medio;;
5557;Consulier Gtp;13;2;Largo;;
9241;Container Enterprise;20;2;Largo;;
10590;Container Moving Solutions;26;3;Largo;;
8090;Contec;6;1;Medio;;
7517;Contech;7;1;Medio;;
1869;Contemporary Classic Cars (Ccc);31;4;Largo;;
1870;Continental Biomass Industries;30;3;Largo;;
4507;Continental Mixer;17;2;Largo;;
3610;Continental Trailers;20;2;Largo;;
1871;Contract Manufacturer;21;2;Largo;;
1872;Contract Welding And Fabricating;32;4;Largo;;
6768;Contractors Specialties Company/Water Works;43;4;Largo;;
1873;Contree Sprayer And Equipment;29;4;Largo;;
8420;Convey-All Industries Inc;25;3;Largo;;
5914;Convoy;6;1;Medio;;
13179;Conway Axle;11;2;Largo;;
10299;Cook County Welding & Machine;29;5;Largo;;
7683;Cooke'S Trailer Manufacturing;29;3;Largo;;
1884;Cookshack;9;1;Medio;;
6690;Cool Carriers Custom Trailers;29;4;Largo;;
4178;Cool City Customs;17;3;Largo;;
4770;Cool City Inc;13;3;Largo;;
8493;Coonyz Customz;14;2;Largo;;
459;Cooper Cycles;13;2;Largo;;
8279;Cooper Equipment, Inc;21;3;Largo;;
8519;Coose Trailer Mfg Inc;21;4;Largo;;
676;Copper River Fabricators;24;3;Largo;;
6646;Copper State Cycles;19;3;Largo;;
678;Copperhead Trailers;19;2;Largo;;
6798;Copy Catt Trailers;18;3;Largo;;
10008;Coral Oilfield Services Inc.;28;4;Largo;;
679;Coras Welding Shop, Inc.;24;4;Largo;;
5154;Corbin Motors;13;2;Largo;;
9349;Corey Enterprises, Inc.;23;3;Largo;;
9844;Corey Machine Company;21;3;Largo;;
9372;Corn Belt Manufacturing Co., Inc.;33;5;Largo;;
12303;Cornell;7;1;Medio;;
688;Cornerstone Manufacturing;25;2;Largo;;
5404;Cornerstone Tiny Homes;22;3;Largo;;
9412;Corona Ltd. Dba Baron'S Trailer Sales;37;6;Largo;;
11513;Corpus Trailers;15;2;Largo;;
691;Corratti Choppers;17;2;Largo;;
6192;Correct Craft Inc;17;3;Largo;;
12807;Corterra;8;1;Medio;;
11363;Cortes;6;1;Medio;;
5155;Corullo Forest Products Corporation;35;4;Largo;;
13089;Corvel Food Trailers;20;3;Largo;;
11814;Cosentino Motor Company,Llc.;28;3;Largo;;
11984;Cosmi;5;1;Medio;;
9167;Cosmo Truck Equipment, Inc.;27;4;Largo;;
12750;Costa Carts;11;2;Largo;;
5042;Costin Sports Car;17;3;Largo;;
693;Cotner;6;1;Medio;;
12482;Cottrell;8;1;Medio;;
11093;Cougar;6;1;Medio;;
11843;Couger Manufacturing;20;2;Largo;;
672;Count'S Kustoms;15;2;Largo;;
6009;Country Boy Mfg.;16;3;Largo;;
7387;Country Boy Trailers;20;3;Largo;;
462;Country Coach;13;2;Largo;;
694;Country Pride Trailers;22;3;Largo;;
8657;Country Sales And Service;25;4;Largo;;
613;Country Stones;14;2;Largo;;
616;Country Trailers;16;2;Largo;;
634;Country Wagon Trailers;22;3;Largo;;
8770;Country Welding;15;2;Largo;;
659;Countryside Welding;19;2;Largo;;
677;County Line Choppers;20;3;Largo;;
6740;County Line Trailer Co.;23;4;Largo;;
8440;County Road Trailers;20;3;Largo;;
4826;County Road Trailers Llc;24;4;Largo;;
8301;Courtney Berg Industries Ltd;28;4;Largo;;
8181;Covered Body;12;2;Largo;;
6356;Covered Wagon Trailers;22;3;Largo;;
8407;Covington Cycle City Llc;24;4;Largo;;
7162;Cowboy Coaches;14;2;Largo;;
8663;Cowboy Fabrication, Co;22;3;Largo;;
4215;Cowboy Trading Company Inc;26;4;Largo;;
702;Cowboy Trailer;14;2;Largo;;
7321;Cowboy Trailers;15;2;Largo;;
707;Cowboys Kustoms;15;2;Largo;;
12008;Cowell Built Trailers;21;3;Largo;;
7281;Cowell Custom Trailers;22;3;Largo;;
7548;Cowtown Customs And Cobras, Inc;31;5;Largo;;
10046;Cowtown Trailers And Tires;26;4;Largo;;
4809;Cox Fabrication, Inc.;21;3;Largo;;
716;Coyne Oil;9;2;Medio;;
10081;Coyote Mfg Co.;14;3;Largo;;
723;Coyote Mfg Co. Trailers;23;4;Largo;;
726;Coyote Mfg Llc Trailers;23;4;Largo;;
5389;Coyote Welding;14;2;Largo;;
1519;Cozad;5;1;Medio;;
4216;Cozad Trailer Sales;19;3;Largo;;
7452;Cp Industries, Inc.;19;3;Largo;;
5350;Cpat Distribution, Inc.;23;3;Largo;;
732;Cpi;3;1;Corto;;
14015;Cps 6400 Llc;12;3;Largo;;
6277;Cps Trailer Company;19;3;Largo;;
6913;Cr Specialty Manufacturing;26;3;Largo;;
9622;Crafco Inc.;11;2;Largo;;
714;Crafton Equipment;17;2;Largo;;
6284;Craftsmen Industries, Inc.;26;3;Largo;;
6010;Craig Systems Corporation;25;3;Largo;;
734;Craig Welding;13;2;Largo;;
9624;Craig'S Custom Fabricating;26;3;Largo;;
10263;Crandall;8;1;Medio;;
739;Crane Carrier;13;2;Largo;;
4454;Crane Carrier Company (Ccc);27;4;Largo;;
615;Crane Hill;10;2;Largo;;
617;Craneworks;10;1;Largo;;
6579;Cranford Radiator Inc.;22;3;Largo;;
4943;Crary;5;1;Medio;;
4217;Crary A Div Of Terramarc Industries;35;6;Largo;;
618;Crary Agricultural Solutions;28;3;Largo;;
11911;Cratebox;8;1;Medio;;
5376;Crater Trailers Of La, Llc;26;5;Largo;;
619;Crazy Dago Customs;18;3;Largo;;
620;Crazy Horse Iron;16;3;Largo;;
11666;Crazy Monkey Food Trailers;26;4;Largo;;
625;Crc Cemetery Services;21;3;Largo;;
4008;Create A Custom Cycle;21;4;Largo;;
627;Create-A-Custom Cycles;22;2;Largo;;
5689;Creation Design;15;2;Largo;;
629;Creative Coachworks;19;2;Largo;;
9364;Creative Coachworks Inc.;24;3;Largo;;
4009;Creative Custom Manufacturing;29;3;Largo;;
4010;Creative Cycles;15;2;Largo;;
6601;Creative Hot Rods;17;3;Largo;;
4011;Creative Mobile Systems;23;3;Largo;;
630;Creative Sports Supply;22;3;Largo;;
7675;Creative Trailer Concepts;25;3;Largo;;
6683;Creek Hill Welding;18;3;Largo;;
8723;Creekside Welding & Jamar Trailers;34;5;Largo;;
633;Creep Cycle Works;17;3;Largo;;
9565;Creighton'S Trailers;20;2;Largo;;
709;Crescent Manufacturing;22;2;Largo;;
712;Criminal Choppers Of Az;23;4;Largo;;
713;Criminal Customs;16;2;Largo;;
4012;Criminalistics;14;1;Largo;;
7918;Crismon Mobile Classics;23;3;Largo;;
10158;Criterion;9;1;Medio;;
9693;Criterion Trailers Llc;22;3;Largo;;
6685;Croft Trailer Supply;20;3;Largo;;
7060;Cromwell;8;1;Medio;;
717;Cronkhite Industries;20;2;Largo;;
721;Crooked River Choppers;22;3;Largo;;
724;Crop Master Trailers;20;3;Largo;;
6011;Cropp Welding & Fabrication;27;4;Largo;;
5969;Crosley;7;1;Medio;;
7967;Crosley Trailers;16;2;Largo;;
4013;Crosley Trailers, Inc;21;3;Largo;;
725;Cross Cleaning Solutions;24;3;Largo;;
680;Cross Country;13;2;Largo;;
11958;Cross Country Mfg.;18;3;Largo;;
9329;Cross Industries Inc.;21;3;Largo;;
8660;Cross Lander Of North America Inc.;34;6;Largo;;
10978;Cross Roads;11;2;Largo;;
879;Cross Trailer;13;2;Largo;;
4913;Cross Trailers;14;2;Largo;;
2156;Crossed Pistons;15;2;Largo;;
12936;Crosshair;9;1;Medio;;
5566;Crossman;8;1;Medio;;
1300;Crossroad Rv / Redwood Rv;25;5;Largo;;
897;Crossroads;10;1;Largo;;
9552;Crossroads Industries;21;2;Largo;;
6515;Crossroads Manufacturing;24;2;Largo;;
11881;Crossroads Quality Distribution;31;3;Largo;;
5003;Crow Fabrication, Llc;21;3;Largo;;
7025;Crowd Pleasers, Inc;19;3;Largo;;
9463;Crowe Co.;9;2;Medio;;
13845;Crown;5;1;Medio;;
5113;Crown Coach Corporation;23;3;Largo;;
7557;Crown Custom Trailers,Inc;25;3;Largo;;
4017;Crown Energy Technologies;25;3;Largo;;
4879;Crown Food Carts Incorporated;29;4;Largo;;
10724;Crownline;9;1;Medio;;
902;Crp Racing;10;2;Largo;;
12313;Crucial, Inc;12;2;Largo;;
10647;Cruise;6;1;Medio;;
8457;Cruise Air;10;2;Largo;;
906;Cruise Car;10;2;Largo;;
8461;Cruise Master;13;2;Largo;;
9901;Cruise N Camp;13;3;Largo;;
4597;Cruise N Snooze Inc.;20;4;Largo;;
11094;Cruiser;7;1;Medio;;
7369;Cruisers Mfg, Inc (Cmi);23;4;Largo;;
12459;Cruse Trailer Mfg;17;3;Largo;;
1245;Crustbuster;11;1;Largo;;
6415;Crux Expedition Trailers;24;3;Largo;;
7208;Cruzer;6;1;Medio;;
6803;Cryenco, Inc.;13;2;Largo;;
7551;Cryogenic Vessel Alternatives (Cva);35;4;Largo;;
13581;Cryolor;7;1;Medio;;
1248;Cryotech;8;1;Medio;;
1251;Crystal Welding;15;2;Largo;;
1214;Crysteel Manufacturing;22;2;Largo;;
10440;Cs&P Technologies;17;2;Largo;;
11494;Csc Trailers, Llc;17;3;Largo;;
11981;Cse Trailers;12;2;Largo;;
11309;Csirius;7;1;Medio;;
13786;Css;3;1;Corto;;
1258;Ct Coachworks;13;2;Largo;;
1259;Ct Fabrication;14;2;Largo;;
11536;Ct&E, Llc;9;2;Medio;;
1224;Ct&T America;12;2;Largo;;
1352;Ctj Trailers;12;2;Largo;;
6043;Ctm;3;1;Corto;;
1355;Ctm Customs;11;2;Largo;;
11753;Cts Trailers;12;2;Largo;;
6807;Cube Manufacturing;18;2;Largo;;
11772;Cube Series Rv;14;3;Largo;;
3499;Cubelite;8;1;Medio;;
4016;Cuddle Shuttle;14;2;Largo;;
7832;Cumberland Adventure Trailers, Llc;34;4;Largo;;
12992;Cumberland Camper;17;2;Largo;;
1361;Cumberland County Custom Cycles;31;4;Largo;;
6031;Cumberland Farms;16;2;Largo;;
13650;Curley Brothers Trailers Llc;28;4;Largo;;
1365;Currahee Trailers;17;2;Largo;;
1369;Current Motor Company;21;3;Largo;;
1381;Curry Customs;13;2;Largo;;
1384;Curry Supply;12;2;Largo;;
7496;Curt'S Welding;14;2;Largo;;
9162;Curtis Industries, Inc.;23;3;Largo;;
1211;Curtis Welding;14;2;Largo;;
9059;Curtiss;7;1;Medio;;
7079;Cushman;7;1;Medio;;
6633;Cusitec;7;1;Medio;;
5010;Custom;6;1;Medio;;
6518;Custom Airboat Trailers;23;3;Largo;;
692;Custom Amusement Products;25;3;Largo;;
5156;Custom Bikes Of Lauderdale;26;4;Largo;;
6376;Custom Bikeworks Inc;20;3;Largo;;
6810;Custom Built Ag. Industries Ltd.;32;5;Largo;;
8985;Custom Built Products Inc.;26;4;Largo;;
4020;Custom Built Trailers;21;3;Largo;;
5157;Custom Chassis Inc.;19;3;Largo;;
636;Custom Choppers By Otis;23;4;Largo;;
637;Custom Chopperwerks;19;2;Largo;;
638;Custom Components And Structures;32;4;Largo;;
639;Custom Concessions Trailers;27;3;Largo;;
8765;Custom Cottages;15;2;Largo;;
9029;Custom Covers;13;2;Largo;;
1032;Custom Crank Down Fish Houses;29;5;Largo;;
640;Custom Cut Fabrication;22;3;Largo;;
4021;Custom Cycle Carrier;20;3;Largo;;
641;Custom Cycle Studio;19;3;Largo;;
3036;Custom Cycle Studio Llc;23;4;Largo;;
643;Custom Design;13;2;Largo;;
10896;Custom Design Park Model Homes;30;5;Largo;;
9041;Custom Designed, Inc.;21;3;Largo;;
644;Custom Engineered Products;26;3;Largo;;
9294;Custom Equipment Builders, Inc.;31;4;Largo;;
6012;Custom Equipment Co Inc;23;4;Largo;;
8990;Custom Equipment Sales Inc.;27;4;Largo;;
646;Custom Expansion Fabricators;28;3;Largo;;
648;Custom Fabrication And Equipment;32;4;Largo;;
8919;Custom Fabricators, Inc.;24;3;Largo;;
649;Custom Farm And Ranch Supply;28;5;Largo;;
650;Custom Fire Apparatus;21;3;Largo;;
5549;Custom Fit Trailers;19;3;Largo;;
11709;Custom Food;11;2;Largo;;
6013;Custom Haul;11;2;Largo;;
6015;Custom Hauler;13;2;Largo;;
7636;Custom Iron Workz;17;3;Largo;;
8620;Custom Kayak Trailers;21;3;Largo;;
6110;Custom Line Campers;19;3;Largo;;
651;Custom Marine Components;24;3;Largo;;
652;Custom Max Trailers;19;3;Largo;;
7467;Custom Metal Projects;21;3;Largo;;
8370;Custom Mfg.;11;2;Largo;;
653;Custom Mobile Designs;21;3;Largo;;
7145;Custom Mobile Food Equipment;28;4;Largo;;
11943;Custom Mobile Sauna;19;3;Largo;;
4023;Custom Motorcycle Works;23;3;Largo;;
654;Custom Pits And Fabrication;27;4;Largo;;
4022;Custom Pull Trailer;19;3;Largo;;
655;Custom Services;15;2;Largo;;
6096;Custom Tank Technology;22;3;Largo;;
7450;Custom Trailer Company;22;3;Largo;;
8317;Custom Trailers;15;2;Largo;;
7336;Custom Trailers Inc;19;3;Largo;;
7409;Custom Trailers Of Texas;24;4;Largo;;
9270;Custom Trailers, Inc.;21;3;Largo;;
6966;Custom Trikes, Inc.;19;3;Largo;;
10624;Custom Truck Body & Equipment, Inc.;35;6;Largo;;
12257;Custom Upfits;13;2;Largo;;
9049;Custom Welded Frame;19;3;Largo;;
9286;Custom Welding And Trailers;27;4;Largo;;
8404;Custom Welding, Inc.;20;3;Largo;;
8025;Custom-Fab;10;1;Largo;;
8253;Customized Utility Trailers;27;3;Largo;;
13888;Custompro Trailers;18;2;Largo;;
8489;Cutlass;7;1;Medio;;
13017;Cutting Edge;12;2;Largo;;
12039;Cutting Edge Trailers;21;3;Largo;;
13990;Cv Welding;10;2;Largo;;
10840;Cvr;3;1;Corto;;
5671;Cw Welding And Fabrication, Llc;31;5;Largo;;
9458;Cx Automotive;13;2;Largo;;
9361;Cy-Corp Enterprises, Inc.;25;3;Largo;;
6574;Cycle Concepts Inc.;19;3;Largo;;
8678;Cycle Hauler;12;2;Largo;;
7876;Cycle Products;14;2;Largo;;
656;Cyclestream;11;1;Largo;;
657;Cyclone;7;1;Medio;;
11904;Cyclone, Fuel, Gravity, Road Warrior, Torque, & Torque Tt, Lithium;66;10;Largo;;
658;Cyclops Trike Components;24;3;Largo;;
6622;Cygnus Manufacturing Company (Cmc);34;4;Largo;;
10920;Cyltex;6;1;Medio;;
661;Cynergy Cargo;13;2;Largo;;
10617;Cynergy Cargo2 Llc;18;3;Largo;;
662;Cytec Trailers;14;2;Largo;;
8922;Cz Engineering, Inc.;20;3;Largo;;
10256;Czinger;7;1;Medio;;
8830;D & D Industries;16;4;Largo;;
670;D & D Repair And Fabrication;28;6;Largo;;
7744;D & D Sales;11;4;Largo;;
6109;D & D Speed;11;4;Largo;;
664;D & D Trailers & Equipment;26;6;Largo;;
5119;D & D Trailers Inc.;19;5;Largo;;
6016;D & G Welding;13;4;Largo;;
6111;D & H Enterprises;17;4;Largo;;
6112;D & H Truck Equipment Inc;25;6;Largo;;
8116;D & J Fabricating Llc;21;5;Largo;;
9040;D & K Trailers;14;4;Largo;;
665;D & M Marketing Inc.;20;5;Largo;;
666;D & M Trailers;14;4;Largo;;
667;D & N Trailers;14;4;Largo;;
668;D & P Welding;13;4;Largo;;
669;D & S Trailer Builders;22;5;Largo;;
7380;D & S Trailer Sales;19;5;Largo;;
8794;D & S Trailers And Manufacturing Inc.;37;7;Largo;;
8398;D And A Custom;14;4;Largo;;
8267;D Hart Designs Inc;18;4;Largo;;
10615;D Master;8;2;Medio;;
11343;D Squared;9;2;Medio;;
9399;D T Supply;10;3;Largo;;
11153;D&A Welding And Fabrication;27;4;Largo;;
663;D&B Cycle Parts & Accessories;29;5;Largo;;
13147;D&B Fabricators;15;2;Largo;;
13140;D&D;3;1;Corto;;
8708;D&D Machine And Welding;23;4;Largo;;
6440;D&D Metal Works And Powder Coating;34;6;Largo;;
695;D&D Trailers;12;2;Largo;;
7053;D&L Trailers;12;2;Largo;;
7769;D&R Metal Fab. Inc.;19;4;Largo;;
11444;D&S Equipment;13;2;Largo;;
4078;D'S Fiberglass;14;2;Largo;;
8374;D-Lux Trailer Sales Inc;23;4;Largo;;
696;D.G.C. Trailer Sales;20;3;Largo;;
6745;D.J. Trailers And Welding;25;4;Largo;;
697;D.K. Hostetler;14;2;Largo;;
11233;D.R.M. Trailers;15;2;Largo;;
698;D.R.T;5;1;Medio;;
10770;Da;2;1;Corto;;
10878;Da Car;6;2;Medio;;
13790;Da'Tiny Homes;13;2;Largo;;
11486;Dab Motors;10;2;Largo;;
6746;Dabco Fabrication;17;2;Largo;;
9964;Dac;3;1;Corto;;
13294;Dach;4;1;Corto;;
13254;Dachi Golf Cart;15;3;Largo;;
9233;Dacus Manufacturing Inc.;24;3;Largo;;
5094;Daechang Motors Company Limited;31;4;Largo;;
6658;Daelim Motor Co., Ltd;21;4;Largo;;
1077;Daewoo;6;1;Medio;;
13426;Dafu;4;1;Corto;;
13644;Dahe;4;1;Corto;;
699;Daigle Brothers;15;2;Largo;;
7494;Daigle Trailers;15;2;Largo;;
847;Daihatsu;8;1;Medio;;
7863;Dailey Trailers Inc;19;3;Largo;;
10285;Daimler;7;1;Medio;;
1811;Daix;4;1;Corto;;
4045;Dakan Mountain Teardrop Trailers;32;4;Largo;;
5427;Dakota Airboats;15;2;Largo;;
12532;Dakota Cabins Of Texas;22;4;Largo;;
9274;Dakota Corporation;18;2;Largo;;
8859;Dakota Litehouse, Llc;21;3;Largo;;
700;Dakota Manufacturing Co. / Trail-Eze;36;5;Largo;;
13129;Dakota Metal Solutions;22;3;Largo;;
701;Dakota Motorcycle Co.;21;3;Largo;;
5512;Dakota Motorcycles U.S.A. Inc;29;4;Largo;;
4907;Dakota Trailers;15;2;Largo;;
7802;Dal-Fab & Machine, Inc;22;4;Largo;;
7923;Dale'S Welding Sales;20;3;Largo;;
703;Dallas Smith Corporation;24;3;Largo;;
6017;Dameron;7;1;Medio;;
4553;Damon;5;1;Medio;;
12468;Damon Motors;12;2;Largo;;
5159;Dan Gurney Alligator Motorcycles, Inc.;38;5;Largo;;
8732;Dan Hudon Sales, Inc.;21;4;Largo;;
748;Dan'S Golf Car And Trailer Sales;32;6;Largo;;
6781;Dan'S Repair & Mfg.;19;4;Largo;;
7001;Danco;5;1;Medio;;
704;Danco Products;14;2;Largo;;
7504;Danco Trailer Sales;19;3;Largo;;
6433;Dandea Enterprises, Inc.;24;3;Largo;;
737;Dandy Digger & Supply, Inc.;27;5;Largo;;
8883;Daniel B. Shirk Welding Shop;28;5;Largo;;
6783;Daniel J. Essenpreis Mfg.;25;4;Largo;;
5089;Daniel Lohr;11;2;Largo;;
8714;Daniel Mfg Inc.;15;3;Largo;;
5160;Daniel'S Certified Welding Inc.;31;4;Largo;;
738;Danko Emergency Equipment;25;3;Largo;;
9969;Danny'S Custom Golf Carts;25;4;Largo;;
8535;Danron Enterprises;18;2;Largo;;
7554;Danzer Industries, Inc;22;3;Largo;;
10691;Dapco, Inc.;11;2;Largo;;
9411;Daral, Inc.;11;2;Largo;;
6784;Dardon, Inc;11;2;Largo;;
7824;Daredevil Choppers, Inc;23;3;Largo;;
749;Dark Dayz Choppers;18;3;Largo;;
12861;Dark Horse Experiential;23;3;Largo;;
750;Dark Warrior;12;2;Largo;;
10186;Darkhorse;9;1;Medio;;
752;Darkside Chariots;17;2;Largo;;
6508;Darkside Choppers;17;2;Largo;;
8720;Darnell'S Welding And Fabrication;33;4;Largo;;
11854;Darpah Llc;10;2;Largo;;
8094;Darrell'S Welding Inc.;22;3;Largo;;
10671;Dart;4;1;Corto;;
6785;Dartron Industries Inc.;23;3;Largo;;
753;Darwin Motorcycle;17;2;Largo;;
7817;Dash;4;1;Corto;;
12030;Dash Ev;7;2;Medio;;
755;Dast Tanks;10;2;Largo;;
5598;Dat Trailers;12;2;Largo;;
4051;Data Mfg.;9;2;Medio;;
5657;Datsun;6;1;Medio;;
6042;Daughtry;8;1;Medio;;
4047;Dauntless Motors;16;2;Largo;;
10899;Davco;5;1;Medio;;
8575;Dave Finn Motorcycles;21;3;Largo;;
7819;Dave Hanson Trailers, Inc;25;4;Largo;;
8505;Dave Morgan Trailers;20;3;Largo;;
8876;Dave'S Welding;14;2;Largo;;
6811;Dave'S Welding Service;22;3;Largo;;
8005;Daves Auto Sales;16;3;Largo;;
6743;David Brewer Implement Inc.;27;4;Largo;;
6087;Davidson Enterprises Inc;24;3;Largo;;
10212;Davidson Trailers, Llc;22;3;Largo;;
13750;Davinci;7;1;Medio;;
12521;Davis Industrial Trailers;25;3;Largo;;
756;Davis Industries;16;2;Largo;;
13136;Davis Manufacturing Llc;23;3;Largo;;
735;Davis Metal Works;17;3;Largo;;
736;Davis Trailer Sales;19;3;Largo;;
5161;Davis Trailer World Llc;23;4;Largo;;
4632;Davis Village Solutions;23;3;Largo;;
9545;Davis' Countryside Trailer World;32;4;Largo;;
5653;Dawson;6;1;Medio;;
9025;Day'S Steel & Trailer Barn;26;5;Largo;;
6301;Dayang;6;1;Medio;;
12119;Dayi Motor;10;2;Largo;;
9879;Daystar;7;1;Medio;;
5162;Daystar Motorcycles Of America, Inc.;36;5;Largo;;
9094;Daytec Center;13;2;Largo;;
8791;Daytona Beach Bike Works, Inc.;30;5;Largo;;
6018;Daytona Coach Builders;22;3;Largo;;
12938;Daytripper;10;1;Largo;;
7662;Dazon ( Arizona) Inc Dba Dz Motorcyle Rentals;45;8;Largo;;
7668;Db Industries,Inc;17;2;Largo;;
2844;Db Trailers;11;2;Largo;;
6691;Dbat Trailer Sales & Service;28;5;Largo;;
5163;Dbr Systems Llc;15;3;Largo;;
4897;Dbt Designs, Llc.;17;3;Largo;;
741;Dc Weld Inc. Dba Dcw Customs Trailers;37;7;Largo;;
8354;Dd Custom Cycle Llc;19;4;Largo;;
4046;Ddi;3;1;Corto;;
12300;Dead On Fab;11;3;Largo;;
742;Deadeye Welding And Fabrication;31;4;Largo;;
7602;Dealers Choice Llc;18;3;Largo;;
743;Deano Motorcycle Company;24;3;Largo;;
8577;Death Row Motorcycles, Llc;26;4;Largo;;
5403;Debnam;6;1;Medio;;
7873;Debra H Morgan Co;17;4;Largo;;
4048;Debris Systems Plus;19;3;Largo;;
8258;Decatur;7;1;Medio;;
10494;Decatur Electronics;19;2;Largo;;
12493;Decatur Electronics, Llc;24;3;Largo;;
7681;Deceleste Sa;12;2;Largo;;
11412;Deck;4;1;Corto;;
5297;Deck Over Dolly;15;3;Largo;;
13770;Deeco Trailers;14;2;Largo;;
10151;Deep Creek Carts;16;3;Largo;;
5102;Deep South Cargo Trailers Llc;29;5;Largo;;
744;Deep South Choppers;19;3;Largo;;
13962;Deer Valley Homebuilders;24;3;Largo;;
6425;Deerskin;8;1;Medio;;
14016;Defasa Trailerz;15;2;Largo;;
745;Defiance;8;1;Medio;;
746;Dejana Truck And Utility Equipment;34;5;Largo;;
747;Del Mar Trailers;16;3;Largo;;
5992;Del-Val;7;1;Medio;;
10204;Delavan Automotive, Llc;23;3;Largo;;
7434;Delavan Industries, Inc;23;3;Largo;;
8819;Delaware American Motors Llc;28;4;Largo;;
757;Delaware Valley Cycle;21;3;Largo;;
758;Delco Trailers;14;2;Largo;;
14022;Delhi 15 Concession;19;3;Largo;;
4896;Delivery Concepts, Inc.;23;3;Largo;;
759;Dell Rapids Custom Trailers;27;4;Largo;;
9766;Della Terra Trailer;19;3;Largo;;
13022;Delorean;8;1;Medio;;
11332;Deloupe Inc;11;2;Largo;;
13987;Delta;5;1;Medio;;
9203;Delta Manufacturing, Inc.;25;3;Largo;;
760;Delta Oilfield Tank Co.;23;4;Largo;;
4049;Delta Scientific Corporation;28;3;Largo;;
761;Delta Waseca Mini;17;3;Largo;;
10239;Delucio Usa;11;2;Largo;;
8973;Deluxe Bumper Works;19;3;Largo;;
14014;Deluxe Trailers;15;2;Largo;;
6692;Deluxe Welding Inc.;19;3;Largo;;
4050;Demented Cycles;15;2;Largo;;
12792;Demi;4;1;Corto;;
7629;Demon Motorcycle Company;24;3;Largo;;
762;Demons Cycle;12;2;Largo;;
763;Demountable Concepts;20;2;Largo;;
6134;Dempster Industries Inc;23;3;Largo;;
8926;Dempster Systems Western Div.;29;4;Largo;;
9360;Demumbreum Welding Shop;23;3;Largo;;
12767;Denago;6;1;Medio;;
12742;Denago Ev;9;2;Medio;;
8890;Denair Manufacturing Llc;24;3;Largo;;
10347;Denali;6;1;Medio;;
7667;Denardis Motocross Factory;26;3;Largo;;
764;Denbeste Manufacturing;22;2;Largo;;
7084;Denney Brothers Fabrication Llc;31;4;Largo;;
9698;Dennis;6;1;Medio;;
766;Dennis Boggs Welding Works;26;4;Largo;;
12982;Dennis Eagle;12;2;Largo;;
13714;Denton;6;1;Medio;;
7121;Denton Trailer Co.;18;3;Largo;;
934;Dentoni'S Welding Works;23;3;Largo;;
9675;Denzel;6;1;Medio;;
12568;Department Store;16;2;Largo;;
7169;Dependable Trailer;18;2;Largo;;
935;Depuy'S Custom Cycles;21;3;Largo;;
5036;Derbi;5;1;Medio;;
9064;Derstine Trailer Works, Llc;27;4;Largo;;
936;Desco Mfg.;10;2;Largo;;
13675;Desert Custom Trailers, Llc;27;4;Largo;;
12049;Desert Power Wagon;18;3;Largo;;
12711;Desert Star;11;2;Largo;;
8593;Desert Sun;10;2;Largo;;
937;Desert Thunder Customs;22;3;Largo;;
938;Desert Toys Rv;14;3;Largo;;
939;Desert Wolf;11;2;Largo;;
6116;Design Concepts;15;2;Largo;;
940;Design Concepts Manufacturing;29;3;Largo;;
6019;Design Home;11;2;Largo;;
11285;Design Solution Concession Inc.;31;4;Largo;;
941;Design Worx;11;2;Largo;;
1052;Designline;10;1;Largo;;
942;Designline International Holdings;33;3;Largo;;
943;Designline Usa;14;2;Largo;;
4919;Desoto Motors;13;2;Largo;;
4192;Desperado;9;1;Medio;;
9196;Dessco;6;1;Medio;;
5634;Destiny;7;1;Medio;;
809;Detect;6;1;Medio;;
5057;Determan Welding & Tank Service, Inc.;37;6;Largo;;
813;Detroit Bros.;13;2;Largo;;
814;Detroit Custom Chassis;22;3;Largo;;
6652;Detroit Tool Inc.;17;3;Largo;;
815;Deus Ex Machina;15;3;Largo;;
816;Deviant Design;14;2;Largo;;
817;Devil Dawg Custom Cycles;24;4;Largo;;
6056;Devine;6;1;Medio;;
6914;Dewalt Utility Trailers;23;3;Largo;;
7573;Dex Unlimited Inc;17;3;Largo;;
13572;Dfp;3;1;Corto;;
819;Dg Fabrication;14;2;Largo;;
11733;Dg Marshall;11;2;Largo;;
8668;Dgc Trailer Manufacturing;25;3;Largo;;
9941;Dh Farm Equipment/Dh Trailers;29;4;Largo;;
820;Dhm Trailers;12;2;Largo;;
821;Dhs Systems;11;2;Largo;;
1313;Di Blasi;8;2;Medio;;
7868;Di Blasi Of America Inc.;24;5;Largo;;
1370;Di-Mond Trailers, Inc.;22;3;Largo;;
12627;Diablo;6;1;Medio;;
1315;Diablo Performance;18;2;Largo;;
600;Diamo;5;1;Medio;;
5028;Diamonback;10;1;Largo;;
13239;Diamond;7;1;Medio;;
7016;Diamond B Trailerworks;22;3;Largo;;
6114;Diamond Boats Inc;17;3;Largo;;
8513;Diamond C Farm Equipment;24;4;Largo;;
6469;Diamond C Trailer Mfg.;22;4;Largo;;
1318;Diamond Cargo;13;2;Largo;;
1333;Diamond City Trailer;20;3;Largo;;
6560;Diamond Components, Inc.;24;3;Largo;;
4052;Diamond Cut Carriers;20;3;Largo;;
7111;Diamond D Trailer Mfg;21;4;Largo;;
1321;Diamond E Manufacturing, Llc.;29;4;Largo;;
13805;Diamond Eco Solutions;21;3;Largo;;
7000;Diamond H Sales;15;3;Largo;;
11132;Diamond Hawg Mfg;16;3;Largo;;
2026;Diamond Heavy Vehicle Solutions;31;4;Largo;;
4994;Diamond K Manufacturing;23;3;Largo;;
6656;Diamond Line Chassis Llc;24;4;Largo;;
9085;Diamond Machining Inc.;22;3;Largo;;
7459;Diamond Reo;11;2;Largo;;
9574;Diamond T Trailers Inc.;23;4;Largo;;
8135;Diamond T Trailers Mfg. Co.;27;5;Largo;;
4053;Diamond Trailer Manufacturers;29;3;Largo;;
8849;Diamond Trailers Dba Profection Metalworks, Inc.;48;6;Largo;;
7896;Diamond Z Trailer Inc;21;4;Largo;;
9306;Diamond-K-Mfg.;14;1;Largo;;
4054;Diamondback;11;1;Largo;;
1322;Diamondback Choppers Llc;24;3;Largo;;
4055;Diamondback Trailer;19;2;Largo;;
9093;Diamondback Trailer Mfg.;24;3;Largo;;
7430;Diamondback Trailers;20;2;Largo;;
1332;Diamondback Trailers, Llc.;26;3;Largo;;
7453;Diamondstar Trailer Industries, Inc.;36;4;Largo;;
7721;Dick'S Welding, Inc;19;3;Largo;;
6993;Dickson;7;1;Medio;;
13619;Dicnosa Equipment;17;2;Largo;;
6659;Diedrich Drill, Inc.;20;3;Largo;;
10238;Digital Defense Surveillance Llc;32;4;Largo;;
12388;Dime;4;1;Corto;;
12998;Dimen;5;1;Medio;;
9242;Dimensional Homes, Inc.;23;3;Largo;;
7706;Dina Autobuses;14;2;Largo;;
13067;Dingyitop;9;1;Medio;;
8707;Dino'S Manufacturing;20;2;Largo;;
6702;Direct Sales;12;2;Largo;;
1419;Direct Trailer;14;2;Largo;;
1500;Dirt-A-Holic;12;1;Largo;;
1502;Disaster Power & Equipment;26;4;Largo;;
12199;Discount Dumps;14;2;Largo;;
9007;Discount Trailer Mfg.;21;3;Largo;;
12042;Discount Trailers Usa Llc;25;4;Largo;;
7569;Discovery Cargo Trailers, Inc.;30;4;Largo;;
12032;Discovery Design;16;2;Largo;;
9210;Disler Trailer, Llc;19;3;Largo;;
1549;Display Compnay Dba Speedcheck;30;4;Largo;;
8282;Display Solutions Inc;21;3;Largo;;
8630;Distinct Builders, Inc.;23;3;Largo;;
1527;Ditch Witch;11;2;Largo;;
5097;Dively Mfg. Co.;15;3;Largo;;
12383;Diverse Fiber Communications;28;3;Largo;;
1228;Diversified;11;1;Largo;;
8118;Diversified Service;19;2;Largo;;
10876;Diversified Storage Systems;27;3;Largo;;
6704;Diversified Truck & Trailer, Inc;32;5;Largo;;
1552;Diw Engineering & Fabrication;29;4;Largo;;
7922;Dixie Craft Trailers Inc;24;4;Largo;;
1490;Dixie Hitch;11;2;Largo;;
1491;Dixie Welding;13;2;Largo;;
7669;Dixon Trailers & Fabrication, Llc;33;5;Largo;;
11362;Diy;3;1;Corto;;
11246;Dk;2;1;Corto;;
6833;Dkoi Inc;8;2;Medio;;
8597;Dlc Power Diesel Corp.;22;4;Largo;;
4032;Dlm;3;1;Corto;;
1591;Dlw Payless Transmissions;25;3;Largo;;
11576;Dm;2;1;Corto;;
1593;Dm Machine;10;2;Largo;;
7584;Dmc Five Star Trailers;22;4;Largo;;
8709;Dmc Inc.;8;2;Medio;;
1594;Dmi (D.M.I) Pipe Fabrication, Llc;33;5;Largo;;
1596;Dmp Awnings;11;2;Largo;;
8345;Dmp Trailers;12;2;Largo;;
7014;Dna Enterprises Inc;19;3;Largo;;
1597;Dna Specialty;13;2;Largo;;
13815;Dnjt;4;1;Corto;;
4526;Dnm Teardrop Trailers;21;3;Largo;;
11745;Dobys Kustom Karts;18;3;Largo;;
3342;Dock Doctors;12;2;Largo;;
476;Dodge;5;1;Medio;;
1422;Dodgen Industries;17;2;Largo;;
8047;Dodger Trailer Manufacturing Inc;32;4;Largo;;
7136;Doepker Industries;18;2;Largo;;
11488;Dofern;6;1;Medio;;
12261;Dogebos;7;1;Medio;;
9028;Dolans;6;1;Medio;;
11213;Dolega Trailers;15;2;Largo;;
13742;Domani;6;1;Medio;;
5164;Domatex;7;1;Medio;;
14102;Dominator Fabrication;21;2;Largo;;
1479;Domine Enterprises;18;2;Largo;;
4625;Dominight;9;1;Medio;;
7644;Dominion Motorcycle;19;2;Largo;;
1468;Don Johnson Sales;17;3;Largo;;
5165;Donaldson Fabrications;22;2;Largo;;
2342;Dongfang;8;1;Medio;;
10623;Dongfeng;8;1;Medio;;
11720;Dongguan Tailing Electric Vehicle;33;4;Largo;;
1607;Dongguan Yongqiang Vehicles;27;3;Largo;;
11970;Dongma;6;1;Medio;;
1608;Donham'S Mobile Service;23;3;Largo;;
1616;Donnerite Incorporated;22;2;Largo;;
5779;Donovan Spring & Equipment Co. Inc;34;6;Largo;;
1442;Dons Truck Sales;16;3;Largo;;
4834;Doohan;6;1;Medio;;
9754;Dooley Tackaberry, Inc.;23;3;Largo;;
10377;Doolittle, Foxtrail;19;2;Largo;;
1335;Doonan Specialized Trailer;26;3;Largo;;
573;Doosan;6;1;Medio;;
13476;Dopplertech;11;1;Largo;;
13365;Dorado;6;1;Medio;;
6700;Dorcheat Manufacturing Company;30;3;Largo;;
11972;Dorsey;6;1;Medio;;
9738;Dose Steelworks, Inc.;21;3;Largo;;
2554;Dosko;5;1;Medio;;
6795;Dosko Industries, Incorporated;30;3;Largo;;
9421;"Double ""P"" Trailers";19;3;Largo;;
13664;Double A;8;2;Medio;;
11224;Double A Trailers;17;3;Largo;;
12374;Double D;8;2;Medio;;
8485;Double D Distributors;21;3;Largo;;
1363;Double D Trailer Sales;22;4;Largo;;
8484;Double D Trailers, Inc.;23;4;Largo;;
6023;Double Duty;11;2;Largo;;
4868;Double Eagle Usa;16;3;Largo;;
11049;Double H;8;2;Medio;;
4057;Double K Custom Trailers;24;4;Largo;;
8538;Double Lj Manufacturing;23;3;Largo;;
5166;Double R Trailer Mfg;20;4;Largo;;
7719;Double R Trailers;17;3;Largo;;
2531;Double R Trailers Mfg;21;4;Largo;;
6099;Double S Enterprises;20;3;Largo;;
6100;Double S Welding;16;3;Largo;;
1371;Douglas Holding Llc;19;3;Largo;;
7260;Douglas Marine Corporation;26;3;Largo;;
10855;Douglas Trailers;16;2;Largo;;
7700;Douglas Trailers Inc;20;3;Largo;;
9098;Douglas Truck & Equipment;25;4;Largo;;
7051;Douglass Truck Bodies, Inc.;27;4;Largo;;
11626;Dove Welding;12;2;Largo;;
6104;Dover Trailer & Fab;19;4;Largo;;
1376;Dowell Schlumberger Int'L;25;3;Largo;;
1380;Down 2 Earth Cargo Llc;22;5;Largo;;
1382;Down Low Customs;16;3;Largo;;
5483;Down To Earth;13;3;Largo;;
1753;Downeaster;10;1;Largo;;
13090;Doyle Manufacturing;19;2;Largo;;
1385;Doz N Go;8;3;Medio;;
4688;Dp Coningplant Usa Corp.;24;4;Largo;;
1386;Dp Manufacturing Llc;20;3;Largo;;
4077;Dpj;3;1;Corto;;
12244;Dr Food Trucks;14;3;Largo;;
1396;Draggin Custom Cycles;21;3;Largo;;
1405;Draggin' P, Inc;15;3;Largo;;
1415;Dragon Esp;10;2;Largo;;
5311;Dragon Mobile Rigs;18;3;Largo;;
956;Dragon Products;15;2;Largo;;
11992;Dragon Tiny Homes;17;3;Largo;;
957;Dragon Trikes;13;2;Largo;;
10981;Dragonfly;9;1;Medio;;
12128;Dragonfly Three Wheeler;23;3;Largo;;
13543;Dragonfly Trailers;18;2;Largo;;
958;Dragontail Trailers;19;2;Largo;;
959;Dragonwing Custom Builds;24;3;Largo;;
9643;Dragster Supply;15;2;Largo;;
6105;Drake Trailers;14;2;Largo;;
5518;Drake Truck & Trailer Equipment;31;5;Largo;;
12108;Draperbilt;10;1;Largo;;
4772;Drc Trailer And Sport;21;4;Largo;;
10335;Dre Custom Trailers;19;3;Largo;;
962;Dream Coach Trailers;20;3;Largo;;
963;Dream Design And Fabrication;28;4;Largo;;
13198;Dream Fly;9;2;Medio;;
12753;Dream Haven;11;2;Largo;;
13632;Dream Projects Builders Llc;27;4;Largo;;
964;Dream Ridge Development Corporation;35;4;Largo;;
6107;Dreamline;9;1;Medio;;
965;Dressen Custom Trailers;23;3;Largo;;
1280;Drewes Engineering;18;2;Largo;;
1281;Drews Ironworks;15;2;Largo;;
6115;Dri-Doc Inc;11;2;Largo;;
5334;Drifta Offroad Tourer;21;3;Largo;;
9958;Drifter Trailers;16;2;Largo;;
10503;Driftwood Boats;15;2;Largo;;
1282;Drillers Mud Systems;20;3;Largo;;
8638;Drive (Boylan Golf Cars);24;4;Largo;;
9343;Drive-On Trailer Co., Inc.;26;4;Largo;;
5292;Driven Fab Llc;14;3;Largo;;
9735;Driven Innovations, Llc;23;3;Largo;;
1283;Driving Ambitions;17;2;Largo;;
12446;Drop 2 Load;11;3;Largo;;
10079;Droplet Design Ltd.;19;3;Largo;;
10400;Drr;3;1;Corto;;
8136;Drs Cycle Corp;14;3;Largo;;
545;Drv Suites;10;2;Largo;;
5167;Dryair 2000 Inc.;16;3;Largo;;
6196;Drydock;7;1;Medio;;
13415;Dsm Trailers Llc;16;3;Largo;;
11002;Dss;3;1;Corto;;
10961;Dst;3;1;Corto;;
11371;Dtc;3;1;Corto;;
10811;Dtgc;4;1;Corto;;
13256;Dth;3;1;Corto;;
11210;Dtm Powersports;15;2;Largo;;
5168;Dtm Trailers;12;2;Largo;;
1301;Dtp Muscle Custom Choppers;26;4;Largo;;
1302;Dub Box Usa;11;3;Largo;;
568;Ducati;6;1;Medio;;
1328;Ducati Motor Holding Spa;24;4;Largo;;
6729;Duckworth Boat Works, Inc.;26;4;Largo;;
1323;Ducworld;8;1;Medio;;
1324;Duesway;7;1;Medio;;
1325;Duffer'S Manufacturing;22;2;Largo;;
9755;Duffield Marine Inc.;20;3;Largo;;
5375;Dugan/Stone Trailer Co, Llc;27;4;Largo;;
1326;Dukane Precast;14;2;Largo;;
13339;Duke'S;6;1;Medio;;
4086;Dumas Welding;13;2;Largo;;
13958;Dumpling Motors Inc;19;3;Largo;;
11773;Dun-Rite;8;1;Medio;;
6144;Duncan Supply Company;21;3;Largo;;
12093;Dunn Rite Fab;13;3;Largo;;
10676;Dunraven;8;1;Medio;;
8987;Dur-A-Lift Inc.;15;2;Largo;;
13575;Dura Trailers Llc;17;3;Largo;;
5577;Durabilt;8;1;Medio;;
1327;Durabody Industries;19;2;Largo;;
8713;Durabuilt;9;1;Medio;;
8581;Durabull Trailers;17;2;Largo;;
4894;Duraco Inc;10;2;Largo;;
4996;Durahaul;8;1;Medio;;
853;Duralast Trailers;17;2;Largo;;
854;Duralite Trailers;17;2;Largo;;
5077;Duralite Truck Body & Container;31;5;Largo;;
6995;Duralite, Inc;13;2;Largo;;
13208;Durango;7;1;Medio;;
7045;Durango Trailer Mfg.;20;3;Largo;;
855;Durbin'S Custom Weld & Design;29;5;Largo;;
9305;Durnell Industries, Co.;23;3;Largo;;
4864;Duruxx;6;1;Medio;;
11000;Dusk Til Dawn;13;3;Largo;;
856;Dusold Custom Cycles;20;3;Largo;;
13920;Dustrail;8;1;Medio;;
857;Dutch Master;12;2;Largo;;
859;Dutch Park Homes;16;3;Largo;;
6145;Dutch Park Inc;14;3;Largo;;
6020;Dutcher;7;1;Medio;;
860;Dutchmen Manufacturing;22;2;Largo;;
9115;Dutchmen Mfg., Inc.;19;3;Largo;;
5169;Duvall Equipment Llc;20;3;Largo;;
8717;Duwa;4;1;Corto;;
4748;Dv Manufacturing;16;2;Largo;;
11069;Dvele;5;1;Medio;;
11070;Dvele Omega Corporation;23;3;Largo;;
12380;Dy Concrete Pumps;17;3;Largo;;
12245;Dy Innovate Corporation;23;3;Largo;;
861;Dyal'S Welding;14;2;Largo;;
6527;Dyer'S Docking Systems, Inc.;28;4;Largo;;
862;Dymac International;19;2;Largo;;
863;Dymac Vehicle Group;19;3;Largo;;
6308;Dymax Inc.;10;2;Largo;;
8362;Dyna Hauler Llc;15;3;Largo;;
1159;Dyna Products;13;2;Largo;;
2414;Dynafab;7;1;Medio;;
1213;Dynamax Corporation;19;2;Largo;;
6146;Dynamic Air Systems;19;3;Largo;;
10591;Dynamic Carts Corporation;25;3;Largo;;
8563;Dynamic Chopper Inc;19;3;Largo;;
11744;Dynamic Drives;14;2;Largo;;
5170;Dynamic Manufacturing Corporation;33;3;Largo;;
1227;Dynamic Trailers;16;2;Largo;;
7301;Dynamics Composite Designs, Inc;31;4;Largo;;
10986;Dynamite;8;1;Medio;;
13964;Dynamite Manufacturing;22;2;Largo;;
4087;Dynasty Electric Car;20;3;Largo;;
5017;Dynatest;8;1;Medio;;
9128;Dynaweld, Inc.;14;2;Largo;;
9519;Dyreng Farms;12;2;Largo;;
6147;E & L Trailers;14;4;Largo;;
11440;E & R Trailers;14;4;Largo;;
7120;E & T Utility Trailers;22;5;Largo;;
4088;E & W Manufacturing;19;4;Largo;;
13389;E Ride Pro;10;3;Largo;;
6604;E Z Dumper Products Llc;23;5;Largo;;
4090;E Z Ryder Motor;15;4;Largo;;
13369;E&M Trailers;12;2;Largo;;
9052;E&R Industrial;14;2;Largo;;
9067;E&R Trailers;12;2;Largo;;
1403;E-Bilt Llc.;11;2;Largo;;
12325;E-Chopper;9;1;Medio;;
511;E-One;5;1;Medio;;
1270;E-Pak Manufacturing;19;2;Largo;;
10076;E-Riva;6;1;Medio;;
4089;E-Suv;5;1;Medio;;
6406;E-Ton;5;1;Medio;;
933;E-Ton I;7;2;Medio;;
6224;E-Ton Ii;8;2;Medio;;
12463;E-Tro;5;1;Medio;;
948;E-Tuk;5;1;Medio;;
1045;E-W Trailers;12;2;Largo;;
13511;E-Wagon;7;1;Medio;;
4068;E-Z Dumper Products;19;3;Largo;;
6179;E-Z Pack;8;2;Medio;;
8251;E-Z Pull Trailer Mfg. & Sales;29;6;Largo;;
6681;E-Z Pull Trailers Llc;21;4;Largo;;
9186;E-Z Pull, Inc.;14;3;Largo;;
6149;E-Z Tow;7;2;Medio;;
922;E-Z-Go Division Of Textron;26;4;Largo;;
9195;E-Z-Tow Fabrications;20;2;Largo;;
10110;E.A. Collins And Sons;21;4;Largo;;
10727;E.B.O. Van Weel;15;3;Largo;;
9279;E.C. Woods;10;2;Largo;;
9367;E.C.S.A.;8;1;Medio;;
1255;E.F. Couvrette Company, Inc;27;4;Largo;;
9578;E.F. Marsh Engineering Company;30;4;Largo;;
1256;E.G.M. Trailers;15;2;Largo;;
1260;E.K. Machine Co. Inc.;21;4;Largo;;
1250;E.P. Industries Inc;19;3;Largo;;
8348;E.T. & T. Enterprises;21;4;Largo;;
8034;E.T. Services;13;2;Largo;;
1262;E3 Trailers;11;2;Largo;;
13004;Ea;2;1;Corto;;
6198;Eager Beaver;12;2;Largo;;
2408;Eagle;5;1;Medio;;
6750;Eagle Bridge;12;2;Largo;;
7320;Eagle Car Carriers;18;3;Largo;;
7371;Eagle Coach Corporation;23;3;Largo;;
1265;Eagle Craft, Inc.;17;3;Largo;;
1267;Eagle Erectors;14;2;Largo;;
1298;Eagle Ford Tanks & Trailers Llc;31;6;Largo;;
7457;Eagle General Contractors, Inc;30;4;Largo;;
1307;Eagle Head Lifts;16;3;Largo;;
7801;Eagle Industries;16;2;Largo;;
9078;Eagle Iron Metal Works;22;4;Largo;;
8186;Eagle Marine Corporation Ltd;28;4;Largo;;
13944;Eagle Mobile Offices;20;3;Largo;;
11671;Eagle Rv;8;2;Medio;;
7339;Eagle Trailer;13;2;Largo;;
1311;Eagle Trailer Co., Inc;22;4;Largo;;
1314;Eagle Trailer Manufacturing;27;3;Largo;;
1320;Eagle Trailer Sales, Inc.;25;4;Largo;;
4976;Eagle Trailers;14;2;Largo;;
6195;Eagle Trailers Inc;18;3;Largo;;
5172;Eagle Trailers Llc;18;3;Largo;;
8313;Eagle Trailers Mfg;18;3;Largo;;
1264;Eagle Welding & Machine;23;4;Largo;;
8758;Eaglerock Trailers, Inc.;24;3;Largo;;
11337;Eahora;6;1;Medio;;
7279;Eam;3;1;Corto;;
14056;Earth First;11;2;Largo;;
6855;Earth Tool Co Llc;17;4;Largo;;
10448;Earth Traveler;14;2;Largo;;
7166;Earthworm Inc;13;2;Largo;;
6030;Easley;6;1;Medio;;
6070;Easley Trailer;14;2;Largo;;
12625;East;4;1;Corto;;
10893;East Coast;10;2;Largo;;
5173;East Coast Manufacturing & Design;33;5;Largo;;
9900;East Coast Oven And Pizza Co.;29;6;Largo;;
6856;East Coast Race Cars, Inc.;26;5;Largo;;
1329;East Coast Trailers;19;3;Largo;;
12965;East Coast Tree Service;23;4;Largo;;
7040;East Kentucky Trailers Mfg Co;29;5;Largo;;
1334;East Manufacturing Corp.;24;3;Largo;;
7458;East Prairie Fabrication;24;3;Largo;;
8893;East River Machine Corporation;30;4;Largo;;
13084;East River Manufacturing;24;3;Largo;;
8693;East Side Custom Choppers;25;4;Largo;;
7806;East Tennessee Trailers Llc;27;4;Largo;;
13168;East Texas Building Systems;27;4;Largo;;
8740;East Texas Longhorn Trailers, Llc;33;5;Largo;;
1358;East Texas Trailers;19;3;Largo;;
11915;East Texas Trailers S.A. De C.V.;32;6;Largo;;
9057;East To West;12;3;Largo;;
6028;East/West;9;1;Medio;;
4107;Eastcoast Bikeworks;19;2;Largo;;
6788;Eastern Metal Works;19;3;Largo;;
1366;Eastern Rod And Chopper;23;4;Largo;;
7449;Eastern Shore Trailer, Inc;26;4;Largo;;
4108;Eastern Trailer Sales;21;3;Largo;;
7261;Eastern Wholesale Distributors;30;3;Largo;;
6698;Eastern, Inc.;13;2;Largo;;
8452;Eastmond Trailer Company;24;3;Largo;;
13534;Easton;6;1;Medio;;
1362;Easton Custom Frames L.L.C;26;4;Largo;;
10054;Easy Go Lsv;11;3;Largo;;
13333;Easy Lawn;9;2;Medio;;
5086;Easy Time Trailers, Inc.;24;4;Largo;;
9478;Easy Up, Easy Go Trailers;25;5;Largo;;
1373;Easyrider Motorcycle Company;28;3;Largo;;
1390;Easyrider Motorcycle Company Trailers;37;4;Largo;;
6585;Easyway Tailers, Inc;20;3;Largo;;
11215;Eaton Compressor And Fabrication;32;4;Largo;;
1395;Eaton Drilling Co., Inc. Dba Eaton Fabrication Co.;50;8;Largo;;
9597;Eaz-Lift Spring Corporation;27;3;Largo;;
11723;Ebc;3;1;Corto;;
1402;Ebert Precision Products Llc;28;4;Largo;;
12379;Ebusco;6;1;Medio;;
13101;Ebys Portable Welding & Fabrication;35;5;Largo;;
7665;Ecart;5;1;Medio;;
4110;Ecc;3;1;Corto;;
1562;Echelberry Manufacturing, Llc;29;3;Largo;;
4942;Echo;4;1;Corto;;
4545;Echo Accessories;16;2;Largo;;
4941;Echo Bear Cat;13;3;Largo;;
10436;Echo Design Construction And Logistics / Echo;45;7;Largo;;
1406;Echo Manufacturing, Llc;23;3;Largo;;
1420;Echo Trailer;12;2;Largo;;
12171;Echthaft Trailers;17;2;Largo;;
1423;Eclipse Aluminum Trailers;25;3;Largo;;
11209;Eclipse Park Model;18;3;Largo;;
1424;Eclipse Recreational Vehicles, Inc;34;4;Largo;;
9557;Eclipse Trailers, Inc.;22;3;Largo;;
8274;Ecm;3;1;Corto;;
11313;Eco;3;1;Corto;;
1425;Eco Motor Company;17;3;Largo;;
10272;Eco Sense;9;2;Medio;;
13260;Eco(Supplyor Llc);17;2;Largo;;
11771;Eco-Cart;8;1;Medio;;
1466;Eco-Fueler Corporation;22;2;Largo;;
12616;Ecocampor;9;1;Medio;;
12074;Ecocar;6;1;Medio;;
4648;Ecocruise;9;1;Medio;;
1427;Ecojohn;7;1;Medio;;
14066;Ecomander;9;1;Medio;;
9924;Ecomautomotive;14;1;Largo;;
5909;Econ-O-Haul;11;1;Largo;;
9645;Econo-Trailer;13;1;Largo;;
6793;Econoboy Corporation;20;2;Largo;;
1431;Econoline Trailer, Inc;22;3;Largo;;
4788;Economy Drilling Solutions;26;3;Largo;;
11976;Ecooter;7;1;Medio;;
5175;Ecosse Moto Works, Inc.;23;4;Largo;;
12330;Ecostream;9;1;Medio;;
1471;Ecotrek Camper;14;2;Largo;;
10665;Ecpc Epic;9;2;Medio;;
13395;Ecs;3;1;Corto;;
7993;Ecstasy;7;1;Medio;;
6091;Ecstasy Trikes Inc;18;3;Largo;;
5275;Ed Trailers;11;2;Largo;;
8200;Ed'S Machine & Repair;21;4;Largo;;
9106;Ed-Ka Mfg. Inc.;15;3;Largo;;
12015;Eddie Bauer;11;2;Largo;;
1474;Eddie English Company, Inc.;27;4;Largo;;
6093;Eddie Inc;9;2;Medio;;
6564;Eddie Trotta Custom Bikes;25;4;Largo;;
7728;Eddy Motors;11;2;Largo;;
6033;Eddy'S Welding;14;2;Largo;;
11503;Edge;4;1;Corto;;
6095;Edge Manufacturing Inc.;23;3;Largo;;
1478;Edge Marine Inc. Dba Edge Marine;32;6;Largo;;
8835;Edge Recreation Vehicles;24;3;Largo;;
12155;Edge-Ev;7;1;Medio;;
9996;Edgewood Welding & Fabrication, Inc.;36;5;Largo;;
4518;Edmondson Custom Built;22;3;Largo;;
11162;Edomo, Inc.;11;2;Largo;;
9630;Edrift;6;1;Medio;;
9700;Efficient Drivetrains, Inc.;27;3;Largo;;
1339;Efficient Hauling Systems;25;3;Largo;;
1356;Efl Manufacturing;17;2;Largo;;
8866;Eg & G Mount Sopris Instruments;31;6;Largo;;
11368;Eggcamper;9;1;Medio;;
13057;Eglmotor;8;1;Medio;;
8117;Ego Vehicles;12;2;Largo;;
1359;Eh Concepts;11;2;Largo;;
12430;Eh Wachs;8;2;Medio;;
6758;Ehw;3;1;Corto;;
8356;Eight Mile Choppers;19;3;Largo;;
7759;Eiks Bikes;10;2;Largo;;
13073;Eingp;5;1;Medio;;
7939;Eip Manufacturing;17;2;Largo;;
9506;Eischen Manufacturing Co, Inc.;30;4;Largo;;
4990;Eisen;5;1;Medio;;
12501;Ekomoto;7;1;Medio;;
12517;Ekono Catering Equipment, Inc.;30;4;Largo;;
5176;El Dorado Foundry Machine & Supply Company, Inc.;48;8;Largo;;
7030;El Paso Trailers;16;3;Largo;;
11276;El Ranchero;11;2;Largo;;
1364;El Tiron Custom Trailers;24;4;Largo;;
1134;El-Mar;6;1;Medio;;
7028;El-San, Inc;11;2;Largo;;
6500;Elan Manufacturing;18;2;Largo;;
5397;Elastec;7;1;Medio;;
5177;Elco Industries;15;2;Largo;;
553;Eldorado National;17;2;Largo;;
7632;Electra Meccanica Vehicles Corp.;32;4;Largo;;
9448;Electric Car Company;20;3;Largo;;
1389;Electric City Motors, North America;35;5;Largo;;
7678;Electric Cycle Co;17;3;Largo;;
11780;Electric Elk;12;2;Largo;;
1393;Electric Mobile Cars;20;3;Largo;;
1400;Electric Motorsport;19;2;Largo;;
1413;Electric Vehicle Transportation Of America;42;5;Largo;;
1037;Electric Vehicles International;31;3;Largo;;
1048;Electrical Engineering And Equipment;36;4;Largo;;
4113;Electro-Technologies;20;1;Largo;;
971;Electromotion Design;20;2;Largo;;
8377;Electrostorm;12;1;Largo;;
1050;Electrovaya;11;1;Largo;;
9842;Elevate Trailers;16;2;Largo;;
1054;Elevated Security;17;2;Largo;;
11462;Elevation Park;14;2;Largo;;
8823;Elgin Enterprises, Inc.;23;3;Largo;;
7684;Elgin Sweeper Co;16;3;Largo;;
8882;Elgin Trailers;14;2;Largo;;
12630;Eli;3;1;Corto;;
7158;Eliminator Trailers;19;2;Largo;;
6040;Elite;5;1;Medio;;
11139;Elite Airboat Company;21;3;Largo;;
11355;Elite Cargo Trailers;20;3;Largo;;
7639;Elite Cottages;14;2;Largo;;
4986;Elite Custom Trailer,Llc;24;3;Largo;;
4111;Elite Custom Trailers;21;3;Largo;;
11701;Elite Electric Vehicle;22;3;Largo;;
1064;Elite Equipment;15;2;Largo;;
10312;Elite Industries;16;2;Largo;;
10762;Elite Lsv;9;2;Medio;;
4675;Elite Motor Sales;17;3;Largo;;
11895;Elite Retreat Homes;19;3;Largo;;
8570;Elite Specialty Trailers, Llc;29;4;Largo;;
1076;Elite Tool;10;2;Largo;;
1086;Elite Trailer Manufacturing;27;3;Largo;;
1091;Elite Trailers;14;2;Largo;;
7209;Elite Trailers, Inc;19;3;Largo;;
13145;Elite Welding & Fabrication;27;4;Largo;;
12661;Eljo Industries Inc.;20;3;Largo;;
10634;Elk Creek;9;2;Medio;;
11901;Elk Ridge, Elk Ridge Focus, & Pioneer Fw;40;8;Largo;;
1099;Elk River Machine;17;3;Largo;;
1105;Elk Valley;10;2;Largo;;
12680;Elkhart Trailer;15;2;Largo;;
1108;Elkin Hi-Tech;13;2;Largo;;
12980;Elkington;9;1;Medio;;
11559;Elkridge;8;1;Medio;;
11046;Elkriver Smokers;16;2;Largo;;
1110;Ellington Industry Supply;25;3;Largo;;
7698;Elliott Machine Works Inc;25;4;Largo;;
9573;Ellis & Watts;13;3;Largo;;
6339;Ellis Industries, Incorported;29;3;Largo;;
7988;Ellis Manufacturing Inc;23;3;Largo;;
5713;Ellis Trailers;14;2;Largo;;
9353;Elmat Inc.;10;2;Largo;;
11403;Elms;4;1;Corto;;
6590;Elsey Mfg.;10;2;Largo;;
5590;Elusive;7;1;Medio;;
10571;Elyx Smart;10;2;Largo;;
9278;Em & Rs;7;3;Medio;;
1141;Em Transfer;11;2;Largo;;
5015;Ema;3;1;Corto;;
4699;Ema Motorworks;14;2;Largo;;
10549;Ema Motorworks Llc;18;3;Largo;;
12892;Emagineered Solutions, Inc.;27;3;Largo;;
6340;Emb Incorporated;16;2;Largo;;
11287;Ember Recreational Vehicles, Inc;32;4;Largo;;
13465;Embrace;7;1;Medio;;
6816;Embuggy;7;1;Medio;;
10280;Emega;5;1;Medio;;
1144;Emerald Welding;15;2;Largo;;
9347;Emerson Electric Co.;20;3;Largo;;
4114;Emerson Trailers;16;2;Largo;;
1154;Emf;3;1;Corto;;
1158;Emi Technologies;16;2;Largo;;
1162;Emk;3;1;Corto;;
12502;Emoto;5;1;Medio;;
12041;Emove;5;1;Medio;;
4812;Empire Cargo Trailers;21;3;Largo;;
8510;Empire Choppers;15;2;Largo;;
8020;Empire Manufacturing Company;28;3;Largo;;
8968;Empire Rv'S Inc.;16;3;Largo;;
1174;Empire Tanker;13;2;Largo;;
14107;Empire Trailers Of Texas;24;4;Largo;;
6790;Empresas Y Equipos Industriales, S.A. De C.V.;45;7;Largo;;
8652;Emtec Composites Inc.;21;3;Largo;;
11038;Encore Hpg;10;2;Largo;;
8706;Encore Trailers;15;2;Largo;;
1177;End 2 End Welding;17;4;Largo;;
11470;Endless Highways;16;2;Largo;;
1183;Enduramax;9;1;Medio;;
1188;Enduraplas;10;1;Largo;;
4796;Enduratrailer;13;1;Largo;;
4549;Energica;8;1;Medio;;
1198;Energy Absorption Systems;25;3;Largo;;
1200;Energy Fabrication;18;2;Largo;;
11520;Energy Link Trailer;19;3;Largo;;
1203;Energy Products;15;2;Largo;;
6140;Energy Systems;14;2;Largo;;
12508;Energy Tree;11;2;Largo;;
4634;Engine Connection;17;2;Largo;;
1204;Engineered Manufacturing;24;2;Largo;;
1266;Engle Fabrication;17;2;Largo;;
11308;Englobal;8;1;Medio;;
11973;Engtian;7;1;Medio;;
7506;Ennis Trailer Mfg;17;3;Largo;;
6139;Enpro Engineered Products Llc;29;4;Largo;;
6605;Enry Cycle Creations Llc;24;4;Largo;;
1268;Entech Industries;17;2;Largo;;
11675;Entegra;7;1;Medio;;
13472;Enterra;7;1;Medio;;
4124;Envases De Acero, S.A. De C.V.;30;6;Largo;;
6925;Environ Products Inc;20;3;Largo;;
4125;Environmental Service Products;30;3;Largo;;
9768;Envirotech Drive Systems Incorporated;37;4;Largo;;
11811;Envirotech Drive Systems Incorporated (Evt);43;5;Largo;;
12190;Envirotech Vehicles;19;2;Largo;;
4610;Envoltz;7;1;Medio;;
5510;Envtech Tank Services, Llc;26;4;Largo;;
1269;Eo Trailer;10;2;Largo;;
4126;Ep Design;9;2;Medio;;
6180;Epco;4;1;Corto;;
6762;Epic;4;1;Corto;;
1271;Epic Custom Cycles;18;3;Largo;;
13031;Epic Ev;7;2;Medio;;
9963;Epic Fabrication & Design Llc;29;5;Largo;;
12135;Epic Power Soultions;20;3;Largo;;
13854;Epic Solutions Inc.;19;3;Largo;;
1051;Epv Corporation;15;2;Largo;;
13554;Eq Outdoors;11;2;Largo;;
9366;Equi-Lite Horse Trailers;24;3;Largo;;
1285;Equi-Trek;9;1;Medio;;
8497;Equibuilt Llc Trailer;21;3;Largo;;
6597;Equibuilt, Llc;14;2;Largo;;
5178;Equip Manufacturing, Inc.;25;3;Largo;;
1637;Equipment Development;21;2;Largo;;
6744;Equipment Innovators, Inc.;26;3;Largo;;
1272;Equipment Services;18;2;Largo;;
4677;Equipment Source;16;2;Largo;;
1273;Equipt;6;1;Medio;;
12736;Equipter;8;1;Medio;;
4058;Equiquest Horse Trailers;24;3;Largo;;
1292;Equus Automotive;16;2;Largo;;
9745;Erc Trading;11;2;Largo;;
4824;Eretz Trailers Manufacturer;27;3;Largo;;
8548;Eriba;5;1;Medio;;
1290;Erickson Tank & Pump;20;4;Largo;;
12500;Eride;5;1;Medio;;
1304;Erie Aluminum;13;2;Largo;;
13072;Erie Industries;15;2;Largo;;
2590;Erie Shore Marketing;20;3;Largo;;
13027;Ernest Industries Llc;21;3;Largo;;
8550;Ernest Industries, Inc.;23;3;Largo;;
6067;Ernest Spencer Trailer;22;3;Largo;;
1319;Erskine & Sons;14;3;Largo;;
896;Erwin Precision;15;2;Largo;;
13910;Es Cart Works;13;3;Largo;;
7851;Esarati Electric Technologies Corp;34;4;Largo;;
13209;Escalade;8;1;Medio;;
9854;Escapade Camper;15;2;Largo;;
5271;Escape;6;1;Medio;;
7822;Escapod Trailers Llc;20;3;Largo;;
900;Escobar Truck Equipment;23;3;Largo;;
9021;Escort;6;1;Medio;;
5039;Escort Trailer Corp.;20;3;Largo;;
12629;Esomoto;7;1;Medio;;
13457;Essence;7;1;Medio;;
13849;Essential Homes;15;2;Largo;;
932;Essex Performance Boats;23;3;Largo;;
6199;Esterel;7;1;Medio;;
4620;Et Manufacturing Corp;21;3;Largo;;
6699;Ether Enterprises, Inc.;23;3;Largo;;
6701;Eti Electric Transit Inc;24;4;Largo;;
6600;Eti Global Solutions Inc;24;4;Largo;;
9133;Etnyre;6;1;Medio;;
13186;Etofoodcarts;12;1;Largo;;
10434;Etr;3;1;Corto;;
12189;Etrikeco;8;1;Medio;;
11414;Ets Mfg;7;2;Medio;;
10663;Euro;4;1;Corto;;
8468;Euro-Liner, Llc;15;2;Largo;;
4059;Europa International;20;2;Largo;;
10407;Europe - Italy;14;3;Largo;;
4060;Eurospeed;9;1;Medio;;
10930;Eurostage;9;1;Medio;;
5755;Eurostyle;9;1;Medio;;
12839;Ev;2;1;Corto;;
949;Ev America;10;2;Largo;;
986;Ev Innovations;14;2;Largo;;
12152;Ev Portable;11;2;Largo;;
11457;Ev Titan;8;2;Medio;;
10306;Eva 406;7;2;Medio;;
990;Evac;4;1;Corto;;
1003;Evaco Acquisition;17;2;Largo;;
6815;Evangel;7;1;Medio;;
13343;Evans Machinery;15;2;Largo;;
9771;Evans Metal Fab;15;3;Largo;;
8920;Evans Steel Fabrications, Inc.;30;4;Largo;;
9939;Evco Service Co., Inc.;22;4;Largo;;
1005;Evcor;5;1;Medio;;
11019;Eventure;8;1;Medio;;
13499;Eventure (Xiyao);16;2;Largo;;
13497;Eventure Powersports;20;2;Largo;;
5006;Evergreen;9;1;Medio;;
4061;Evergreen Off Road Campers;26;4;Largo;;
1010;Evergreen Recreational Vehicles;31;3;Largo;;
1020;Evergreen Trailer;17;2;Largo;;
11609;Everlite Trailers;17;2;Largo;;
7438;Everlite, Inc;13;2;Largo;;
13899;Evfmx;5;1;Medio;;
1038;Evil Empire Choppers;20;3;Largo;;
8375;Evil Twin Limited;17;3;Largo;;
10789;Evlabs;6;1;Medio;;
9129;Evo-Nts Trailers;16;2;Largo;;
11509;Evobus;6;1;Medio;;
12285;Evolution;9;1;Medio;;
13918;Evolution (Evolution Electric Vehicles, Inc.);45;5;Largo;;
12827;Evolution (Evolution Welding & Fabrication Llc);47;6;Largo;;
10154;Evolution Trailer Technologies Inc.;35;4;Largo;;
1041;Evolve Motorcycles;18;2;Largo;;
12813;Evos;4;1;Corto;;
8858;Evt;3;1;Corto;;
880;Ewd Cycles;10;2;Largo;;
11237;Ewheelz;7;1;Medio;;
881;Exa Industrial;14;2;Largo;;
7536;Excaliber Fabrications Inc;26;3;Largo;;
7477;Excalibur Automobile Corporation;32;3;Largo;;
882;Excalibur Choppers;18;2;Largo;;
6628;Excalibur Trailer Company;25;3;Largo;;
8894;Excavation Technology Corporation;33;3;Largo;;
883;Excel;5;1;Medio;;
13569;Excel Tent Trailers;19;3;Largo;;
8949;Excel Trailer Co., Inc.;23;4;Largo;;
6471;Excel Trailers;14;2;Largo;;
8280;Excel Trailers Inc;18;3;Largo;;
4062;Excel Truck Equipment Specialties;33;4;Largo;;
4063;Excelsior-Henderson Motorcycles;31;2;Largo;;
5545;Execucoach Inc;14;2;Largo;;
884;Execuhitch;10;1;Largo;;
8607;Executive Choppers;18;2;Largo;;
9351;Exigis, Inc.;12;2;Largo;;
8757;Exile Cycles;12;2;Largo;;
10904;Exoalloy Llc;12;2;Largo;;
7427;Exolon Systems Inc.;19;3;Largo;;
885;Exosent Engineering;19;2;Largo;;
4064;Exotic Choppers;15;2;Largo;;
5030;Exotix Cycle & Motor Werx;25;5;Largo;;
12830;Expandable B.V.;15;2;Largo;;
7522;Experimental Fabrication Inc;28;3;Largo;;
10348;Explorer Forward Fold;21;3;Largo;;
10349;Explorer Rear Fold;18;3;Largo;;
6883;Explorer Van Company;20;3;Largo;;
10767;Exponent V2;11;2;Largo;;
12253;Express Concession Trailers;27;3;Largo;;
13925;Express Custom;14;2;Largo;;
8465;Express Custom Trailer Mfg. Inc.;32;5;Largo;;
8483;Express Roaster;15;2;Largo;;
886;Express Shuttle Service;23;3;Largo;;
5570;Express Trailers Inc;20;3;Largo;;
887;Express Welding;15;2;Largo;;
6443;Extreme Choppers, Inc;21;3;Largo;;
7820;Extreme Chute Trailers;22;3;Largo;;
5511;Extreme Classic Trailers;24;3;Largo;;
7846;Extreme Engineering Inc.;24;3;Largo;;
4066;Extreme Fabrication;19;2;Largo;;
888;Extreme Road & Trail;20;4;Largo;;
5417;Extreme Trailer;15;2;Largo;;
905;Extreme Trailers;16;2;Largo;;
890;Extreme Trailers (Tn);21;3;Largo;;
5106;Extreme Trailers Llc;20;3;Largo;;
11340;Extreme Trailers Of Texas;25;4;Largo;;
891;Extreme Warrior Rvs Of Idaho;28;5;Largo;;
8011;Extreme Welding;15;2;Largo;;
10709;Extreme Wireline Trucks And Equipment Llc.;42;6;Largo;;
3671;Exxiss;6;1;Medio;;
893;Eye4Design Conversions;22;2;Largo;;
4067;Eyeball Eng.;12;2;Largo;;
5814;Ez;2;1;Corto;;
894;Ez Deploy Systems;17;3;Largo;;
5531;Ez Draw Trailers;16;3;Largo;;
4841;Ez Go;5;2;Medio;;
898;Ez Hunt & Haul;14;4;Largo;;
12621;Ez Kruiser / Raptor;19;4;Largo;;
12623;Ez Kruiser / Vector;19;4;Largo;;
12619;Ez Kruiser / Venom;18;4;Largo;;
4681;Ez Life Campers;15;3;Largo;;
4069;Ez Loader Boat Trailer;22;4;Largo;;
5341;Ez Loader Custom Boat Trailers;30;5;Largo;;
9705;Ez Loader Width Series;22;4;Largo;;
901;Ez Pull Trailers;16;3;Largo;;
5500;Ez Trac;7;2;Medio;;
903;Ez Trailers;11;2;Largo;;
7003;Ez-2-Load Trailer;17;2;Largo;;
7268;Ez-Haul, Inc;12;2;Largo;;
13992;Ezan;4;1;Corto;;
8329;Ezgo;4;1;Corto;;
9043;Ezl Model;9;2;Medio;;
12840;F&F;3;1;Corto;;
12841;F&Fhd;5;1;Medio;;
9714;F&S;3;1;Corto;;
925;F-3 Trailers & Fab.;19;4;Largo;;
13715;F.L.T. Trailers;15;2;Largo;;
13866;Fab Country Outfitters Llc;26;4;Largo;;
4070;Fab Tec;7;2;Medio;;
8682;Fab-Rite Trailer Mfg.;21;3;Largo;;
10153;Fabbro Industries, Llc;22;3;Largo;;
5395;Fabco;5;1;Medio;;
927;Fabform Industries;18;2;Largo;;
11012;Fabmetals;9;1;Medio;;
8672;Fabri-Remorque Inc.;19;2;Largo;;
928;Fabricacion Y Comercializacion Pena;35;4;Largo;;
11851;Fabricaciones Y Servicios De Mexico Sa De Cv ( Fasemex/ Liddell);64;11;Largo;;
13923;Fabricaciones Y Servicios Jumavi;32;4;Largo;;
8867;Fabricated Designs Company;26;3;Largo;;
7041;Fabrication & Design Inc;24;4;Largo;;
9789;Fabrication And Maintenance Service, Llc;40;5;Largo;;
2635;Fabrication Technologies;24;2;Largo;;
952;Fabricators Plus;16;2;Largo;;
10732;Fabrineering;12;1;Largo;;
6718;Fabtec Inc;10;2;Largo;;
953;Fabtech;7;1;Medio;;
10166;Fabtech, Llc;12;2;Largo;;
954;Fabweld, Inc.;13;2;Largo;;
13968;Facil Now, Inc.;15;3;Largo;;
960;Factory Direct Equipment Inc.;29;4;Largo;;
5180;Factory Direct Trailer Sales & Manufacturing;44;6;Largo;;
966;Factory Motorhomes Inc.;23;3;Largo;;
967;Factory Transports, Inc.;24;3;Largo;;
12871;Fading West;11;2;Largo;;
5429;Fair West;9;2;Medio;;
8474;Fairline Inc;12;2;Largo;;
968;Fairplay Electric Cars, Llc;27;4;Largo;;
6553;Fairview Automated Burnouts;27;3;Largo;;
969;Faith Forgotten, Llc;20;3;Largo;;
6586;Fajumes Sa De Cv;16;4;Largo;;
972;Falcon;6;1;Medio;;
9111;Falcon Engineering & Mfg Co.;28;5;Largo;;
13391;Falcon Motors;13;2;Largo;;
973;Falcon Road Maintenance Equipment, Inc.;39;5;Largo;;
4071;Falcon Trailers;15;2;Largo;;
12533;Falcon Trailers Llc;19;3;Largo;;
7926;Falcon Trailerworks;19;2;Largo;;
13670;Family Forge Utility Trailers ,Llc;34;5;Largo;;
11212;Family Garden;13;2;Largo;;
5339;Fan;3;1;Corto;;
9009;Fannin Fabrication;18;2;Largo;;
974;Fanntana Trailers;17;2;Largo;;
7264;Fantasy Coach Company, Inc;26;4;Largo;;
13812;Fantic;6;1;Medio;;
10244;Fantom Teardrops;16;2;Largo;;
12092;Far-Out Trailer;15;2;Largo;;
9867;Farm Boss Trailer;17;3;Largo;;
13853;Farm Forged;11;2;Largo;;
8032;Farmbilt;8;1;Medio;;
975;Farmer Fabrications;19;2;Largo;;
7065;Farmers & Contractors Supply Co.;32;5;Largo;;
9224;Farrington Chariots;19;2;Largo;;
976;Farwest Golf;12;2;Largo;;
1691;Fast -Way Ideal Mfg Co;22;5;Largo;;
10163;Fast Cargo Llc;14;3;Largo;;
13855;Fast Dms;8;2;Medio;;
978;Fast Eddie'S Customs And Classics;33;5;Largo;;
9858;Fast Flow Pumps, Llc;20;4;Largo;;
9805;Fast Global Solutions, Inc.;27;4;Largo;;
979;Fast Master Products, Inc.;26;4;Largo;;
3649;Fast Screen Trailers;20;3;Largo;;
9075;Fast Toys;9;2;Medio;;
8781;Fast Trac Manufacturing, Inc.;29;4;Largo;;
980;Fast Truck Body & Equipment;27;5;Largo;;
981;Fastlanelsv;11;1;Largo;;
6434;Fastline Trailer Mfg., Co.;26;4;Largo;;
4085;Fastload Enterprise;19;2;Largo;;
982;Fastrack Engineering;20;2;Largo;;
12426;Fat;3;1;Corto;;
5181;Fat Attack Custom Bikes;23;4;Largo;;
10626;Fat Boy;7;2;Medio;;
983;Fat Boy Trailers, Llc.;22;4;Largo;;
984;Fat Daddy Racing;16;3;Largo;;
988;Fat Guinea Customs;18;3;Largo;;
989;Fat Socks Motorsports;21;3;Largo;;
12537;Fatbear Scooters;16;2;Largo;;
10106;Fatman;6;1;Medio;;
991;Fatmancycleworks;16;1;Largo;;
6634;Fatt Hogg Frames;16;3;Largo;;
11687;Faudoa Taco Carts & Trailers Llc;32;6;Largo;;
9640;Faulkner Llc;12;2;Largo;;
13323;Fault Line;10;2;Largo;;
992;Faw Jiaxing Happy Messenger;27;4;Largo;;
13639;Faymonville;11;1;Largo;;
8239;Fazekas Industries;18;2;Largo;;
923;Fbi Motor Co.;13;3;Largo;;
13312;Fcb;3;1;Corto;;
995;Fcm-Group;9;1;Medio;;
12356;Fd International, Inc.;22;3;Largo;;
4966;Fdm;3;1;Corto;;
996;Fearless Choppers;17;2;Largo;;
11372;Fearless Eagle Trailers;23;3;Largo;;
997;Featherlite Trailers;20;2;Largo;;
4084;Featherlite Vogue;17;2;Largo;;
6022;Federal Motors Inc;18;3;Largo;;
10268;Fehr;4;1;Corto;;
1001;Fehr Industrial Manufacturing;29;3;Largo;;
13665;Fehring;7;1;Medio;;
4224;Fekon;5;1;Medio;;
4771;Felling Trailers;16;2;Largo;;
1002;Felony Street Gear;18;3;Largo;;
1006;Femco;5;1;Medio;;
13061;Fengling;8;1;Medio;;
11887;Fengyuan;8;1;Medio;;
6960;Fenris Cycle, Inc.;18;3;Largo;;
13123;Ferbel;6;1;Medio;;
4995;Ferguson Built Trailers;23;3;Largo;;
1730;Ferguson Truck Body & Equipment;31;5;Largo;;
7410;Fernando Rivera;15;2;Largo;;
1007;Ferocity Industries;19;2;Largo;;
9928;Ferrara;7;1;Medio;;
603;Ferrari;7;1;Medio;;
4082;Ferro Trailers;14;2;Largo;;
9152;Ferrotek Corporation;20;2;Largo;;
9762;Ff;2;1;Corto;;
492;Fiat;4;1;Corto;;
5059;Fiba Compressed Gas Equipment;29;4;Largo;;
8302;Fiber Pulling Equipment, Inc.;29;4;Largo;;
6780;Fiber Trailer;13;2;Largo;;
8635;Fiber-Tron Trailer;18;2;Largo;;
12560;Fiberglass Bread;16;2;Largo;;
7052;Fiberglass Prototypes Development Manufacturing Company;55;5;Largo;;
7538;Fiberlite Trailers;18;2;Largo;;
7493;Fiberlite Travel Trailers, Inc;30;4;Largo;;
1008;Fibertech Services;18;2;Largo;;
9342;Fibre-Tech, Inc.;16;2;Largo;;
8295;Fibro Concept Inc.;18;3;Largo;;
4611;Fidelity Manufacturing;22;2;Largo;;
1011;Fido Motors;11;2;Largo;;
8796;Fields Trailer Sales;20;3;Largo;;
4081;Fifties Trailers;16;2;Largo;;
1012;Fimco;5;1;Medio;;
11563;Fine Life / Perfect Cottage;27;5;Largo;;
10628;Fineline;8;1;Medio;;
1025;Fineline Trailers;17;2;Largo;;
12663;Finerson Brothers Llc;21;3;Largo;;
12098;Finish Strong Trailers;22;3;Largo;;
6464;Finishline Custom Trailers;26;3;Largo;;
10405;Finishline Motorsports;22;2;Largo;;
10648;Finn;4;1;Corto;;
10462;Fire;4;1;Corto;;
4745;Fire Plus;9;2;Medio;;
1026;Firebird Custom Choppers;24;3;Largo;;
1027;Fireblast 451;13;2;Largo;;
13789;Firebolt Equipment;18;2;Largo;;
7612;Firedancer Manufacturing Inc;28;3;Largo;;
10982;Firefly;7;1;Medio;;
11853;Firefly, Llc;12;2;Largo;;
5563;Firely Esv;10;2;Largo;;
6036;Firepower;9;1;Medio;;
7298;Fireside Recreational Vehicles;30;3;Largo;;
6884;Firetac Systems, Inc.;21;3;Largo;;
12699;Firevent;8;1;Medio;;
1028;First Call Flagging;19;3;Largo;;
6632;First Class Trailers;20;3;Largo;;
1029;First Fueling Systems;21;3;Largo;;
8177;First Line Manufacturing;24;3;Largo;;
6037;First Products Inc;18;3;Largo;;
1030;First United Industrial Foshan;30;4;Largo;;
4080;Fischer Tharp;13;2;Largo;;
12755;Fish Tx;7;2;Medio;;
11519;Fisher Tiny Trailer;19;3;Largo;;
7103;Fisher Welding Company;22;3;Largo;;
5111;Fishing Holdings, Llc;21;3;Largo;;
11856;Fisker;6;1;Medio;;
13869;Fitzgerald;10;1;Largo;;
9558;Fitzgerald Industries Inc;25;3;Largo;;
5182;Fitzgerald Kit Trucks & Sales, Llc;34;6;Largo;;
11182;Fitzgibbons;11;1;Largo;;
1035;Five Diamond Trailers;21;3;Largo;;
12349;Five Hundred;12;2;Largo;;
12344;Five Star;9;2;Medio;;
4079;Five Star Custom Trailer;24;4;Largo;;
12921;Five Star Fabrications, Inc;27;4;Largo;;
7156;Five Star Trailer And Equipment;31;5;Largo;;
1036;Five Star Trailers;18;3;Largo;;
13825;Fl Custom;9;2;Medio;;
6707;Flac Industries Inc.;20;3;Largo;;
7319;Flame King Inc;14;3;Largo;;
8378;Flame Trailers, Inc;19;3;Largo;;
1040;Flaming Hacksaw Fabrication Llc;31;4;Largo;;
9943;Flare Stack;11;2;Largo;;
12634;Flash;5;1;Medio;;
8206;Flat Bed;8;2;Medio;;
1042;Flat Creek Lodges;17;3;Largo;;
1044;Flatt Enterprises;17;2;Largo;;
4534;Flaunt Electric Vehicles;24;3;Largo;;
6709;Fleet Air Worldwide, Inc;24;4;Largo;;
1046;Fleet Equine;12;2;Largo;;
1047;Fleet Equipment;15;2;Largo;;
1049;Fleet Masters;13;2;Largo;;
11918;Fleet Tech;10;2;Largo;;
5054;Fleetwing Travelers, Inc.;25;3;Largo;;
4564;Fleetwood Enterprises;21;2;Largo;;
5642;Fleetwood Enterprises (Avion);29;3;Largo;;
5647;Fleetwood Enterprises (Caribou);31;3;Largo;;
5648;Fleetwood Enterprises (Elkhorn);31;3;Largo;;
5646;Fleetwood Enterprises (Mallard);31;3;Largo;;
5645;Fleetwood Enterprises (Park Models);35;4;Largo;;
5640;Fleetwood Enterprises (Prowler);31;3;Largo;;
5649;Fleetwood Enterprises (Savanna);31;3;Largo;;
5638;Fleetwood Enterprises (Terry);29;3;Largo;;
5641;Fleetwood Enterprises (Wildnerness);35;3;Largo;;
9661;Fleetwood Enterprises, Inc. (Angler);36;4;Largo;;
9660;Fleetwood Enterprises, Inc. (Westport);38;4;Largo;;
5635;Fleetwood Folding Trailer (Pioneer);35;4;Largo;;
1055;Fleetwood Folding Trailers;26;3;Largo;;
1476;Fleetwood Rv, Inc.;18;3;Largo;;
6421;Fleming Trailers Incorporated;29;3;Largo;;
8445;Fletcher'S Equipment;20;2;Largo;;
12973;Flex Security Llc.;18;3;Largo;;
1058;Flex Temp Systems;17;3;Largo;;
5019;Flex Trailers Llc;17;3;Largo;;
6190;Flex-King;9;1;Medio;;
10058;Flexreel Trailers Inc.;22;3;Largo;;
9836;Flextech Manufacturing;22;2;Largo;;
4885;Flextop Trailers Llc;20;3;Largo;;
1060;Flicker Group;13;2;Largo;;
11351;Flinstone;9;1;Medio;;
6397;Flint Manufacturing;19;2;Largo;;
12708;Flistar;7;1;Medio;;
12602;Flivver;7;1;Medio;;
10292;Floatride Trailers;18;2;Largo;;
4092;Floe International;18;2;Largo;;
11755;Florida Built;13;2;Largo;;
8016;Florida Custom Choppers Llc;27;4;Largo;;
4093;Florida Trailers, Inc. Dba South Florida Trailers;49;7;Largo;;
7894;Flournoy Trailer Sales;22;3;Largo;;
1061;Flow Tech Fabricators;21;3;Largo;;
1062;Flow-Boy By Hi-Way;18;3;Largo;;
11747;Flowers Custom Trailers & Repair Llc;36;6;Largo;;
10232;Flux;4;1;Corto;;
10608;Flux Horizon;12;2;Largo;;
5328;Flxible;7;1;Medio;;
11167;Fly By Trailers;15;3;Largo;;
11697;Fly E-Bike;10;2;Largo;;
11625;Fly Wing;8;2;Medio;;
6802;Flyer;5;1;Medio;;
1063;Flynn'S Welding & Machine Shop;30;5;Largo;;
1065;Flyrite Choppers;16;2;Largo;;
12761;Fm;2;1;Corto;;
10574;Fm Aerovault;12;2;Largo;;
1126;Fm Mfg., Inc.;13;3;Largo;;
1127;Fmb Choppers;12;2;Largo;;
4612;Fmd Fabrication Services;24;3;Largo;;
6835;Fna Group Inc;13;3;Largo;;
9273;Fobes Welding & Iron Works;26;5;Largo;;
13278;Focal Technologies, Inc.;24;3;Largo;;
11879;Fofo;4;1;Corto;;
6727;Fogleman Manufactluring, Inc.;29;3;Largo;;
10118;Foldtrailer Ltd.;16;2;Largo;;
7461;Fontaine Specialized Inc;24;3;Largo;;
7854;Fontaine Trailer;16;2;Largo;;
1128;Fontaine Trailer Co.;20;3;Largo;;
5124;Fontaine Truck Equipment Company;32;4;Largo;;
10914;Fonzis;6;1;Medio;;
4940;Food Buggy;10;2;Largo;;
12355;Food Carts Unlimited;20;3;Largo;;
12395;Food Trailer Pros;17;3;Largo;;
9733;Food Trailers, Inc.;19;3;Largo;;
10719;Food Trucks Usa;15;3;Largo;;
14045;Food Van;8;2;Medio;;
1135;Food-Trailers;13;1;Largo;;
11548;Foodcart Usa;12;2;Largo;;
12208;Foodin Wheels;13;2;Largo;;
14081;Foodline;8;1;Medio;;
14082;Foodmax;7;1;Medio;;
10073;Foothills Custom Cabin, Llc;27;4;Largo;;
7325;Foral Company;13;2;Largo;;
7048;Force Manufacturing;19;2;Largo;;
460;Ford;4;1;Corto;;
5807;Ford Motor Company Of New Zealand;33;6;Largo;;
4533;Fords Trailer Sales;19;3;Largo;;
11646;Forecast;8;1;Medio;;
13207;Foreign Export;14;2;Largo;;
1137;Foremost Truck & Trailer Specialists;36;5;Largo;;
4886;Foreshee Flatbed Ladders And Manufacturing Llc;46;6;Largo;;
531;Forest River;12;2;Largo;;
11547;Forest Trailers;15;2;Largo;;
4881;Foretravel;10;1;Largo;;
10092;Forever;7;1;Medio;;
4794;Forever Concession Trailers Llc;31;4;Largo;;
9454;Forks Rv;8;2;Medio;;
12880;Form Ev;7;2;Medio;;
1140;Formcaster Inc.;15;2;Largo;;
1142;Formula 1 Street Com;20;4;Largo;;
1148;Formula Trailers;16;2;Largo;;
1149;Forrest City Manufacturing;26;3;Largo;;
12065;Forst;5;1;Medio;;
9584;Forsythe & Dowis Rides, Inc.;28;5;Largo;;
10743;Fort;4;1;Corto;;
13172;Forte;5;1;Medio;;
12097;Forte Bimetal;13;2;Largo;;
1150;Fortitude Manufacturing;23;2;Largo;;
1151;Fortunesport Ves;16;2;Largo;;
11688;Forza Co;8;2;Medio;;
1155;Foshan Fosti Motorcycle Manufacturing Co.;41;5;Largo;;
1172;Foshan Nanhai Yiho Hardware Electric Equipment Co;49;7;Largo;;
5470;Foshan Shunde F1 Transport Engineering Co., Ltd;47;7;Largo;;
1173;Foss Developing;15;2;Largo;;
4821;Fosti;5;1;Medio;;
1175;Foundry Moto;12;2;Largo;;
1176;Four - W Trailers;17;4;Largo;;
11621;Four Degree Trailer Company;27;4;Largo;;
5514;Four Horseman Motorcycle Co Llc;31;5;Largo;;
9502;Four Mile Fabrication Llc;25;4;Largo;;
5636;Four Seasons;12;2;Largo;;
6949;Four Winds International Corporation;36;4;Largo;;
2954;Four Winns;10;2;Largo;;
12075;Fourmen Mfg;11;2;Largo;;
7331;Fourstar Trailers;17;2;Largo;;
7188;Fowler Trailers, Inc;20;3;Largo;;
10270;Fowler Welding And Repair;25;4;Largo;;
7024;Fox Better Built Trailers;25;4;Largo;;
8447;Fox Fabrication Inc.;20;3;Largo;;
1179;Fox Hollow Mfg.;15;3;Largo;;
9603;Fox Teardrop;12;2;Largo;;
1185;Fox Trailers;12;2;Largo;;
11010;Fox Valley;10;2;Largo;;
8182;Fox Valley Metal Tech, Inc;26;5;Largo;;
14114;Foxlink;7;1;Medio;;
4115;Foxworth Enterprises;20;2;Largo;;
8676;Fraco Products Ltd;18;3;Largo;;
11803;Fractal;7;1;Medio;;
7984;Fraker Manufacturing Co.;24;3;Largo;;
8695;Frala'S Trailers;16;2;Largo;;
11955;Framar;6;1;Medio;;
7116;Framtrac Manufacturing Co. Ltd;30;4;Largo;;
4727;Francis Trailer Manufacturing Inc.;34;4;Largo;;
8105;Frank Siviglia & Co. Inc;24;5;Largo;;
11043;Franklin Electric Co Inc;24;4;Largo;;
4954;Franklin Retreats;17;2;Largo;;
1186;Franko'S Custom Cycles Inc.;27;4;Largo;;
6985;Frederiksen Enterprises Inc;27;3;Largo;;
6786;Fredy Ruiz Martinez;19;3;Largo;;
1193;Free Drive Ev;13;3;Largo;;
1195;Freeborn Customs, Inc.;22;3;Largo;;
1208;Freeborn'S Chop Shop;20;3;Largo;;
12002;Freedom Builders;16;2;Largo;;
1212;Freedom Fabrication;19;2;Largo;;
11156;Freedom Motor Company;21;3;Largo;;
1218;Freedom Motorcycle Company;26;3;Largo;;
5099;Freedom Outdoor Products;24;3;Largo;;
12685;Freedom Scooters;16;2;Largo;;
4116;Freedom Trailers;16;2;Largo;;
10858;Freedom Trailers Inc;20;3;Largo;;
1222;Freedom Trailers Llc;20;3;Largo;;
1219;Freedom Trailers, Inc.;22;3;Largo;;
1220;Freedom Trailers, Llc;21;3;Largo;;
1223;Freeman Choppers, Llc;21;3;Largo;;
7754;Freeman'S;9;1;Medio;;
1284;Freemyer Industries;19;2;Largo;;
6787;Freeport Mills Signworks Inc;28;4;Largo;;
11369;Freeranger;10;1;Largo;;
7217;Freespirit Recreation;21;2;Largo;;
13929;Freewind;8;1;Medio;;
450;Freightliner;12;1;Largo;;
10105;Friesen Trailers;16;2;Largo;;
1225;Friesen Welding;15;2;Largo;;
5707;Frisbie Construction Co Inc;27;4;Largo;;
10994;Frog;4;1;Corto;;
11553;Frolik Cargo Campers;20;3;Largo;;
1229;Frontier Cargo;14;2;Largo;;
1230;Frontier Equipment Design;25;3;Largo;;
970;Frontier Industrial;19;2;Largo;;
13138;Frontier Manufacturing Co;25;3;Largo;;
1057;Frontier Rv;11;2;Largo;;
7899;Frontier Trailer Sales;22;3;Largo;;
12962;Frontier Unlimited;18;2;Largo;;
8144;Frontline;9;1;Medio;;
8935;Frp Trailers;12;2;Largo;;
12373;Fruehauf Inc.;13;2;Largo;;
4963;Fruehuaf;8;1;Medio;;
5749;Fruetel;7;1;Medio;;
10797;Fruitland Park Trailers;23;3;Largo;;
9217;Fry'S Welding Inc.;18;3;Largo;;
9763;Fryfogle Manufacturing, Inc.;28;3;Largo;;
10787;Fs Designs Usa;14;3;Largo;;
11660;Ft El Ocho;10;3;Largo;;
13015;Ftd;3;1;Corto;;
1031;Ftec;4;1;Corto;;
4665;Ftg Equipment Solutions;23;3;Largo;;
12737;Fuel Hog Trailers Llc;21;4;Largo;;
823;Fuel Horse;10;2;Largo;;
13490;Fuelcart;8;1;Medio;;
11143;Fueltec;7;1;Medio;;
12397;Fuertec;7;1;Medio;;
13963;Fuhltilt;8;1;Medio;;
977;Fujian Changchun (Special Vehicle Mfg);38;5;Largo;;
4617;Fukushu, Inc.;13;2;Largo;;
12417;Full House;10;2;Largo;;
4833;Full Throttle Fabrication;25;3;Largo;;
8503;Fullmoon Customs;16;2;Largo;;
451;Fulmer Fabrications;19;2;Largo;;
818;Fulu;4;1;Corto;;
13469;Fun Finder;10;2;Largo;;
8013;Fun Slides Inc;14;3;Largo;;
8024;Fun Tech Industries, Inc.;25;4;Largo;;
12786;Fun Time;8;2;Medio;;
4735;Funbuddy;8;1;Medio;;
8408;Funtec, Inc.;12;2;Largo;;
7088;Fuqua Homes, Inc;16;3;Largo;;
13557;Fusion;6;1;Medio;;
9486;Fusion Production System Inc.;29;4;Largo;;
12553;Futura Trailers;15;2;Largo;;
5675;Futura Trailers Limited;23;3;Largo;;
6712;Future Home Technology;22;3;Largo;;
13479;Fuzion;6;1;Medio;;
985;Fuzion Motorcycles;18;2;Largo;;
10928;Fwd;3;1;Corto;;
5561;Fwm Inc.;8;2;Medio;;
12987;Fwmoto;6;1;Medio;;
13291;Fx;2;1;Corto;;
8482;Fx Motorcycle Design & Performance;34;5;Largo;;
10801;Fynn;4;1;Corto;;
6715;Fyrberg Welding;15;2;Largo;;
7689;G & B Manufacturing;19;4;Largo;;
4117;G & C Inc.;10;4;Largo;;
6026;G & D Enterprises;17;4;Largo;;
999;G & G Fab;9;4;Medio;;
1004;G & G Metal Fabrication;23;5;Largo;;
10681;G & G Utility Trailers, Llc;27;6;Largo;;
1016;G & K Steelworks;16;4;Largo;;
6029;G & R Enterprises;17;4;Largo;;
10672;G And G;7;3;Medio;;
10203;G R;3;2;Corto;;
9205;G&S Enterprise;14;2;Largo;;
1019;G-2 Motorcycles;15;2;Largo;;
11195;G-Customs;9;1;Medio;;
8442;G-Fab, Inc.;11;2;Largo;;
9499;G-Force Trailers Llc;20;3;Largo;;
7271;G. C, Manufacturing, Inc;24;4;Largo;;
8967;G.P.T.;6;1;Medio;;
8648;G.W. Fabrication L.L.C.;23;3;Largo;;
13552;G2 Trailers;11;2;Largo;;
10582;G3 Fabrication;14;2;Largo;;
1023;Gabilan Welding;15;2;Largo;;
9866;Gabriel Logan Llc;17;3;Largo;;
4118;Gabriel Villescas West Mesa Choppers;36;5;Largo;;
11878;Gabriel'S;9;1;Medio;;
11820;Gaea;4;1;Corto;;
12851;Gaf;3;1;Corto;;
11252;Gaia;4;1;Corto;;
5708;Gaitway Trailer Co;18;3;Largo;;
5569;Galaxy;6;1;Medio;;
7641;Galaxy Trailer Mfg.;19;3;Largo;;
8963;Galbreath;9;1;Medio;;
11880;Gale Marine Llc;15;3;Largo;;
4888;Galfab;6;1;Medio;;
4119;Galion Manufacturing;20;2;Largo;;
6885;Galpin Manufacturing, Inc;25;3;Largo;;
7304;Galvanized International;24;2;Largo;;
4726;Galyean Equipment Co.;21;3;Largo;;
7565;Gam;3;1;Corto;;
7994;Gamble Trailers Inc;19;3;Largo;;
7825;Gamble'S Welding & Fabrication;30;4;Largo;;
1618;Gambler;7;1;Medio;;
4953;Game Day Traditions;19;3;Largo;;
13998;Gandall Llc;11;2;Largo;;
1059;Gangster Choppers Inc;21;3;Largo;;
7206;Gangtiexia;10;1;Largo;;
3865;Ganzcorp Investments, Inc.;26;3;Largo;;
1421;Gap Hill Aluminum Shop;22;4;Largo;;
10062;Gapvax;6;1;Medio;;
2467;Garcia Industries;;;;;
10868;Garcia'S Trailers;17;2;Largo;;
6791;Garden State Chassis Remanufacturing Inc;40;5;Largo;;
13914;Gardner Cryogenics;18;2;Largo;;
4094;Gardner Denver, Water Jetting Systems;37;5;Largo;;
9424;Gardner-Pacific Corporation;27;2;Largo;;
1469;Garia;5;1;Medio;;
1337;Garland Trailer Designs;23;3;Largo;;
5422;Garlock Trailers;16;2;Largo;;
5709;Garneau'S Garage, Inc;21;3;Largo;;
8799;Garrett Container Systems, Inc.;31;4;Largo;;
9646;Gasbox;6;1;Medio;;
11307;Gasgas;6;1;Medio;;
11560;Gateway & Milestone;19;3;Largo;;
4040;Gateway Materials;17;2;Largo;;
4850;Gateway Teardrops;17;2;Largo;;
12037;Gator;5;1;Medio;;
4039;Gator Made;10;2;Largo;;
13131;Gator Pit;9;2;Medio;;
10670;Gatorback Trailer;17;2;Largo;;
12148;Gautier;7;1;Medio;;
4650;Gba Sales Consignment & Rental;30;5;Largo;;
11074;Gc Trailers;11;2;Largo;;
5943;Gc-1;4;1;Corto;;
8233;Gca - Largo Industries Inc;26;5;Largo;;
12225;Gcgc;4;1;Corto;;
8237;Gcj;3;1;Corto;;
1164;Gck Industrial;14;2;Largo;;
9513;Gcl, Inc.;9;2;Medio;;
12683;Gcp;3;1;Corto;;
4095;Gdm Incorporated;16;2;Largo;;
1226;Ge Packaged Power;17;3;Largo;;
1234;Ge Trailers;11;2;Largo;;
9869;Gea Farm Technologies;21;3;Largo;;
1392;Gear Gasm;9;2;Medio;;
13502;Gear Hub Trailers;17;3;Largo;;
1601;Gear Jammer;11;2;Largo;;
1614;Gearheads Inc.;14;2;Largo;;
13305;Geaux Pull;10;2;Largo;;
527;Geely;5;1;Medio;;
12195;Geely Group Zhejiang Motorcycle Co Ltd;38;6;Largo;;
12200;Geely Group Zhejiang Motorcycle Co., Ltd / Coleman;50;8;Largo;;
10024;Gefco, Inc.;11;2;Largo;;
9149;Geisert Enterprises Ltd;23;3;Largo;;
1617;Geistwerks;10;1;Largo;;
1624;Gelimex Jsc;11;2;Largo;;
13359;Gelsa Group;11;2;Largo;;
595;Gem;3;1;Corto;;
11422;Gem Waev;8;2;Medio;;
8612;Gem-L Inc;9;2;Medio;;
1816;Gemco Park Homes;16;3;Largo;;
13649;Gemilang;8;1;Medio;;
7588;Gemini Auto & Trailer Inc;25;5;Largo;;
1817;Gemini Auto Lifts;17;3;Largo;;
14074;Gen 3;5;2;Medio;;
5004;Genave/Nrc;10;1;Largo;;
10469;Genco Mine Service;18;3;Largo;;
10107;Gencor;6;1;Medio;;
1953;Gene'S Golf Carts;17;3;Largo;;
5486;Generac Mobile Products, Llc;28;4;Largo;;
7539;Generac Power Systems Inc;25;4;Largo;;
5183;General Automotive Corporation;30;3;Largo;;
4096;General Coach;13;2;Largo;;
1851;General Crane Service;21;3;Largo;;
1922;General Duty Trailers;21;3;Largo;;
1934;General Fertilizer Equipment;28;3;Largo;;
1940;General Machine Products;24;3;Largo;;
11620;General Machining &Welding;26;3;Largo;;
7525;General Purpose Vehicles;24;3;Largo;;
1945;General Rich Enterprises;24;3;Largo;;
1949;General Services, Inc (Gsi);27;4;Largo;;
6120;General Shelters;16;2;Largo;;
8184;General Shelters Of Kenedy, Tx Ltd;34;6;Largo;;
8978;General Trailer;15;2;Largo;;
9406;General Trailer Mfg, Inc.;25;4;Largo;;
1848;General Truck Body;18;3;Largo;;
5398;General Welding And Fabricating Inc;35;5;Largo;;
5083;Genesis;7;1;Medio;;
6840;Genesis Supreme Rv, Inc;23;4;Largo;;
11778;Genesis Trailer;15;2;Largo;;
8556;Genesis Trailers Inc.;21;3;Largo;;
6777;Genie Manufacturing, Inc.;25;3;Largo;;
9775;Genuine;7;1;Medio;;
571;Genuine Jacks;13;2;Largo;;
570;Genuine Scooters;16;2;Largo;;
4669;Genze;5;1;Medio;;
1146;Geo;3;1;Corto;;
11619;George P. Johnson Travel Trailer;32;5;Largo;;
6778;George R. Lawson;16;3;Largo;;
13478;Georgia Lsv;11;2;Largo;;
7614;Georgia Wholesale Trailers;26;3;Largo;;
6123;Gerald L. Mccoy;15;3;Largo;;
3162;Gerdes Fabricating;18;2;Largo;;
5527;Gerling And Associates;22;3;Largo;;
5710;Gettig Technologies Ltd;23;3;Largo;;
11909;Gevc;4;1;Corto;;
6544;Gfa;3;1;Corto;;
2984;Gforce Fabrication;18;2;Largo;;
13974;Gg Cart;7;2;Medio;;
11347;Gg Trailers;11;2;Largo;;
11802;Gheer Built;11;2;Largo;;
8843;Ghormley Mechanical Industries Inc.;35;4;Largo;;
12889;Ghostev;7;1;Medio;;
11261;Gibraltar;9;1;Medio;;
3163;Gibson Brothers Welding;23;3;Largo;;
8050;Gichner Refrigerated Systems;28;3;Largo;;
2872;Gichner Truck Bodies;20;3;Largo;;
4532;Gicon Pumps And Equipment;25;4;Largo;;
6705;Giddings Machine Company, Inc.;30;4;Largo;;
11532;Giddy Up;8;2;Medio;;
5384;Gidget;6;1;Medio;;
9310;Gilcrest Equipment Co.;22;3;Largo;;
4097;Giles Rv;8;2;Medio;;
9150;Gillespie Welding And Fabrication;33;4;Largo;;
554;Gillig;6;1;Medio;;
9566;Gilpin'S Welding & Machine Works, Inc.;38;6;Largo;;
13969;Gilroy Food Trucks;18;3;Largo;;
13311;Gincor Trailer Werx;19;3;Largo;;
12596;Gio;3;1;Corto;;
2880;Girtz Industries;16;2;Largo;;
8646;Givco Custom Trailers;21;3;Largo;;
2875;Gk Machine;10;2;Largo;;
4910;Glacier;7;1;Medio;;
11937;Glade Top Adventures;20;3;Largo;;
10246;Gladiator;9;1;Medio;;
5184;Gladiator Custom Trailers, Inc.;31;4;Largo;;
8864;Glas Fab, Inc.;14;3;Largo;;
9577;Glassstream Trailers, Inc.;26;3;Largo;;
2955;Glastron;8;1;Medio;;
2886;Glendale Rv;11;2;Largo;;
7100;Glenn;5;1;Medio;;
10393;Glickenhaus;11;1;Largo;;
6706;Glidewell Trailer Sales;23;3;Largo;;
10425;Global;6;1;Medio;;
10331;Global Environmental Products Inc;33;4;Largo;;
9786;Global Equipment Company, Inc.;30;4;Largo;;
5349;Global Fabricators;18;2;Largo;;
6636;Global Factory Products, Inc;28;4;Largo;;
2883;Global Generation Cult;22;3;Largo;;
3160;Global Inventive Industries;27;3;Largo;;
2906;Global Motorsport Group;23;3;Largo;;
5450;Global Power Components;23;3;Largo;;
2902;Global Pump Company;19;3;Largo;;
2986;Global Steel;12;2;Largo;;
2980;Global Truck & Trailer Sales;28;5;Largo;;
2988;Global Vaccum Systems;21;3;Largo;;
10911;Globaleco;9;1;Medio;;
3164;Globe Trailer Manufacturing;27;3;Largo;;
13100;Glv, Llc;8;2;Medio;;
13281;Gm;2;1;Corto;;
13246;Gm Trailers;11;2;Largo;;
472;Gmc;3;1;Corto;;
8451;Gme;3;1;Corto;;
7950;Gmr Trailers, Inc;17;3;Largo;;
13088;Gms Powersports;15;2;Largo;;
13454;Go Daddy Trailers;17;3;Largo;;
13282;Go Easy Carts;13;3;Largo;;
13158;Go Explore;10;2;Largo;;
13606;Go Lite;7;2;Medio;;
12327;Go Play;7;2;Medio;;
6563;Go Rite Trailers, Inc.;22;4;Largo;;
5309;Go Rv;5;2;Medio;;
3546;Go-Zan;6;1;Medio;;
13304;Goat Trailers;13;2;Largo;;
11458;Goathead;8;1;Medio;;
10476;Gobe;4;1;Corto;;
10355;Gocar;5;1;Medio;;
13405;Goeasy;6;1;Medio;;
13137;Gofly;5;1;Medio;;
7290;Gold Star;9;2;Medio;;
2898;Gold Star Communications;24;3;Largo;;
2871;Gold Star Custom Trailers;25;4;Largo;;
7343;Gold Star Trailer;17;3;Largo;;
10529;Golden;6;1;Medio;;
11251;Golden Arm Trailers, Llc;24;4;Largo;;
7648;Golden Building Corporation;27;3;Largo;;
9268;Golden Eagle Trailer Manufacturing & Welding Works;50;7;Largo;;
4592;Golden Gait Trailers;20;3;Largo;;
13843;Golden Guard Card;17;3;Largo;;
13318;Golden Road Trailers;20;3;Largo;;
12963;Golden Trailers;15;2;Largo;;
7160;Golden West Homes;17;3;Largo;;
13936;Goldhofer;9;1;Medio;;
7127;Golf Car Center;15;3;Largo;;
486;Golf Cars Of Arizona;20;4;Largo;;
10324;Golf Cart Connection Llc;24;4;Largo;;
9799;Golf Cart Outlet Of Mount Airy;30;6;Largo;;
13677;Gone Coastal;12;2;Largo;;
12206;Gontis Welding And Fabrication, Llc;35;5;Largo;;
7227;Good Pace Inc;13;3;Largo;;
12289;Good Rv Equipment Inc.;22;4;Largo;;
2870;Good Thunder Motorcycles;24;3;Largo;;
6742;Good Time;9;2;Medio;;
6450;Good Time Outdoors, Inc.;24;4;Largo;;
8444;Goodbrand Enterprises Llc;25;3;Largo;;
11656;Goodguys Trailers Llc;21;3;Largo;;
9450;Goodman Motorcycles, Ltd.;25;3;Largo;;
7265;Goodson Building Systems, Inc;29;4;Largo;;
11969;Goodwater Tiny Homes;20;3;Largo;;
1923;Google;6;1;Medio;;
2868;Goose Creek Enterprises;23;3;Largo;;
7415;Gooseneck Trailer Mfg.,Co, Inc;30;4;Largo;;
13528;Gordis;6;1;Medio;;
5571;Gore;4;1;Corto;;
9984;Gorham Fabrication Inc.;23;3;Largo;;
11493;Gorilla;7;1;Medio;;
2217;Gorilla Built Enterprises;25;3;Largo;;
11199;Gorilla Trailers Llc;20;3;Largo;;
7555;Gorilla Vehicles;16;2;Largo;;
9496;Gorman;6;1;Medio;;
12768;Gotrax;6;1;Medio;;
2864;Gotwals Brothers;16;2;Largo;;
5655;Govecs;6;1;Medio;;
12309;Goview Llc;10;2;Largo;;
9980;Gp Trailers Inc;15;3;Largo;;
9913;Gps Trailers;12;2;Largo;;
10320;Gr;2;1;Corto;;
2863;Gr Trailers;11;2;Largo;;
7746;Gra-Ter Industries Inc;22;3;Largo;;
2860;Grabill Rv Manufacturing;24;3;Largo;;
2858;Grace Industries;16;2;Largo;;
2856;Graetz Manufacturing;20;2;Largo;;
9548;Graham Company;14;2;Largo;;
8636;Graham Lsv;10;2;Largo;;
10609;Grain Hopper;12;2;Largo;;
9791;Grainger Enterprises Inc. Dba Cargo Deck Llc;44;7;Largo;;
12802;Grand Canyon;12;2;Largo;;
8289;Grand Canyon Golf Cars Inc;26;5;Largo;;
1336;Grand Design Recreational;25;3;Largo;;
1347;Grand Island;12;2;Largo;;
1353;Grand Lake Fabrication;22;3;Largo;;
10345;Grand Teton;11;2;Largo;;
2077;Grande;6;1;Medio;;
5317;Grande West;11;2;Largo;;
7987;Grandeur Cycles Inc;19;3;Largo;;
11920;Grandview;9;1;Medio;;
1354;Grandwatt Electric;18;2;Largo;;
11910;Granite Industries;18;2;Largo;;
4099;Grasshopper Enterprises;23;2;Largo;;
6492;Graves Custom Cycles, Llc;25;4;Largo;;
1357;Gravity Concepts;16;2;Largo;;
10475;Gray'S;6;1;Medio;;
1360;Greasyhill;10;1;Largo;;
1367;Great American Chopper;22;3;Largo;;
6108;Great Basin Industries Inc;26;4;Largo;;
520;Great Dane Trailers;19;3;Largo;;
13801;Great Day Golf Carts Of Oib;27;6;Largo;;
4121;Great Lakes Cargo;17;3;Largo;;
8741;Great Lakes Choppers;20;3;Largo;;
11221;Great Lakes Stage;17;3;Largo;;
1408;Great Lakes Trailer;19;3;Largo;;
9423;Great Lakes Trailers;20;3;Largo;;
1410;Great Northern Trailer Works;28;4;Largo;;
11413;Great Outdoor Cottages;22;3;Largo;;
1412;Great Plains Fabrication;24;3;Largo;;
14038;Great Timber Trailers;21;3;Largo;;
1414;Great White Trailers;20;3;Largo;;
1416;Great Wolf Trailers;19;3;Largo;;
1417;Grecer, Sa De Cv;16;4;Largo;;
8419;Green 4 U Inc.;14;4;Largo;;
9199;Green Bros. Manufacturing;25;3;Largo;;
1444;Green District;14;2;Largo;;
1448;Green Elec-Motor;16;2;Largo;;
4789;Green Hop'R;11;2;Largo;;
1472;Green International Solutions;29;3;Largo;;
14027;Green Machines;14;2;Largo;;
10757;Green Mountain;14;2;Largo;;
1481;Green Power Technology;22;3;Largo;;
13366;Green River Cabins;18;3;Largo;;
1482;Green Valley Manufacturing;26;3;Largo;;
7267;Green'S Welding And Trailer Sales;33;5;Largo;;
13808;Greenfield;10;1;Largo;;
12852;Greenfield Products Llc;23;3;Largo;;
1486;Greenfield Trailers;19;2;Largo;;
12254;Greenfist;9;1;Medio;;
5277;Greengo Buggies;15;2;Largo;;
1499;Greengo Tek;11;2;Largo;;
8074;Greenhead Trailers Mfg;22;3;Largo;;
1513;Greenkraft;10;1;Largo;;
10455;Greenline Equipment, Llc;24;3;Largo;;
1525;Greenlite Trailers;18;2;Largo;;
4970;Greenman Machinery Group(Hk)Limited;35;3;Largo;;
4948;Greenpower;10;1;Largo;;
1532;Greentech Automotive;20;2;Largo;;
5326;Greenwater Trailers;19;2;Largo;;
11312;Greg'S Trailers;15;2;Largo;;
5023;Gregory Industries Inc.;23;3;Largo;;
9524;Gregory Racing Fabrications;27;3;Largo;;
12913;Greyson;7;1;Medio;;
13997;Gridko;6;1;Medio;;
5711;Griffin Trailer;15;2;Largo;;
1535;Griffin Trailer (Chubbs);24;3;Largo;;
1534;Griffith Choppers;17;2;Largo;;
5712;Grigsby;7;1;Medio;;
5185;Grimaldi'S Heating & Sheet Metal, Inc.;38;6;Largo;;
8093;Grimes-Parker Ind Inc.;22;3;Largo;;
12626;Gripin;6;1;Medio;;
13640;Grizzly;7;1;Medio;;
8085;Grizzly Cycle Works;19;3;Largo;;
8173;Grizzly Mountain Manufacturing Inc;34;4;Largo;;
6126;Grooms Welding & Machine Inc;28;5;Largo;;
6501;Ground Force Manufacturing Llc;30;4;Largo;;
6127;Ground Heaters;14;2;Largo;;
12003;Group Los Andes;15;3;Largo;;
10177;Grove Creek Fabrication Llc;27;4;Largo;;
6944;Grp Fiberglass Limited;22;3;Largo;;
6945;Grubb Trailers, Inc.;20;3;Largo;;
5801;Grumman;7;1;Medio;;
5069;Grumman Olson;13;2;Largo;;
4122;Grumpys Custom Motorcycles;26;3;Largo;;
11208;Grupo Aguirre Luna Y Asociados Sa De Cv;39;8;Largo;;
11033;Grupo Indolsa S. De R.L. M.I.;29;6;Largo;;
9952;Grupo Industrial Tres Estrellas;31;4;Largo;;
1539;Grupo Remolques Del Norte;25;4;Largo;;
6264;Gruppe B;8;2;Medio;;
6398;Gryphon Bikes & Choppers;24;4;Largo;;
1545;Gs Manufacturing;16;2;Largo;;
4123;Gs Motor Company;16;3;Largo;;
9737;Gs Trailers;11;2;Largo;;
1546;Gse Custom Cars And Cycles;26;5;Largo;;
9978;Gsk;3;1;Corto;;
11971;Gsl;3;1;Corto;;
1409;Gsn Customs;11;2;Largo;;
10856;Gt;2;1;Corto;;
8217;Gt Mfg;6;2;Medio;;
6937;Gt'S Boat Works;15;3;Largo;;
9652;Gtc;3;1;Corto;;
10847;Gti;3;1;Corto;;
14059;Gto Golf Kars;13;3;Largo;;
11159;Gto Trailer;11;2;Largo;;
1418;Guam Steel Services, Llc Dba Tsunami Motorsports;48;7;Largo;;
13261;Guang Chuan;11;2;Largo;;
1426;Guangdong Qingxin Liantong Industry Co. Ltd.;44;6;Largo;;
8431;Guangzhou Dayang Motorcycle Co Ltd;34;5;Largo;;
1430;Guangzhou Panyu Haojian Motorcycle Industry Co., Ltd;52;7;Largo;;
1450;Guangzhou Panyu Huanan Motors Group Co., Ltd.;45;7;Largo;;
1484;Guardain Trailers Inc.;22;3;Largo;;
13883;Guarddawg;9;1;Medio;;
6974;Guardian;8;1;Medio;;
11914;Gud Motorsports Llc;19;3;Largo;;
1489;Guerdon Enterprises Llc;23;3;Largo;;
1493;Guerilla Customs;16;2;Largo;;
12318;Gulf Atlantic Cottages;22;3;Largo;;
5603;Gulf Coast Trailer Mfg.;23;4;Largo;;
12362;Gulf Coast Trailers;19;3;Largo;;
13615;Gulf Of America Manufacturing Llc;33;5;Largo;;
4573;Gulf South Trailer Works;24;4;Largo;;
7634;Gulf Stream Coach, Inc.;23;4;Largo;;
12159;Gulfside Fabricators;20;2;Largo;;
1526;Gull Wing Industries, Inc.;26;4;Largo;;
6663;Gullwing International Motors, Ltd.;35;4;Largo;;
4950;Gun Fighter Customs;19;3;Largo;;
10385;Gurp;4;1;Corto;;
9394;Guzzler Manufacturing, Inc.;27;3;Largo;;
12599;Gy Device;9;2;Medio;;
11189;Gypsi Mae Trailers;18;3;Largo;;
8381;H & G Marine Service, Inc.;26;6;Largo;;
1758;H & H Motor Cycles;18;5;Largo;;
2157;H & H Supply;12;4;Largo;;
1536;H & H Trailer Sw;16;5;Largo;;
2158;H & H Trailers;14;4;Largo;;
7604;H & H Welding & Repair Llc;26;7;Largo;;
1541;H & H Welding, Llc;18;5;Largo;;
1567;H & M Gopher Control;20;5;Largo;;
5067;H & M Manufacturing, Inc.;25;5;Largo;;
1564;H & M Trailers Llc;18;5;Largo;;
8418;H & S Manufacturing Co Inc;26;6;Largo;;
5715;H & W Trailer Works Inc;23;6;Largo;;
10383;H Bull Smart Trailers, Llc;26;5;Largo;;
8272;H E M Enterprises Inc;21;5;Largo;;
13453;H Fab Trailers;14;3;Largo;;
13567;H L Enterprise Inc.;19;4;Largo;;
10950;H&A Welding Llc;15;3;Largo;;
6491;H&H;3;1;Corto;;
5533;H&H Custom Solutlons;20;3;Largo;;
9628;H&H Farm Machine Co., Inc.;26;5;Largo;;
9314;H&H Manufacturing;17;2;Largo;;
6221;H&H Trailer Co;14;3;Largo;;
13916;H&S Trailers Of Texas, Llc;26;5;Largo;;
4140;H. Barber & Sons;16;4;Largo;;
2160;H.D. Industries, Inc.;21;3;Largo;;
6794;H.J. Smith Welding Inc.;23;4;Largo;;
5125;Hackney And Sons, Inc.;22;4;Largo;;
5117;Hackney Bros. Body Company;26;4;Largo;;
5453;Hackney Welding;15;2;Largo;;
2161;Hackstetter Motor Holdings Llc;30;4;Largo;;
4141;Hageman'S Custom Welding;24;3;Largo;;
10329;Hagoth Industries Llc;21;3;Largo;;
2163;Hahm Ev;7;2;Medio;;
12516;Hahnz Mfg Llc;13;3;Largo;;
2167;Halbert Trailer Service And Repair;34;5;Largo;;
8207;Half Moon;9;2;Medio;;
5716;Hallbuilt Trailers;18;2;Largo;;
13777;Haller;6;1;Medio;;
2168;Halljack Industries Llc;23;3;Largo;;
2169;Hallstar Trailers, Llc;22;3;Largo;;
2171;Halo Cycles Llc;15;3;Largo;;
2172;Halsey Z Trailers;17;3;Largo;;
4388;Hamby;5;1;Medio;;
11704;Hamfg;5;1;Medio;;
7568;Hamilton Trailers;17;2;Largo;;
7552;Hamlet Custom Haulers Llc;25;4;Largo;;
2173;Hamlin Trailer Manufacturer;27;3;Largo;;
2175;Hamm & Phillips Service Company, Inc.;37;6;Largo;;
8988;Hamm Motor Sports & Custom Trailers;35;6;Largo;;
9328;Hamman Enterprises;18;2;Largo;;
4142;Hammar Lift;11;2;Largo;;
2176;Hammelmann Corporation;22;2;Largo;;
2177;Hammer Down Choppers Llc;24;4;Largo;;
2178;Hammerhead Trailers;19;2;Largo;;
5718;Hamner;6;1;Medio;;
11096;Hampton;7;1;Medio;;
7732;Hampton Amusement Rides Llc;27;4;Largo;;
8767;Han-Made Mfg., Llc;18;3;Largo;;
10966;Hanbird;7;1;Medio;;
4143;Hancock Industries;18;2;Largo;;
11021;Hands On Work Trailers;22;4;Largo;;
6046;Hang Time Inc;13;3;Largo;;
13430;Hanhu;5;1;Medio;;
2180;Hank Williams Trailer Manufacturing;35;4;Largo;;
8964;Hankins Triple-H Trailers & Ag. Products Corp.;46;7;Largo;;
9180;Hannigan Fairing Co. Ltd.;25;4;Largo;;
9554;Hanquip, Inc.;13;2;Largo;;
5727;Hansen Hydralift;16;2;Largo;;
7363;Hansen Mfg. Company;19;3;Largo;;
12183;Hansen Trailers;15;2;Largo;;
12548;Hansheng;8;1;Medio;;
12564;Hansheng / Airstream;20;3;Largo;;
12566;Hansheng / Retro;16;3;Largo;;
4144;Hanson;6;1;Medio;;
12546;Hanyi;5;1;Medio;;
5834;Haonuo;6;1;Medio;;
5835;Haoying;7;1;Medio;;
9710;Happier Camper;14;2;Largo;;
2181;Happitrails;11;1;Largo;;
8501;Happy Trailers;14;2;Largo;;
2182;Happy Trails Trailers Llc;25;4;Largo;;
4815;Happy Valley Campers;20;3;Largo;;
9702;Harbeck;7;1;Medio;;
12722;Harbinger;9;1;Medio;;
13087;Harbinger(Harbinger Equipment Llc);34;3;Largo;;
10167;Harbor Master Ltd.;18;3;Largo;;
2187;Harborview Choppers;19;2;Largo;;
7029;Harco Trailers;14;2;Largo;;
2190;Hard Bikes;10;2;Largo;;
2192;Hard Hat Trailers;17;3;Largo;;
12462;Hard Side;9;2;Medio;;
6638;Hardcore Choppers;17;2;Largo;;
5100;Hardee Manufacturing Company Inc.;33;4;Largo;;
4840;Hardknock;9;1;Medio;;
4837;Hardkore Karts;14;2;Largo;;
8001;Hargrove Brand;14;2;Largo;;
10774;Harley;6;1;Medio;;
5029;Harley Corp.;12;2;Largo;;
3888;Harley-Davidson;15;1;Largo;;
5109;Harmar , Inc.;13;3;Largo;;
2196;Harmon;6;1;Medio;;
12080;Harmony;7;1;Medio;;
5720;Harnischfeger;13;1;Largo;;
6366;Harper;6;1;Medio;;
10290;Harper Pitworks;15;2;Largo;;
9404;Harrell Enterprises, Inc.;25;3;Largo;;
4145;Harrell Performance Engineering;31;3;Largo;;
2198;Harris Custom Cycles;20;3;Largo;;
2201;Harris Fabrication Llc;22;3;Largo;;
2203;Harris Waste Management Group, Inc.;35;5;Largo;;
9501;Harrison;8;1;Medio;;
2204;Harrod Equipment Llc Dba Bluegrass Trailer Mfg;46;7;Largo;;
5596;Hart;4;1;Corto;;
4146;Hart Designs;12;2;Largo;;
5330;Hart Manufacturing;18;2;Largo;;
6367;Hart Steel Company;18;3;Largo;;
7563;Hartstra Manufacturing;22;2;Largo;;
2205;Harvest Ag;10;2;Largo;;
2206;Harvest International;21;2;Largo;;
13085;Harvest Mobile Bottling;23;3;Largo;;
4227;Harvest Services;16;2;Largo;;
5186;Hatton Fabrication, Inc.;24;3;Largo;;
13152;Hattyco;7;1;Medio;;
11001;Haul Kings;10;2;Largo;;
12660;Haul Master;11;2;Largo;;
2214;Haul'N Ass Customs, Llc;23;4;Largo;;
10277;Haul-About;10;1;Largo;;
2209;Haul-All, Inc.;14;2;Largo;;
11663;Haul-It;7;1;Medio;;
5721;Haul-Rite;9;1;Medio;;
13752;Hauler Trailers;15;2;Largo;;
13735;Haulin Steel Customs;20;3;Largo;;
5420;Haulinit;8;1;Medio;;
6061;Haulmark;8;1;Medio;;
2212;Haulmax Trailer Company;23;3;Largo;;
8752;Haulmor;7;1;Medio;;
2215;Haulrite Of Four Corners, Inc.;30;5;Largo;;
2216;Haulstar, Inc.;14;2;Largo;;
13945;Havoc;5;1;Medio;;
11155;Hawaii Spring Supply, Inc.;26;4;Largo;;
2241;Hawaiian Chariot Wheelchair Motorbikes, Llc;43;5;Largo;;
10693;Hawaiian Scooters;17;2;Largo;;
4147;Hawes Manufacturing;19;2;Largo;;
2250;Hawk Frp, Llc;13;3;Largo;;
4149;Hawk Motors;11;2;Largo;;
5415;Hawk Trailers;13;2;Largo;;
12466;Hawke Trailers Sc, Inc;22;4;Largo;;
2253;Hawker Well Works, Inc.;23;4;Largo;;
5722;Hawkeye Eagle;13;2;Largo;;
7020;Hawkins Western World;21;3;Largo;;
5188;Hawkline Llc;12;2;Largo;;
8080;Hay Competitor;14;2;Largo;;
2259;Hay Seed Farms Llc;18;4;Largo;;
9942;Hay Toter;9;2;Medio;;
7165;Hayes Truck & Trailers;22;4;Largo;;
13000;Hays;4;1;Corto;;
2260;Hayvan Manufacturing;20;2;Largo;;
2263;Hb Custom Components, Inc.;26;4;Largo;;
6843;Hbc Group Llc;13;3;Largo;;
2265;Hbp-Jaybrake, Llc;17;2;Largo;;
9290;Hbt Smokers;11;2;Largo;;
2267;Hcl Truck Equipment Inc.;24;4;Largo;;
11501;Hd Customs;10;2;Largo;;
10144;Hd Trailer;10;2;Largo;;
11871;Hd Trailer Manufacturing, Llc;29;4;Largo;;
10391;Hd Trailer Solutions Llc;24;4;Largo;;
4829;Hde;3;1;Corto;;
10669;Hdk Electric Vehicles;21;3;Largo;;
2268;Hdk Plastic Ltd Usa;19;4;Largo;;
13852;Header Transport;16;2;Largo;;
6129;Heartland;9;1;Medio;;
6128;Heartland Homes;15;2;Largo;;
2270;Heartland Rv;12;2;Largo;;
2281;Heartland Trailers;18;2;Largo;;
6524;Heartland Trailers Of Bc;24;4;Largo;;
4198;Heat Innovation;15;2;Largo;;
2333;Heat'S On Welding & Fabrication;31;5;Largo;;
2282;Heatec;6;1;Medio;;
2335;Heavy Duty Cycles;17;3;Largo;;
9872;Heavy Equipment & Attachment;28;4;Largo;;
13710;Heavy Equipment Solutions, Llc.;31;4;Largo;;
8705;Heavy Hauler Trucks & Equipment;31;5;Largo;;
5287;Heavy Hitter;12;2;Largo;;
2337;Heavybilt Manufacturing, Inc.;29;3;Largo;;
11161;Heavylite Trailers Llc;22;3;Largo;;
2362;Hebei Changhua Special Vehicle Co., Ltd.;40;6;Largo;;
9101;Hecla Mfg. Co.;14;3;Largo;;
8871;Heco Mfg.;9;2;Medio;;
2363;Hedererbuilt Manufacturing, Inc.;32;3;Largo;;
12976;Hedger;6;1;Medio;;
13887;Hedley Studios;14;2;Largo;;
9316;Heico Inc.;10;2;Largo;;
7348;Heil Environmental Industries, Ltd;34;4;Largo;;
2364;Heil Trailer Internacional S.A.;31;4;Largo;;
2365;Heil Trailer International;26;3;Largo;;
4150;Heisler Boats;13;2;Largo;;
12495;Hekipia America Inc.;20;3;Largo;;
2375;Helfin Sheet Metal Inc.;23;4;Largo;;
12192;Heli;4;1;Corto;;
10116;Helio;5;1;Medio;;
2382;Hell-Bent Custom Cycles;23;3;Largo;;
2386;Hellbilly Motorcycles;21;2;Largo;;
2393;Hellbound Steel Motorcycles;27;3;Largo;;
13187;Hells Canyon;12;2;Largo;;
12834;Helms;5;1;Medio;;
2397;Helmuth Quality Power Systems;29;4;Largo;;
12941;Hem;3;1;Corto;;
7919;Hemco;5;1;Medio;;
4791;Hemisfear Cycles;16;2;Largo;;
2399;Hemphill, Llc;13;2;Largo;;
11931;Henan Mobo Electric Technology Co., Ltd;39;6;Largo;;
2407;Henderson Truck Equipment;25;3;Largo;;
5123;Hendrickson;11;1;Largo;;
13687;Henghe;6;1;Medio;;
13387;Henko;5;1;Medio;;
9243;Henley'S Trailers, Inc.;23;3;Largo;;
12812;Henred Fruehauf;15;2;Largo;;
10859;Henry;5;1;Medio;;
2411;Hensim;6;1;Medio;;
14005;Hensley;7;1;Medio;;
13682;Heo;3;1;Corto;;
9633;Her Chee;8;2;Medio;;
4151;Herbs;5;1;Medio;;
7005;Hercules;8;1;Medio;;
6800;Hercules Ajax;13;2;Largo;;
10784;Hercules Enterprises Llc.;25;3;Largo;;
6986;Heritage;8;1;Medio;;
1874;Heritage Custom Trailers;24;3;Largo;;
4154;Heritage Manufacturing;22;2;Largo;;
2466;Heritage Manufacturing, Inc.;28;3;Largo;;
2468;Heritage One Rv, Inc.;21;4;Largo;;
10360;Heritage Park Models;20;3;Largo;;
4156;Herman Leasing;14;2;Largo;;
5138;Hernco Fabrication & Services;29;4;Largo;;
13016;Hero Trailers;13;2;Largo;;
13400;Hero Trailers Llc;17;3;Largo;;
13045;Heroway;7;1;Medio;;
5723;Hesco;5;1;Medio;;
9409;Hesperia'S Shell City;21;3;Largo;;
2625;Hess Services;13;2;Largo;;
9514;Hess-Sexton Corporation;23;2;Largo;;
11126;Hesse;5;1;Medio;;
7210;Hesse Corporation;17;2;Largo;;
2477;Hester And Walton Tailgating Trailers;37;5;Largo;;
5724;Hewitt;6;1;Medio;;
11827;Hf Trailers;11;2;Largo;;
2478;Hi Line Bodies Inc.;19;4;Largo;;
7997;Hi-Lite Rv Manufacturing;24;3;Largo;;
2117;Hi-Ride Manufacturing Llc;25;3;Largo;;
7178;Hi-Standard Mfg.;16;2;Largo;;
2733;Hi-Tech E.V.S. Company;22;3;Largo;;
7123;Hi-Tech Fabricators Inc;23;3;Largo;;
13681;Hi-Tech Marine;14;2;Largo;;
2737;Hi-Vac Corporation;18;2;Largo;;
8250;Hi-Way Star, Inc.;17;3;Largo;;
9081;Hicklin Engineering;19;2;Largo;;
4733;Hicks Manufacturing;19;2;Largo;;
8604;Hidden Hollow Trailer Mfg Llc;29;5;Largo;;
12893;Hidden Valley;13;2;Largo;;
2479;Hidden Valley Mfg, Llc;22;4;Largo;;
6677;Hiddenite Metal Products Inc;28;4;Largo;;
8439;Hide-A-Way Rv'S;15;2;Largo;;
11097;Hideout;7;1;Medio;;
11123;Hig - Co;8;3;Medio;;
2481;High Altitude Aviation, Inc.;28;4;Largo;;
9990;High Altitude Trailers;22;3;Largo;;
6639;High Country Aluminum Products, Llc.;36;5;Largo;;
13076;High Country Boats & Outfitters;31;5;Largo;;
9214;High Country Camps Llc;22;4;Largo;;
11300;High Country Cargo, Llc;23;4;Largo;;
6679;High Country Developers, Inc.;29;4;Largo;;
10781;High Country Trailer Manufacturing, Llc;39;5;Largo;;
14121;High Desert;11;2;Largo;;
2499;High Desert Golf Cars;21;4;Largo;;
4157;High Gear Repair;16;3;Largo;;
11573;High Level Enterprises;22;3;Largo;;
2496;High Plains Custom Cycles Llc;29;5;Largo;;
13407;High Quality;12;2;Largo;;
4536;High Roller Custon Motorcycle;29;4;Largo;;
6403;High Speed Welding;18;3;Largo;;
4661;High Tide Boat Trailers;23;4;Largo;;
13141;High Tide Trailers;18;3;Largo;;
4158;High Torque Marine;18;3;Largo;;
9602;High View Manufacturing;23;3;Largo;;
12539;High-Tech;9;1;Medio;;
12198;Highcountry;11;1;Largo;;
5791;Highland;8;1;Medio;;
2495;Highland Manufacturing, Llc.;28;3;Largo;;
2488;Highland Ridge;14;2;Largo;;
8388;Highlander Park Homes;21;3;Largo;;
2487;Highline Trailers;17;2;Largo;;
11537;Highliner Trailer;17;2;Largo;;
13762;Hightop Group;13;2;Largo;;
2490;Highway Products, Inc.;22;3;Largo;;
4616;Highwood Global, Lp;19;3;Largo;;
11507;Highwood Machine Tool Llc;25;4;Largo;;
10803;Hiker Industries, Llc;21;3;Largo;;
9930;Hill And Smith, Inc.;20;4;Largo;;
4159;Hill Equipment;14;2;Largo;;
2686;Hillbilly Choppers;18;2;Largo;;
2687;Hillbilly Trailors;18;2;Largo;;
2689;Hillcrest Manufacturing Llc;27;3;Largo;;
12791;Hillcrest Trailers;18;2;Largo;;
5808;Hillsboro Industries;20;2;Largo;;
2690;Hilltop Custom Cycle;20;3;Largo;;
10753;Hilltop Structures;18;2;Largo;;
2715;Hiniker;7;1;Medio;;
514;Hino;4;1;Corto;;
2716;Hinterland;10;1;Largo;;
5523;Hipoint;7;1;Medio;;
11962;Hipower Systems;15;2;Largo;;
13959;Hippo Motors Inc;16;3;Largo;;
2721;Hirons Memorial Works;21;3;Largo;;
12572;Hisun;5;1;Medio;;
9921;Hisun Motors Corp.,Usa;22;3;Largo;;
13047;Hisunyes;8;1;Medio;;
11804;Hit;3;1;Corto;;
13467;Hitch;5;1;Medio;;
7299;Hitch -N-Go- Trailers;21;3;Largo;;
6507;Hitch And Trailers Of Fort Myers;32;6;Largo;;
7575;Hitch Buddy;11;2;Largo;;
11249;Hitch Hotels;12;2;Largo;;
11852;Hitch King;10;2;Largo;;
7637;Hitch-Hiker Mfg;15;2;Largo;;
13233;Hitch-Point Trailers;20;2;Largo;;
9304;Hitchco, Inc.;13;2;Largo;;
6719;Hitchcock, Inc.;15;2;Largo;;
7226;Hitches 'N' Welding;19;3;Largo;;
2735;Hitman Choppers;15;2;Largo;;
4160;Hitong Motors;13;2;Largo;;
7857;Hivac;5;1;Medio;;
7838;Hive Trailers Llc;17;3;Largo;;
2741;Hj Customs;10;2;Largo;;
2755;Hjv Trailers Llc;16;3;Largo;;
12267;Hk Ulead / Ud;13;4;Largo;;
5298;Hlt Trailers;12;2;Largo;;
11599;Hm Trailas Y Remolques;22;4;Largo;;
5714;Hmc;3;1;Corto;;
13753;Hmde;4;1;Corto;;
7852;Hme;3;1;Corto;;
5592;Hme, Inc.;9;2;Medio;;
2758;Hmf Engineering, Inc.;21;3;Largo;;
12597;Hmp;3;1;Corto;;
2760;Hobbs Manufacturing Llc;23;3;Largo;;
5394;Hobo;4;1;Corto;;
4163;Hobson & Son;12;3;Largo;;
2768;Hobson Trailers;15;2;Largo;;
12247;Hockley Oilfield Supply, Llc;28;4;Largo;;
7230;Hodges Custom Haulers;21;3;Largo;;
7395;Hodges Manufacturing Inc;24;3;Largo;;
5725;Hoedebeck;9;1;Medio;;
2821;Hog Belt Bikes Inc;18;4;Largo;;
6697;Hog Hauler Inc;14;3;Largo;;
2775;Hog Haulin Inc.;15;3;Largo;;
5586;Hog Heaven Chopper;18;3;Largo;;
7807;Hog Motorcycle Trailers;23;3;Largo;;
4164;Hog Shop;8;2;Medio;;
2822;Hog Wild Customs;16;3;Largo;;
9442;Hog Wild Trailer Company;24;4;Largo;;
6763;Hogentogler & Co Inc;20;4;Largo;;
5189;Hogfather Trailers;18;2;Largo;;
9605;Hogg & Davis, Inc.;18;4;Largo;;
10124;Hoiro;5;1;Medio;;
470;Holden;6;1;Medio;;
7447;Holden Industries, Inc;22;3;Largo;;
4165;Hole Shot Cycles;16;3;Largo;;
9931;Holiday House Rv, Llc;21;4;Largo;;
2453;Holiday Rambler;15;2;Largo;;
6555;Holland Choppers;16;2;Largo;;
2827;Holland Dollie;14;2;Largo;;
2826;Holland Equipment Company;25;3;Largo;;
5558;Holland Industries;18;2;Largo;;
11729;Hollifield;10;1;Largo;;
10422;Hollin Haulers Llc;18;3;Largo;;
13518;Hollis Bay;10;2;Largo;;
7462;Hollis Trailer Sales Inc;24;4;Largo;;
2829;Holmes Enterprises;18;2;Largo;;
5347;Holsclaw Bros. Inc;18;3;Largo;;
12109;Holston Creek Welding;21;3;Largo;;
4525;Holt Brothers Customs;21;3;Largo;;
11632;Holt Manufacturing;18;2;Largo;;
8153;Holt Sales And Service;22;4;Largo;;
1640;Holt Trailer Mfg. & Sales;25;5;Largo;;
455;Hombilt Trailers;16;2;Largo;;
11370;Home Grown Choppers Dba Framed Up, Llc;38;7;Largo;;
8169;Home Manufacturing;18;2;Largo;;
6694;Homeco Manufactured Housing;27;3;Largo;;
5127;Homegrown Trailers;18;2;Largo;;
13188;Homemade;8;1;Medio;;
12598;Homestead;9;1;Medio;;
12511;Homestead Structures;20;2;Largo;;
1570;Homesteader;11;1;Largo;;
13620;Hometown Mfg;12;2;Largo;;
10288;Hometown Trailers;17;2;Largo;;
1641;Hometown Welding;16;2;Largo;;
6952;Homier Distributing Inc;23;3;Largo;;
10795;Hon-Tech;8;1;Medio;;
474;Honda;5;1;Medio;;
8840;Hongdou Group Chituma Motorcycle Company;40;5;Largo;;
8728;Hongdu;6;1;Medio;;
11781;Honlu;5;1;Medio;;
8277;Honnor Marine Ltd;17;3;Largo;;
12240;Honor Lsv;9;2;Medio;;
13892;Honshine;8;1;Medio;;
7673;Hoock Custom Trailers;21;3;Largo;;
8826;Hood Fabrication, Inc.;22;3;Largo;;
13142;Hook & Line Cargo Llc;21;5;Largo;;
12873;Hook-N-Haul Trailers Llc;24;3;Largo;;
11566;Hook-Ups;8;1;Medio;;
11686;Hooker Boatworks Llc;20;3;Largo;;
1654;Hoopes Manufacturing;20;2;Largo;;
7686;Hoosier Trailer & Truck Equipment, Inc.;39;6;Largo;;
5428;Hoosier Trailers;16;2;Largo;;
8387;Hoover Trailers;15;2;Largo;;
7327;Hop Trailers;12;2;Largo;;
1571;Hoppel Fabrication Specialties;30;3;Largo;;
12978;Horizon;7;1;Medio;;
8771;Horizon Animal Health;21;3;Largo;;
1656;Horizon Manufacturing;21;2;Largo;;
1662;Horizon Products;16;2;Largo;;
11128;Horizon Trailers;16;2;Largo;;
9600;Hornet Industries, Inc.;23;3;Largo;;
1664;Horse Creek Manufacturing;25;3;Largo;;
7651;Horseshoe Trailers;18;2;Largo;;
8247;Horst Road Repair Llc;21;4;Largo;;
8955;Horstmann Industries;20;2;Largo;;
10560;Horton Cargo;12;2;Largo;;
6947;Horton Homes, Inc.;18;3;Largo;;
1667;Horton Iron Works;17;3;Largo;;
4166;Horton Vans;11;2;Largo;;
11345;Horwin;6;1;Medio;;
8096;Hosking Trailers Ltd;20;3;Largo;;
9535;Hoss Custom Trailers;20;3;Largo;;
1668;Hoss Fabricators;16;2;Largo;;
5190;Host Industries, Inc.;21;3;Largo;;
8687;Hot Carts Inc.;14;3;Largo;;
1572;Hot Head Customs;16;3;Largo;;
4548;Hot Rod Factory;15;3;Largo;;
8764;Hot Springs Performance Trailer;31;4;Largo;;
1672;Hot Summer Industries;21;3;Largo;;
1675;Hot Tub Hauler;14;3;Largo;;
13244;Hotshots;8;1;Medio;;
8816;House Of Chopperz;17;3;Largo;;
5726;Houston Marine;14;2;Largo;;
4167;Howe Brothers;13;2;Largo;;
1688;Howell Precision Machine & Engineering;38;5;Largo;;
1681;Hp Piping Solutions;19;3;Largo;;
13562;Hp Trailer;10;2;Largo;;
13396;Hp Trailers;11;2;Largo;;
11320;Hst;3;1;Corto;;
11757;Hsu Dragon Technology Co., Ltd.;31;5;Largo;;
10884;Ht;2;1;Corto;;
12872;Ht Trailers;11;2;Largo;;
10070;Htc;3;1;Corto;;
12444;Htc Group Limited;17;3;Largo;;
13775;Htc Trailers;12;2;Largo;;
1685;Htmi;4;1;Corto;;
10468;Htrailers;9;1;Medio;;
10998;Hts Equipment;13;2;Largo;;
11581;Huanghe;7;1;Medio;;
3816;Huawin;6;1;Medio;;
13428;Huazai;6;1;Medio;;
13723;Hubei Jingheng Special Purpose Vehicle Co.,Ltd;46;6;Largo;;
9374;Hubler Bros.;12;2;Largo;;
10619;Huck Cycles;11;2;Largo;;
10125;Huckwagon;9;1;Medio;;
11127;Hudson;6;1;Medio;;
11054;Hudson Brothers;15;2;Largo;;
13515;Hudson Hayes Fuel & Lube;24;5;Largo;;
10618;Hudson Trailer Company;22;3;Largo;;
10481;Hudson Trailers;15;2;Largo;;
8719;Huesman Enterprises, Inc.;25;3;Largo;;
5604;Hughes Springs Custom Trailers;30;4;Largo;;
8355;Hughes Trailers;15;2;Largo;;
5601;Hughes Trailers Works;21;3;Largo;;
10283;Hughy Inc.;10;2;Largo;;
5575;Hulk;4;1;Corto;;
10255;Hull Porter Trailers, Inc.;26;4;Largo;;
1759;Hull Trailers;13;2;Largo;;
7418;Humble Houses;13;2;Largo;;
1760;Humdinger Trailers;18;2;Largo;;
951;Hummer;6;1;Medio;;
13197;Hummingbird;11;1;Largo;;
13065;Hummingbirdev;13;1;Largo;;
8783;Humphrey Trailer;16;2;Largo;;
9760;Humvee;6;1;Medio;;
6626;Hung Dao Container Co;21;4;Largo;;
5485;Hunna Mei;9;2;Medio;;
1779;Huns Motorcycles;16;2;Largo;;
12943;Hunt Fab (Hf);13;3;Largo;;
5011;Hunter;6;1;Medio;;
8380;Hunter Automotive Group, Inc;28;4;Largo;;
9781;Hunter Bowen Trailer Sales;26;4;Largo;;
6408;Hunter Design Group, Llc;24;4;Largo;;
7126;Hunter Marine Corp.;19;3;Largo;;
7500;Hunter Outdoor Products;23;3;Largo;;
8178;Hunter Technology Inc;21;3;Largo;;
11882;Hunter Trailers;15;2;Largo;;
1781;Hurco Trailers;14;2;Largo;;
5629;Hurd'S Custom Machinery Inc;27;4;Largo;;
8837;Hurst Trailers;14;2;Largo;;
598;Husaberg;8;1;Medio;;
9335;Husky Trailer Manufacturing Co;30;4;Largo;;
597;Husqvarna;9;1;Medio;;
9396;Husted Bike Trailers;20;3;Largo;;
7004;Hustler;7;1;Medio;;
5732;Hutchins;8;1;Medio;;
13529;Hutchins Fabrication;20;2;Largo;;
1807;Huzhou Daixi Scooters;21;3;Largo;;
12055;Hwaf;4;1;Corto;;
1566;Hy-Lift Hunting Blinds Inc;26;4;Largo;;
1689;Hy-Line Enterprises;19;2;Largo;;
8944;Hy-Tec, Inc.;12;2;Largo;;
1690;Hy-Tech Truck & Trailer;23;4;Largo;;
7238;Hy-Way Products;15;2;Largo;;
7646;Hybrid Light Solutions, Llc;27;4;Largo;;
1548;Hyde Drift Boats;16;3;Largo;;
1550;Hyde Equipment Co;17;3;Largo;;
7089;Hydra Platforms Mfg. Inc;24;4;Largo;;
7180;Hydra Rig Incorporated;22;3;Largo;;
4723;Hydra Service;13;2;Largo;;
7303;Hydra-Lift Trailers;19;2;Largo;;
9580;Hydra-Sports, Inc.;18;2;Largo;;
7865;Hydra-Tension Inc;17;2;Largo;;
1555;Hydratrek Llc;13;2;Largo;;
1556;Hydro Engineering;17;2;Largo;;
1565;Hydrocal, Llc;13;2;Largo;;
5935;Hydroglide;10;1;Largo;;
5730;Hydrolift;9;1;Medio;;
10655;Hyk Outdoors Llc;16;3;Largo;;
8547;Hymer;5;1;Medio;;
6074;Hymer Manufacturing Inc;23;3;Largo;;
4226;Hyosung;7;1;Medio;;
4269;Hyosung Motors & Machinery;26;4;Largo;;
1701;Hyper Lite Trailers;19;3;Largo;;
1702;Hyper Products;14;2;Largo;;
11691;Hytec Equipment Company;23;3;Largo;;
498;Hyundai;7;1;Medio;;
5048;Hyundai Steel Industries, Inc.;30;4;Largo;;
4876;Hyundai Translead Trailers;26;3;Largo;;
5731;I Haul;6;2;Medio;;
10867;I-35 Trailers Llc;17;3;Largo;;
6730;I-85 Trailer Manufacturers;26;3;Largo;;
12220;I-Load;6;1;Medio;;
5736;I.P.P;5;1;Medio;;
12363;I4 E-Carts;10;2;Largo;;
7108;Iap;3;1;Corto;;
9889;Ias;3;1;Corto;;
13699;Ibarras;7;1;Medio;;
9389;Ibex Industries, Inc.;21;3;Largo;;
13848;Ibex Trailers;13;2;Largo;;
1703;Ibi;3;1;Corto;;
8683;Ibs Systems;11;2;Largo;;
524;Ic Bus;6;2;Medio;;
10257;Icart Ev Llc;12;3;Largo;;
8208;Ice Cave;8;2;Medio;;
1704;Ice Houses;10;2;Largo;;
10237;Icon;4;1;Corto;;
13498;Icon (Xiyao);12;2;Largo;;
7577;Icon Ev;7;2;Medio;;
1705;Icon Manufacturing;18;2;Largo;;
10832;Icon Trailers;13;2;Largo;;
8952;Idaho Stove And Fabricating;27;4;Largo;;
4169;Idaho Tote Dolly;16;3;Largo;;
6731;Idaho Truck Specialties;23;3;Largo;;
5290;Ideal;5;1;Medio;;
12141;Ideal Cargo Inc.;16;3;Largo;;
6764;Ideal Customs;13;2;Largo;;
6732;Ideal Quality Trailers, Llc;27;4;Largo;;
7466;Ideal Trailers;14;2;Largo;;
12946;Ideal Welding Solutions;23;3;Largo;;
1706;Identity Motors Manufacturing & Assembly;40;5;Largo;;
11786;Idle-Time;9;1;Medio;;
11299;Ies, Llc;8;2;Medio;;
11512;Iev;3;1;Corto;;
12068;Iev Corporation / Iev;21;4;Largo;;
12402;Ifa Remolques;13;2;Largo;;
9688;Ika Trailers;12;2;Largo;;
8927;Ikarus Usa;10;2;Largo;;
11489;Iklco;5;1;Medio;;
13381;Ikon;4;1;Corto;;
11434;Ikoniq;6;1;Medio;;
5735;Ilaug;5;1;Medio;;
13574;Illini Trailers;15;2;Largo;;
8804;Illinois Trailer Sales;22;3;Largo;;
1707;Illusion Cycles Inc.;20;3;Largo;;
1708;Image Custom Cycles Inc.;24;4;Largo;;
6932;Image Cycles Inc;16;3;Largo;;
1709;Imaginative Manufacturing;25;2;Largo;;
13486;Imco;4;1;Corto;;
4199;Immer Enterprises;17;2;Largo;;
4901;Impac Manufacturing, Inc;24;3;Largo;;
11098;Impact;6;1;Medio;;
1710;Impact Hydraulic;16;2;Largo;;
11612;Impact Trailers;15;2;Largo;;
5798;Imperial;8;1;Medio;;
1762;Imperial Industries;19;2;Largo;;
8703;Imperial Structures Llc;23;3;Largo;;
5276;Imperial Trailer Manufacturing;30;3;Largo;;
11322;Imperial Trailer Systems;24;3;Largo;;
4200;Imperial Trailers;17;2;Largo;;
1737;Imperialite;11;1;Largo;;
13933;Implementos Agricolas Dos Estellas;34;4;Largo;;
1740;Impressive Motorsports;22;2;Largo;;
11201;In Place Technology Inc.;24;4;Largo;;
6724;In2Go;5;1;Medio;;
8691;Indcom Services;15;2;Largo;;
7593;Independence Motorcycle Company;31;3;Largo;;
8372;Independent Cycle East;22;3;Largo;;
8406;Independent Cycle Works Inc;27;4;Largo;;
9544;Independent Dispatch, Inc.;26;3;Largo;;
10525;Independent Motorcycles;23;2;Largo;;
7110;Independent Trailer & Repair, Inc;33;5;Largo;;
6775;Independent Trailer Manufacturing;33;3;Largo;;
1924;Inder Tool Industries;21;3;Largo;;
10554;Indestructible;14;1;Largo;;
1763;Indian Larry Legacy;19;3;Largo;;
1768;Indian Motorcycle;17;2;Largo;;
5352;Indian Motorcycle Binghamton;28;3;Largo;;
8227;Indian River Trailers Inc;25;4;Largo;;
13965;Indiana;7;1;Medio;;
7640;Indiana Custom Cargo, Inc;25;4;Largo;;
8219;Indiana Phoenix Inc;19;3;Largo;;
4202;Indianhead Truck & Body;23;4;Largo;;
4997;Indigan;7;1;Medio;;
10649;Indigo Galvanized Trailers;26;3;Largo;;
9656;Indigo River Tiny Homes;23;4;Largo;;
10041;Industria Real;14;2;Largo;;
1764;Industrial Engineering;22;2;Largo;;
6776;Industrial Fabrication & Testing;32;4;Largo;;
9027;Industrial Innovations Inc.;27;3;Largo;;
4803;Industrial Machine And Kitting Svcs;35;5;Largo;;
1765;Industrial Maintenance And Fabricating;38;4;Largo;;
5191;Industrial Manufacturing Solutions Inc;38;4;Largo;;
8174;Industrial Process Services Inc;31;4;Largo;;
7788;Industrial Services Center Inc;30;4;Largo;;
1766;Industrial Structures;21;2;Largo;;
9175;Industrial Studs Inc.;21;3;Largo;;
4975;Industrial Systems, Inc;23;3;Largo;;
12525;Industrial Toolz, Inc.;22;3;Largo;;
4203;Industrial Trailer;18;2;Largo;;
2003;Industrial Truck Bodies;23;3;Largo;;
6369;Industrial Wheel Exchange;25;3;Largo;;
11437;Industrias America;18;2;Largo;;
7556;Industrias Met Gri;18;3;Largo;;
1700;Industrias Met Gri Sa De Cv;27;6;Largo;;
10721;Industrias Metalicas Penner'S;29;3;Largo;;
12360;Ineos;5;1;Medio;;
7768;Infamous Motorcycle;19;2;Largo;;
1698;Infern-O-Therm;14;1;Largo;;
480;Infiniti;8;1;Medio;;
10843;Infinitti Trailers;18;2;Largo;;
12764;Infinity;8;1;Medio;;
6640;Infinity Trailer Sales;22;3;Largo;;
13697;Infinity Trailers;17;2;Largo;;
11265;Infinity Trailers Llc;21;3;Largo;;
9756;Infinity Trailers Of Florida;28;4;Largo;;
8671;Ingenieria En Transformaciones Metalicas, S.A. De C.V.;54;7;Largo;;
1697;Ingenieria Y Maquinaria De Guadalupe;36;5;Largo;;
9837;Inglewood Custom And Service;28;4;Largo;;
4725;Inka Outdoor;12;2;Largo;;
10027;Inland;6;1;Medio;;
5463;Inland Empire;13;2;Largo;;
6444;Inland Empire Choppers;22;3;Largo;;
12175;Inland Trailer;14;2;Largo;;
1696;Inland Venture;14;2;Largo;;
1694;Innovative;10;1;Largo;;
1695;Innovative Biker;16;2;Largo;;
9561;Innovative Control Dba Criminalistics, Inc.;43;5;Largo;;
7309;Innovative Enterprises;22;2;Largo;;
11125;Innovative Specialties Llc;26;3;Largo;;
1693;Innovative Structure & Design;29;4;Largo;;
4204;Innovative Trailer;18;2;Largo;;
1692;Innovative Trailer Design Industries;36;4;Largo;;
8437;Innovative Trailer Mfg.;23;3;Largo;;
6789;Innovator Motorcycles;21;2;Largo;;
7560;Innovator Trailers Inc;22;3;Largo;;
13171;Inox India Limited;18;3;Largo;;
8361;Insane Custom Cycle;19;3;Largo;;
1796;Insane Cycle Designs;20;3;Largo;;
12138;Inspire;7;1;Medio;;
8632;Insta-Gator Choppers, Llc;25;3;Largo;;
8211;Intech Trailers;15;2;Largo;;
7985;Integra Manufacturing Inc;25;3;Largo;;
1801;Integradora Maquirent, S.A De C.V. Dba Wink Equipment;53;8;Largo;;
1802;Integrity Manufacturing;23;2;Largo;;
1803;Integrity Metal Fab Llc;23;4;Largo;;
5192;Integrity Trailers;18;2;Largo;;
1812;Integrity Trailers Inc.;23;3;Largo;;
5288;Intelli-Core Llc;16;2;Largo;;
1813;Intense Creations;17;2;Largo;;
5529;Intercontinental Truck Body;27;3;Largo;;
7739;Intermodal Container Systems;28;3;Largo;;
5737;Intermountain;13;1;Largo;;
9722;Intermountain Drilling Supply;29;3;Largo;;
1814;Intermountain Truck Rebuilders, Inc.;36;4;Largo;;
526;International;13;1;Largo;;
6951;International Equipment Mfg Co.;31;4;Largo;;
6300;International Lift Corp;23;3;Largo;;
4205;International Structures;24;2;Largo;;
6943;International Supply Co. Inc.;29;4;Largo;;
5738;International Tank & Trailer Inc;32;5;Largo;;
5739;International Trailer;21;2;Largo;;
5035;International Transit System;28;3;Largo;;
5742;Interstate;10;1;Largo;;
5060;Interstate Manufacturing;24;2;Largo;;
7833;Interstate Manufacturing, Inc.;30;3;Largo;;
9370;Interstate Products Inc.;24;3;Largo;;
1815;Interstate Trailers;19;2;Largo;;
8149;Interstate Trailers, Inc.;25;3;Largo;;
7701;Interstate West Corp;20;3;Largo;;
13455;Inti;4;1;Corto;;
7835;Into The Wild;13;3;Largo;;
11748;Intrepid;8;1;Medio;;
1818;Intrepid Cycles;15;2;Largo;;
1823;Intrepid Engineering Group (Ieg);32;4;Largo;;
1825;Intuitive Control Systems, Llc Dba All Traffic Solutions;56;8;Largo;;
6660;Invader Coach Manufacturing Inc.;32;4;Largo;;
4181;Inventors Classical Electric Vehicle;36;4;Largo;;
1832;Invision Trailers;17;2;Largo;;
5472;Inzuro;6;1;Medio;;
1826;Iowa Steel Fabrication;22;3;Largo;;
10172;Iowa Steel Fabricators, Llc;27;4;Largo;;
1799;Iowa Trailer Manufacturing;26;3;Largo;;
12520;Ipse Locomotive;15;2;Largo;;
5471;Ipt, Inc;8;2;Medio;;
4182;Irbit Motorworks Of America, Inc Hdqtrs For Irbitski Mototsicletny Zavod;72;10;Largo;;
1981;Irbitski Mototsicletny Zavod;28;3;Largo;;
5743;Irby;4;1;Corto;;
5193;Irisbus France;14;2;Largo;;
4043;Irish Hill Choppers;19;3;Largo;;
10370;Irizar;6;1;Medio;;
11710;Irok;4;1;Corto;;
5457;Iron & Oak;10;3;Largo;;
4691;Iron Ax;7;2;Medio;;
13040;Iron Blackbird Cycle;20;3;Largo;;
8399;Iron Born Manufacturing, Inc.;29;4;Largo;;
12411;Iron Bull;9;2;Medio;;
4828;Iron Craft;10;2;Largo;;
5467;Iron Dog, Inc.;14;3;Largo;;
4183;Iron Eagle Motorcycles;22;3;Largo;;
4184;Iron Eagle Trailers;19;3;Largo;;
10677;Iron Famous;11;2;Largo;;
9739;Iron Guru Customs;17;3;Largo;;
12844;Iron Hitch Trailers;19;3;Largo;;
2074;Iron Horse;10;2;Largo;;
12677;Iron Horse Customs Llc;22;4;Largo;;
10886;Iron Lite;9;2;Medio;;
8000;Iron Man Welding;16;3;Largo;;
9383;Iron Master Mfg.;16;3;Largo;;
4041;Iron Mike Cycles;16;3;Largo;;
4783;Iron Outfitter;14;2;Largo;;
4185;Iron Panther Incorporated;25;3;Largo;;
11665;Iron Rail;9;2;Medio;;
11982;Iron Stag;9;2;Medio;;
11794;Iron Star;9;2;Medio;;
13116;Iron Star(Ivan Neufeld Teichroeb);33;4;Largo;;
12881;Iron Stitch;11;2;Largo;;
10996;Iron Wagon;10;2;Largo;;
12029;Ironclad;8;1;Medio;;
13589;Ironhide Blinds;15;2;Largo;;
8111;Ironhorse Manufacturing Inc;27;3;Largo;;
4000;Ironhorse Trailers;18;2;Largo;;
5550;Ironman;7;1;Medio;;
4001;Ironman Customs Trailer Manufacturing;37;4;Largo;;
4631;Ironman Trailer Company;23;3;Largo;;
13630;Ironmann Trailers;17;2;Largo;;
12385;Ironside Fabricators Llc;24;3;Largo;;
8592;Irontech Rig Repair & Manufacturing Inc.;40;6;Largo;;
12853;Ironwolf Trailers;17;2;Largo;;
4002;Irving Equipment;16;2;Largo;;
4930;Island Cart;11;2;Largo;;
2653;Island Choppers;15;2;Largo;;
2673;Island Topsoil, Llc;19;3;Largo;;
542;Isuzu;5;1;Medio;;
2684;Italian Choppers;16;2;Largo;;
6379;Italjet;7;1;Medio;;
4186;Itasca Thunder;14;2;Largo;;
14104;Iti;3;1;Corto;;
10337;Iti Cargo Trailers;18;3;Largo;;
4003;Iti Trailers And Truck Bodies;29;5;Largo;;
5744;Iveco;5;1;Medio;;
8323;Ivemsa;6;1;Medio;;
4187;Iverson Manufacturing;21;2;Largo;;
7765;Ives Motors Corporation (Imc);29;4;Largo;;
9494;Ixl Machine Shop;16;3;Largo;;
4973;Iza Design & Manufacturing;26;4;Largo;;
13960;Izzy Metal Corp;15;3;Largo;;
9419;J & A Custom Trailers & Fabrication;35;7;Largo;;
6609;J & B Trailers & Equipment Inc;30;7;Largo;;
5745;J & C Mfg Inc;13;5;Largo;;
10557;J & C Suppliers;15;4;Largo;;
7255;J & D Welding & Trailer Sales;29;7;Largo;;
1887;J & E Custom Trailers;21;5;Largo;;
1888;J & E Manufacturing Inc.;24;5;Largo;;
4188;J & J Marine Services;21;5;Largo;;
5651;J & J Trailer;13;4;Largo;;
11638;J & J Trailer Repair;20;5;Largo;;
6703;J & L Equipment;15;4;Largo;;
9417;J & L Fabrication Inc.;22;5;Largo;;
5043;J & L Tank, Inc.;16;5;Largo;;
7287;J & L Trailers;14;4;Largo;;
6708;J & L'S Cargo Express, Inc.;27;6;Largo;;
6717;J & M Fabrication;17;4;Largo;;
10555;J & M Trailers;14;4;Largo;;
8052;J & N Sales;11;4;Largo;;
5890;J & R;5;3;Medio;;
8435;J & R Trikes;12;4;Largo;;
7764;J & S Contractors;17;4;Largo;;
6441;J & S Trailers;14;4;Largo;;
6983;J & T Merchandise Inc;21;5;Largo;;
4189;J & W Fabrication;17;4;Largo;;
6608;J And E Steel Llc;17;5;Largo;;
10921;J And J;7;3;Medio;;
6337;J And P Trailer Company;23;5;Largo;;
11594;J And S;7;3;Medio;;
12891;J Bar J Fabrication;19;4;Largo;;
4729;J Bond & Sons;13;4;Largo;;
8072;J D B Aluminum Fabricating Inc;30;6;Largo;;
10778;J D Welding And Sandblasting;28;5;Largo;;
4190;J Helgeson Enterprises;22;3;Largo;;
8559;J K Brown;9;3;Medio;;
6733;J L Trailer Mfg.;16;4;Largo;;
9379;J M Trailer Manufacturing;25;4;Largo;;
13631;J Moore Trailer Manufacturing, Llc;34;5;Largo;;
1889;J R Mills Enterprises Inc.;26;5;Largo;;
5114;J T Trailers, Inc.;18;4;Largo;;
10586;J&C;3;1;Corto;;
10852;J&D;3;1;Corto;;
690;J&D Cycles;10;2;Largo;;
1915;J&D Hydraulic & Repair Co., Inc.;32;6;Largo;;
6728;J&D Trailers;12;2;Largo;;
9696;J&E Custom Utility Trailers Llc;31;5;Largo;;
11960;J&J Trailer Star;16;3;Largo;;
4528;J&J Trailers And Truck Equipment;32;5;Largo;;
5444;J&L;3;1;Corto;;
1916;J&M Mfg. Co. Inc.;17;4;Largo;;
7397;J&S Repair;10;2;Largo;;
8469;J&W Manufacturing;17;2;Largo;;
9829;J'S Golf Carts;14;3;Largo;;
8787;J-10 Trailers;13;2;Largo;;
2756;J-Craft;7;1;Medio;;
9148;J-Craft Of Canada Ltd.;22;4;Largo;;
8236;J-D'S Motorcycle Stuff;22;3;Largo;;
9528;J-J-N Enterprises, Inc.;23;3;Largo;;
1902;J-Lo Industries;15;2;Largo;;
13811;J-Tech;6;1;Medio;;
1917;J. A. Emilius' Sons, Inc.;25;5;Largo;;
1918;J. Patton Automotive Inc.;25;4;Largo;;
6596;J. Ray'S Trailers;17;3;Largo;;
11005;J.B.;4;1;Corto;;
8041;J.B.'S Welding;14;2;Largo;;
7497;J.D. Enterprises;16;2;Largo;;
5195;J.D. Sutherlands Customs Inc;28;4;Largo;;
1939;J.G. Enterprises Inc.;21;3;Largo;;
7910;J.J.'S Trailers Inc;19;3;Largo;;
5196;J.P. Trailer Manufacturing;26;3;Largo;;
2266;J.R.'S Rolling Thunder Machine Works;36;5;Largo;;
9418;J.S. Welding;12;2;Largo;;
12465;J.U.T.H.;8;1;Medio;;
10501;J.W. Williams, Inc.;19;3;Largo;;
2582;Ja-Mar Mfg. Inc.;16;3;Largo;;
6364;Jac 427;7;2;Medio;;
6537;Jack Green Co.;14;3;Largo;;
10072;Jack Of All Trades By George Llc;32;7;Largo;;
8494;Jackalope Conversions, Llc;26;3;Largo;;
9563;Jackrabbit Manufacturing, Llc;29;3;Largo;;
6401;Jackrabbit Trailers;19;2;Largo;;
10738;Jackson Canvas Company;22;3;Largo;;
9895;Jackson Creek Manufacturing, Inc.;33;4;Largo;;
10430;Jackson Forward Fold;20;3;Largo;;
5968;Jackson Mfg.;12;2;Largo;;
9074;Jackson'S Trailers;18;2;Largo;;
6365;Jacksonville Tire & Automotive;30;4;Largo;;
11303;Jacob;5;1;Medio;;
1943;Jag Mobile Solutions;20;3;Largo;;
442;Jaguar;6;1;Medio;;
2340;Jail Break Choppers;19;3;Largo;;
2341;Jailhouse Choppers Inc.;23;3;Largo;;
12993;Jakob Thaler;12;2;Largo;;
9291;Jakshax Fish House And R.V.;27;5;Largo;;
2577;Jalopy Choppers;15;2;Largo;;
8410;Jamco South Trailers Inc;24;4;Largo;;
13102;Jamco Trailers;14;2;Largo;;
2587;Jamco Usa;9;2;Medio;;
8659;James C. Barry Mfg. Quality Trailers;36;6;Largo;;
7054;James Equipment Company, Inc;28;4;Largo;;
9332;James Russell Engineering Works, Inc.;37;5;Largo;;
2664;James W. Bell Co. Inc.;22;5;Largo;;
4813;Jamie Pruitt Trailers;21;3;Largo;;
12916;Jamrock Jerk;12;2;Largo;;
6470;Janak Truck & Equipment;23;4;Largo;;
5197;Janco Enterprises, Inc.;23;3;Largo;;
8820;Janco Trailer Manufacturing;27;3;Largo;;
4721;Janssen Welding And Fabrication Big Bear Trailers;49;7;Largo;;
11075;Jansteel;8;1;Medio;;
5746;Jantz-Femco;11;1;Largo;;
2533;Janus;5;1;Medio;;
7986;Janus Fabricating Inc;21;3;Largo;;
11654;Jarsa;5;1;Medio;;
7659;Jarvis Industries;17;2;Largo;;
11291;Jash;4;1;Corto;;
2668;Jason Industries Inc.;21;3;Largo;;
2670;Jason Mitchell Welding & Fabrication Llc;40;6;Largo;;
2671;Jasper'S Hot Rods Llc;21;4;Largo;;
5987;Jawa;4;1;Corto;;
9089;Jax Enterprises;15;2;Largo;;
11667;Jay Feather;11;2;Largo;;
11668;Jay Flight;10;2;Largo;;
12361;Jay Mills Contracting, Inc.;27;4;Largo;;
7157;Jay'S Inc;9;2;Medio;;
12862;Jay'S Mobile Carts & Trailers;29;5;Largo;;
11328;Jay'S Trailers;14;2;Largo;;
4516;Jayco;5;1;Medio;;
12995;Jayco Trailer Company;21;3;Largo;;
2680;Jayron Fabrication Llc;22;3;Largo;;
8788;Jayzee Mfg;10;2;Largo;;
14098;Jb Manufacturing & Repair;25;4;Largo;;
10632;Jba Tex Trailers Llc;20;4;Largo;;
6946;Jbh Custom Trailers, Inc.;25;4;Largo;;
9765;Jbt;3;1;Corto;;
12440;Jbt (Jeremy Bowles Trailers Llc);32;5;Largo;;
2681;Jc Custom Welding Llc;21;4;Largo;;
2683;Jc Fab, Llc;11;3;Largo;;
12429;Jccwe;5;1;Medio;;
12524;Jce Trailers Llc;16;3;Largo;;
2688;Jch Solutions Inc./Mace Welding & Fabrication Inc.;50;7;Largo;;
13175;Jd;2;1;Corto;;
1305;Jd - Bertonlini Ind. Ltd.;25;5;Largo;;
11429;Jd Axle;7;2;Medio;;
8049;Jd Enterprise;13;2;Largo;;
7431;Jd Handling Systems, Inc;24;4;Largo;;
2761;Jdci Enterprises Inc.;21;3;Largo;;
10888;Jdh Enterprise Llc;18;3;Largo;;
483;Jeep;4;1;Corto;;
7256;Jefcoat Trailer'S;17;2;Largo;;
9725;Jefe'S Trailers;15;2;Largo;;
4191;Jeff Nicklus Customs;20;3;Largo;;
6876;Jeff'S Custom Welding;21;3;Largo;;
2766;Jefferson State Trailer Works;29;4;Largo;;
7372;Jeffery Brothers;16;2;Largo;;
12603;Jega Trailers;13;2;Largo;;
10135;Jekeen;6;1;Medio;;
7537;Jel Corp;8;2;Medio;;
12139;Jelin;5;1;Medio;;
11490;Jelmax Trailers;15;2;Largo;;
2770;Jenison Airlease Inc.;21;3;Largo;;
6878;Jenkins & Jenkins Enterprises Ltd;33;5;Largo;;
2772;Jenner Sales Corp.;18;3;Largo;;
8806;Jensen Metal Products, Inc.;27;4;Largo;;
7616;Jensen Trailers;15;2;Largo;;
10321;Jereh;5;1;Medio;;
2779;Jeremy'S Welding;16;2;Largo;;
8142;Jerr-Dan;8;1;Medio;;
5112;Jerr-Dan Corporation;20;2;Largo;;
7942;Jerry'S Warehouse;17;2;Largo;;
3030;Jerry'S Welding Service;23;3;Largo;;
3037;Jersey Devil Motorcycles Llc;28;4;Largo;;
7599;Jesse Rooke Customs;19;3;Largo;;
13614;Jet Boats Of Texas;18;4;Largo;;
3052;Jet Company Inc.;16;3;Largo;;
5489;Jetech,Inc;10;1;Largo;;
3053;Jetheat Llc;11;2;Largo;;
11898;Jetstream;9;1;Medio;;
3054;Jetstream Llc;13;2;Largo;;
12814;Jewell Manufacturing;20;2;Largo;;
11591;Jf Trailers;11;2;Largo;;
12911;Jf Trailers Llc;15;3;Largo;;
13340;Jfa Trailers;12;2;Largo;;
5088;Jfm Services, Inc.;18;3;Largo;;
3055;Jh Global Services Inc. Dba Star;32;6;Largo;;
13103;Jhb;3;1;Corto;;
6644;Jhc;3;1;Corto;;
3862;Jiajue;6;1;Medio;;
447;Jialing;7;1;Medio;;
11718;Jianbu;6;1;Medio;;
3070;Jiangmen City Huari Group Co. Ltd;33;6;Largo;;
3099;Jiangmen Sino-Hongkong Baotian Motorcycle Industrial Co., Ltd.;62;7;Largo;;
6486;Jiangmen Zhongyu Motor (Group) Co., Ltd.;40;6;Largo;;
1837;Jiangsu Jinjie Motor Manufacture Co.;36;5;Largo;;
10675;Jiangsu Lvneng Electrical Bicycle Technology Co, Ltd.;53;7;Largo;;
1841;Jiangsu Sinski Sonik Motor Technology Co.;41;6;Largo;;
1842;Jiangsu Sinski Vehicle Science & Technology Co.;47;7;Largo;;
1852;Jiangsu Sunhou & T Motorcycle Co.;33;6;Largo;;
1854;Jiangxi Kama Business Bus Co.;29;5;Largo;;
9793;Jianshe;7;1;Medio;;
13859;Jilu;4;1;Corto;;
6818;Jim Campen Trailers;19;3;Largo;;
1855;Jim Nasi Customs;16;3;Largo;;
1859;Jim'S Enterprise;16;2;Largo;;
10130;Jim'S Trailers;14;2;Largo;;
4197;Jim'S Welding Service;21;3;Largo;;
1856;Jim-Glo Trailers, Trading As Jimglo Trailers;44;6;Largo;;
12157;Jiming;6;1;Medio;;
1857;Jimmy'S Custom Built Trailers & Fabrication;43;6;Largo;;
5198;Jimmy'S Discount Tire/Trailer;29;3;Largo;;
1861;Jincheng Corporation;20;2;Largo;;
7205;Jinglong;8;1;Medio;;
13059;Jingyingjianshe;15;1;Largo;;
1862;Jinhua Regard Manufacturing Company Usa;39;5;Largo;;
7528;Jinhua Shiwei;13;2;Largo;;
1863;Jinhua Shiwei Vehicle Co.;25;4;Largo;;
8401;Jinhua Yongqiang Vehicles Factory;33;4;Largo;;
13768;Jinlijing;9;1;Medio;;
12188;Jinma;5;1;Medio;;
12181;Jinmayi;7;1;Medio;;
9664;Jinpeng;7;1;Medio;;
1864;Jinyun County Xiangyuan Industry Co.;36;5;Largo;;
1865;Jj Outdoor Industries;21;3;Largo;;
6748;Jj Trailers;11;2;Largo;;
8745;Jj'S Truck Shop;15;3;Largo;;
11869;Jjm Trailers Llc;16;3;Largo;;
6197;Jjr, Inc;8;2;Medio;;
13421;Jk Trailer Plus;15;3;Largo;;
14103;Jl Fabrication;14;2;Largo;;
10020;Jlc Fabrication;15;2;Largo;;
1866;Jle Maunfacturing;17;2;Largo;;
11504;Jlf;3;1;Corto;;
1900;Jlfd Production (Fautras Horse Trailers);40;5;Largo;;
3772;Jlg;3;1;Corto;;
1901;Jlg Industries;14;2;Largo;;
10219;Jlh;3;1;Corto;;
4221;Jlm;3;1;Corto;;
8053;Jlr Trailers & Welding Inc;26;5;Largo;;
6643;Jm Trailers;11;2;Largo;;
12829;Jma Trailers;12;2;Largo;;
9706;Jmc Inc.;8;2;Medio;;
1903;Jmd Motor Company;17;3;Largo;;
11454;Jmf;3;1;Corto;;
4195;Jmj Maintenance & Remodeling;28;4;Largo;;
4194;Jmw Welding & Manufacturing;27;4;Largo;;
5836;Jn;2;1;Corto;;
7204;Jnen;4;1;Corto;;
10701;Jng;3;1;Corto;;
1905;Jnm Equipment;13;2;Largo;;
5355;Jo Mac Ltd;10;3;Largo;;
9654;Jobsite Trailer;15;2;Largo;;
10356;Joe Marshall Customs;20;3;Largo;;
7649;Joe'S Motorcycles;17;2;Largo;;
8150;Joe'S Trailer;13;2;Largo;;
11613;Joebed;6;1;Medio;;
5431;John Deere;10;2;Largo;;
4979;John Evans Manufacturing;24;3;Largo;;
8755;John Ingram, Inc.;17;3;Largo;;
1907;John Jenkins Co., Inc Dba Jenkins Company;41;7;Largo;;
9118;John M. Hill Machine Co., Inc.;30;6;Largo;;
1908;John Peper Enterprises;22;3;Largo;;
534;John Thomas;11;2;Largo;;
6853;John White Services;19;3;Largo;;
9200;John'S Woodwork & Metal Works;29;5;Largo;;
1911;Johnie Gregory Truck Bodies;27;4;Largo;;
1912;Johnny Pag Motorcycles;22;3;Largo;;
7184;Johnny'S Truck And Trailers;27;4;Largo;;
6509;Johns Golf Cars Inc;19;4;Largo;;
1913;Johnson Crushers International;30;3;Largo;;
7975;Johnson Equipment Sales, Inc;28;4;Largo;;
5199;Johnson Farm Machinery Co., Inc.;32;5;Largo;;
4584;Johnson Industries;18;2;Largo;;
7128;Johnson Manufacturing, Inc;26;3;Largo;;
6344;Johnson Powerlifts;18;2;Largo;;
8801;Johnson Tool And Die, Inc.;26;5;Largo;;
4206;Johnson Truck Bodies;20;3;Largo;;
6298;Johnson'S Mobile Solutions;26;3;Largo;;
7109;Johnson'S Welding;17;2;Largo;;
1914;Johnstown Tube Laser, Llc Dba Environmental Tank Corporation;60;8;Largo;;
1955;Jomar Machining & Fabricating;29;4;Largo;;
7906;Jonco Manufacturing;19;2;Largo;;
1956;Jones County Choppers;21;3;Largo;;
12376;Jones Custom Welding & Fabrication;34;5;Largo;;
9228;Jones Motor Company;19;3;Largo;;
4208;Jones Motorsports;17;2;Largo;;
9665;Jones Trailer Co;16;3;Largo;;
9613;Jones Trailer Sales;19;3;Largo;;
6303;Jones Welding Service;21;3;Largo;;
4858;Jonway;6;1;Medio;;
4814;Jordan Air;10;2;Largo;;
1958;Joseph R. Thompson Enterprises;30;4;Largo;;
5440;Josten;6;1;Medio;;
14047;Jowin;5;1;Medio;;
12481;Joy Ride Ev;11;3;Largo;;
1959;Joyhon;6;1;Medio;;
5562;Joyride;7;1;Medio;;
12293;Jpc Intermodal Mx;17;3;Largo;;
13422;Jpc Trailers;12;2;Largo;;
11635;Jq;2;1;Corto;;
1960;Jr Custom Trailers;18;3;Largo;;
5279;Jr Koop,Inc.;12;2;Largo;;
1961;Jr Mfg And Sales Llc;20;5;Largo;;
9747;Jr Ramiro;9;2;Medio;;
6641;Jr Trailers;11;2;Largo;;
7479;Jr Welding Inc;14;3;Largo;;
6304;Jr'S Custom Pattern Cutting Fabrication And Repair;50;7;Largo;;
4734;Jrb Cuz Enterprises;19;3;Largo;;
1962;Jrc Custom Trailers;19;3;Largo;;
12295;Jrl;3;1;Corto;;
1963;Jrl Cycles;10;2;Largo;;
10428;Jrs;3;1;Corto;;
1964;Jrs Custom Fabrication;22;3;Largo;;
13814;Jrs Food Trailers Llc;21;4;Largo;;
1965;Jrw Trailers, Inc. Dba Walton And Byson Trailers;48;8;Largo;;
6642;Jsd Welding Inc.;16;3;Largo;;
1966;Jsg Industries;14;2;Largo;;
1967;Jsr Custom;10;2;Largo;;
13345;Jsr Trailers;12;2;Largo;;
11044;Jt Trailers;11;2;Largo;;
11995;Jt-Kustoms;10;1;Largo;;
1968;Jtc Sales;9;2;Medio;;
14035;Jtliving;8;1;Medio;;
9860;Juan Pablo Jimenez Morales;26;4;Largo;;
9749;Juaneilus;9;1;Medio;;
1969;Jubilee Motor Campany;21;3;Largo;;
9489;Jubilee Trailers, Llc;21;3;Largo;;
4209;Judgement Custom Design;23;3;Largo;;
13911;Juman;5;1;Medio;;
1970;Jumping J-Jays Franchises Usa;29;4;Largo;;
4210;Jumping Jack;12;2;Largo;;
10322;Jumpstreet Custom;17;2;Largo;;
4211;Junior Motorcycle Manufacturing;31;3;Largo;;
1971;Junior'S Golf Carts;19;3;Largo;;
8019;Juskco Services, Inc.;21;3;Largo;;
13837;Just Chilling Trailers;22;3;Largo;;
11622;Just Trailers Llc;17;3;Largo;;
1972;Justin Palmer Welding;21;3;Largo;;
1973;Jv Manufacturing;16;2;Largo;;
1974;Jv Metal Buildings & Trailers;29;5;Largo;;
12223;Jvs Cart Company;16;3;Largo;;
8965;Jw Trailers;11;2;Largo;;
1975;Jwf Industries;14;2;Largo;;
6402;Jyc Custom Cycles L.L.C.;24;4;Largo;;
1998;Jz Riders;9;2;Medio;;
14120;K & A;5;3;Medio;;
13780;K & B Incorporated;18;4;Largo;;
8017;K & C Conversions;17;4;Largo;;
12052;K & K Manufacturing, Inc.;25;5;Largo;;
6391;K & K Systems, Inc.;19;5;Largo;;
8855;K & K Trailers Inc.;19;5;Largo;;
4212;K & K Welding;13;4;Largo;;
2000;K & M Manufacturing Co.;23;5;Largo;;
8336;K & M Trailer Sales;19;5;Largo;;
9606;K & S Manufacturing, Llc;24;5;Largo;;
8997;K & W Load Star;15;5;Largo;;
12473;K And K Welding;15;4;Largo;;
10426;K And S Trailers;16;4;Largo;;
6305;K Industries, Inc;17;3;Largo;;
10708;K&F Industries;14;2;Largo;;
6619;K&K Repair Service;18;3;Largo;;
9734;K&S Fabrication, Llc;20;3;Largo;;
9272;K-Bar Industries, Inc.;22;3;Largo;;
2099;K-Jack Motors;13;2;Largo;;
10466;K-Kustomz;9;1;Medio;;
6411;K-Line Trailers Ltd;19;3;Largo;;
6306;K-N Manufacturing;17;2;Largo;;
9802;K-N-D Trailers;14;2;Largo;;
1925;K-Otic Kustoms;14;2;Largo;;
8351;K-Trail;7;1;Medio;;
4214;K.C. Metal Works;16;3;Largo;;
9017;K.T. Specialties, Inc.;22;3;Largo;;
10707;Kaab;4;1;Corto;;
2001;Kaase Trailers;14;2;Largo;;
4905;Kace Trailers, Llc;18;3;Largo;;
10769;Kactus Kid;10;2;Largo;;
5833;Kainuo;6;1;Medio;;
10454;Kaiser Premier Llc;18;3;Largo;;
8412;Kak Motorcycles, Inc;20;3;Largo;;
7867;Kal Manufacturing;17;2;Largo;;
10687;Kalinowski;10;1;Largo;;
904;Kalmar;6;1;Medio;;
12392;Kalt Life Kustom Kart;21;4;Largo;;
5701;Kalyn Siebert;13;2;Largo;;
8718;Kamco;5;1;Medio;;
12730;Kamixo Carrocerias;18;2;Largo;;
12640;Kammerer Dynamics Inc. (Kdi);28;4;Largo;;
10471;Kampereen;9;1;Medio;;
9323;Kamplite;8;1;Medio;;
7085;Kanamak Hydraulics;18;2;Largo;;
2018;Kandi;5;1;Medio;;
2017;Kandi Steel;11;2;Largo;;
5416;Kangaroo;8;1;Medio;;
13769;Kangjie;7;1;Medio;;
4232;Kann;4;1;Corto;;
11263;Kanoff Equipment Services;25;3;Largo;;
8359;Kansas Kustoms;14;2;Largo;;
10492;Kanterra;8;1;Medio;;
2019;Kapels Eng & Bld;16;4;Largo;;
5200;Kar Fabrication Inc.;20;3;Largo;;
5831;Kar-Karriage;12;1;Largo;;
5995;Kar-Tote;8;1;Medio;;
5044;Karavan Trailer;15;2;Largo;;
2020;Karcher North America (Kna);27;4;Largo;;
6230;Kard Co;7;2;Medio;;
10305;Kareem Carts;12;2;Largo;;
5740;Kari-Kool;9;1;Medio;;
5122;Karma;5;1;Medio;;
9142;Karnel Enterprizes;18;2;Largo;;
10467;Karry Usa Trailers;18;3;Largo;;
10755;Karsan;6;1;Medio;;
13827;Kase Pumping Systems Llc;24;4;Largo;;
7432;Kasi Infrared;13;2;Largo;;
5741;Kast-Rite;9;1;Medio;;
8271;Kat Ind;7;2;Medio;;
2021;Katharina Loewen Dba Taller Fehr;32;5;Largo;;
4233;Kathy Spell Dba Southern Built Trailers;39;6;Largo;;
6323;Kaufman Trailers;16;2;Largo;;
12004;Kaufman Trailers Group, Llc;27;4;Largo;;
6614;Kaufman Trailers Of Nc;22;4;Largo;;
10136;Kaufman Trailers Of Ne, Inc.;28;5;Largo;;
7749;Kaufman Trailers Of Sc;22;4;Largo;;
510;Kawasaki;8;1;Medio;;
12986;Kaylavon;8;1;Medio;;
10487;Kayo;4;1;Corto;;
4389;Kbh;3;1;Corto;;
5357;Kc Creations;12;2;Largo;;
12757;Kch;3;1;Corto;;
13736;Kcp;3;1;Corto;;
11506;Kcp Concrete Pumps;18;3;Largo;;
13353;Kd Modular;10;2;Largo;;
2023;Kdz Kustoms;11;2;Largo;;
9414;Keehn Service Corporation;25;3;Largo;;
6280;Keenway Manufacturing Inc.;26;3;Largo;;
10273;Keep It Cold;12;3;Largo;;
12337;Keeway;6;1;Medio;;
2024;Keino Cycles;12;2;Largo;;
7670;Keith Huber Inc;15;3;Largo;;
2025;Keizer Morris International, Inc. Dba K M International;55;8;Largo;;
11499;Kel-Tec;7;1;Medio;;
10941;Keller;6;1;Medio;;
2046;Keller Welding;14;2;Largo;;
10942;Keller2;7;1;Medio;;
9773;Kelley'S Fabrication;20;2;Largo;;
7295;Kelly Welding;13;2;Largo;;
9422;Kellys Welding & Manufacturing;30;4;Largo;;
10704;Kemco;5;1;Medio;;
6593;Kemp Kustoms;12;2;Largo;;
6281;Ken'S Custom Trailers And Supplies;34;5;Largo;;
4234;Kenco Fabricating Company;25;3;Largo;;
7849;Kendall Trailer Mfg.;20;3;Largo;;
2047;Kendon Industries Incorporated;30;3;Largo;;
8234;Kendon Industries, Llc;22;3;Largo;;
6156;Kendrick Prefab Welding;23;3;Largo;;
1824;Kenguru;7;1;Medio;;
8642;Kenlee Trailers, Mfg. By Nacogdoches Iron Works, Inc.;53;8;Largo;;
7921;Kenn Trailers;13;2;Largo;;
13839;Kennco;6;1;Medio;;
10862;Kennedy;7;1;Medio;;
13384;Kensington Trailers Llc;23;3;Largo;;
5844;Kent Power Inc.;15;3;Largo;;
5062;Kent Trailers;13;2;Largo;;
2048;Kentucky;8;1;Medio;;
532;Kenworth;8;1;Medio;;
13976;Kepler;6;1;Medio;;
2049;Kepler Motors;13;2;Largo;;
6392;Kerby Brothers Llc;18;3;Largo;;
13967;Kerfton;7;1;Medio;;
8346;Kerr Trailers;13;2;Largo;;
5782;Kerr-Bilt;9;1;Medio;;
12232;Kers;4;1;Corto;;
12233;Kers Wee;8;2;Medio;;
2050;Kev'S Welding & Manufacturing;29;4;Largo;;
8763;Kevin Mc Ardle;14;3;Largo;;
7247;Kevin'S Repair & Auto Body;26;5;Largo;;
2051;Key Energy Services;19;3;Largo;;
8865;Keyco Manufacturing Inc.;24;3;Largo;;
7615;Keystone;8;1;Medio;;
2052;Keystone Choppers;17;2;Largo;;
4685;Keystone Kabins;15;2;Largo;;
2053;Keystone Lsv;12;2;Largo;;
2054;Keystone Oilfield Fabrication;29;3;Largo;;
13253;Keystone Trailer Co.;20;3;Largo;;
2082;Keystone Trailers;17;2;Largo;;
8598;Keystone Vending Cart Co, Inc;29;5;Largo;;
11116;Keystone/Atlas;14;1;Largo;;
13655;Keystone/Denali;15;1;Largo;;
12302;Keystone/Eddie Bauer;20;2;Largo;;
11117;Keystone/Raptor;15;1;Largo;;
12787;Keystone/Sprinter;17;1;Largo;;
12180;Keyu;4;1;Corto;;
7104;Keyway Fabrication & Design;27;4;Largo;;
11891;Kftf;4;1;Corto;;
499;Kia;3;1;Corto;;
10262;Kibbi;5;1;Medio;;
10965;Kick Azz;8;2;Medio;;
2083;Kickin' Kampers;15;2;Largo;;
5809;Kid;3;1;Corto;;
4926;Kiefer Manufacturing And Sales Llc;34;5;Largo;;
5329;Kiefer-Built;12;1;Largo;;
7366;Kiepe;5;1;Medio;;
7956;Kiewit;6;1;Medio;;
3939;Kikker 5150;11;2;Largo;;
8812;Killer Chopper Cycle Fabrication;32;4;Largo;;
4239;Killion Enterprises;19;2;Largo;;
2084;Kimbel Manufacturing;20;2;Largo;;
10814;Kimberley Kampers;17;2;Largo;;
2085;Kimberley Kampers Pty;21;3;Largo;;
2692;Kimble;6;1;Medio;;
2089;Kimble Chassis;14;2;Largo;;
12706;Kindig;6;1;Medio;;
13939;Kinetic Carriers;16;2;Largo;;
13730;Kinetic Custom Trailers;23;3;Largo;;
10302;Kinetic Custom Trailers Ltd;27;4;Largo;;
6279;Kinetic Engineering Ltd.;24;3;Largo;;
2090;King American;13;2;Largo;;
7774;King Custom Motorcycles;23;3;Largo;;
3759;King Equipment Co.;18;3;Largo;;
11416;King Hk International Trading Limited;37;5;Largo;;
4236;King Kustom Cycle;17;3;Largo;;
8389;King Manufacturing Inc;22;3;Largo;;
7445;King Of The Road;16;4;Largo;;
13444;King Race Trailers;18;3;Largo;;
6645;King Rd. Welding;16;3;Largo;;
2091;King Trailers;13;2;Largo;;
13191;King Trailers, Llc;18;3;Largo;;
7938;King'S Traveler, Inc;20;3;Largo;;
11643;Kingdom;7;1;Medio;;
2092;Kingdom Customs Motorcycle Company;34;4;Largo;;
12864;Kings Homes;11;2;Largo;;
13113;Kings Trailers Llc;18;3;Largo;;
5811;Kings Way Trailer Mfg;21;4;Largo;;
14062;Kingsforge Cargo;16;2;Largo;;
10095;Kingstar;8;1;Medio;;
5105;Kingston Trailers;17;2;Largo;;
10725;Kingtec;7;1;Medio;;
10325;Kinich Solar Industries;23;3;Largo;;
2094;Kinkaid Trailers;16;2;Largo;;
1379;Kinlon;6;1;Medio;;
10188;Kinney Mfg;10;2;Largo;;
2095;Kinos Custom Concepts;21;3;Largo;;
2087;Kinroad Xintian Motorcycle Manufacture Co.;42;5;Largo;;
2096;Kioba Industries;16;2;Largo;;
8877;Kipe Steel;10;2;Largo;;
7435;Kirk'S Trailer Mfg.;19;3;Largo;;
8148;Kirkley & Son Machine Shop;26;5;Largo;;
8938;Kiser Welding;13;2;Largo;;
6475;Kit Homebuilders West;21;3;Largo;;
6354;Kit Manufacturing Co;20;3;Largo;;
12649;Kite;4;1;Corto;;
2097;Kiwi Air;8;2;Medio;;
2098;Kiwi'S Welding & Repair;23;4;Largo;;
10317;Kj Leisure Trailers Llc;23;4;Largo;;
13173;Kk Carts;8;2;Medio;;
9503;Kkm Enterprises;15;2;Largo;;
10790;Kl Manufacturing Llc;20;3;Largo;;
2100;Kl Welding & Repair;19;4;Largo;;
8190;Kla Trailers;12;2;Largo;;
2101;Kld Energy Technologies;23;3;Largo;;
7393;Klein Corporation;17;2;Largo;;
10846;Klevenite;9;1;Medio;;
2103;Klinger Trailer;15;2;Largo;;
13196;Klinger Trailer, Llc;20;3;Largo;;
6355;Klipping King, Inc.;19;3;Largo;;
9780;Klj Auto Sales And Service;26;5;Largo;;
13970;Km Manufacturing;16;2;Largo;;
11344;Kme;3;1;Corto;;
8287;Kmt Service Parts Inc;21;4;Largo;;
12333;Kmx;3;1;Corto;;
551;Knapheide Truck Equipment Company Southwest;43;5;Largo;;
2088;Knievel Motorcycle Manufacturing;32;3;Largo;;
12490;Knight;6;1;Medio;;
6390;Knight Fabricating;18;2;Largo;;
1879;Knight Trailers;15;2;Largo;;
5203;Knight'S Dragon Service;23;3;Largo;;
1882;Knighthaulers;13;1;Largo;;
1883;Knights Choppers;16;2;Largo;;
1886;Knights Fabrication;19;2;Largo;;
8109;Knights Kargo Inc;17;3;Largo;;
7924;Knowles Manufacturing Company, Inc;34;4;Largo;;
4238;Knucklehead Power Usa;21;3;Largo;;
7203;Knutson Engineering;19;2;Largo;;
4565;Koastal Trailer;15;2;Largo;;
11099;Kodiak;6;1;Medio;;
1891;Kodiak Adventure Products;25;3;Largo;;
8749;Kodiak Aluminum Mfg., Inc.;26;4;Largo;;
11473;Kodiak Ev;9;2;Medio;;
8414;Kodiak Motorcycle Manufacturing Company, Inc.;45;5;Largo;;
8003;Koebrick Welding;16;2;Largo;;
11692;Koechner Mfg. Co., Inc.;23;4;Largo;;
1896;Koenigsegg;10;1;Largo;;
8297;Koester'S Machine Shop;22;3;Largo;;
9037;Koffler Mfg. Inc.;17;3;Largo;;
10033;Kollter;7;1;Medio;;
13056;Koluman;7;1;Medio;;
1897;Komfort Corp.;13;2;Largo;;
13279;Kompact Kamp;12;2;Largo;;
1663;Konced Motorcycle;17;2;Largo;;
5810;Kondor Coach Builders;21;3;Largo;;
7585;Kopavi Trikes Inc;17;3;Largo;;
7860;Korando;7;1;Medio;;
1899;Korrupt Choppers;16;2;Largo;;
12268;Koru Performance, Llc;21;3;Largo;;
5794;Kountry Aire;12;2;Largo;;
5796;Kountry Lite;12;2;Largo;;
5363;Kovatch Mobile Equipment;24;3;Largo;;
12953;Kove;4;1;Corto;;
11574;Kpe Implementos;15;2;Largo;;
3415;Kr Motors Co., Ltd.;19;4;Largo;;
13346;Krabalcraft Llc;15;2;Largo;;
11183;Kraese Cycles;13;2;Largo;;
1928;Kraft Custom Cycles;19;3;Largo;;
14096;Kraft Tank;10;2;Largo;;
13983;Kraftsman;9;1;Medio;;
13143;Kraken Custom Marine;20;3;Largo;;
9908;Kramo Trailers;14;2;Largo;;
9079;Kremco, Inc.;12;2;Largo;;
1929;Kriminal Kustoms;16;2;Largo;;
10776;Krin Usa;8;2;Medio;;
1930;Kripple Kreek;13;2;Largo;;
8863;Kriss Mfg. & Machine;20;4;Largo;;
1932;Kristi Trailer Industries;25;3;Largo;;
14097;Krk Trailers;12;2;Largo;;
12803;Krome;5;1;Medio;;
10351;Krome 728;9;2;Medio;;
8290;Kromer Co Llc;13;3;Largo;;
9989;Krone Trailer;13;2;Largo;;
10484;Kronings;8;1;Medio;;
13950;Kropf;5;1;Medio;;
5812;Kross Kountry;13;2;Largo;;
13973;Krp Trailers;12;2;Largo;;
7613;Kruger Trailers;15;2;Largo;;
1935;Krugger;7;1;Medio;;
4253;Kruz;4;1;Corto;;
8222;Kruzer Motorcycle Trailer;25;3;Largo;;
8092;Krystal Koach, Inc;18;3;Largo;;
11305;Ksad Inc. O/A Kangaroo Trailers;31;5;Largo;;
11925;Ksi Conveyors, Inc;18;3;Largo;;
7787;Ksm Enterprises, Inc;20;3;Largo;;
10837;Ksm Inc.;8;2;Medio;;
596;Ktm;3;1;Corto;;
6318;Ktm Aluminum Frame;18;3;Largo;;
6319;Ktm Steel Frame;15;3;Largo;;
601;Ktmmex;6;1;Medio;;
10489;Kuberg;6;1;Medio;;
7501;Kubota;6;1;Medio;;
5087;Kubvan;6;1;Medio;;
10480;Kumpan Electric;15;2;Largo;;
13068;Kuniu;5;1;Medio;;
12804;Kunke;5;1;Medio;;
4254;Kuntry Kustom Rv;16;3;Largo;;
1951;Kuryente Enterprises;20;2;Largo;;
4635;Kustom Karz;11;2;Largo;;
1937;Kustom Koncepts;15;2;Largo;;
5565;Kustom Lsvs;11;2;Largo;;
4255;Kustom Machine & Sheet Metal;28;5;Largo;;
8737;Kustom Signals, Inc.;20;3;Largo;;
9505;Kustom Trailers & Welding;25;4;Largo;;
1938;Kutz Farm Equipment;19;3;Largo;;
11630;Kuzzy;5;1;Medio;;
13125;Kwf;3;1;Corto;;
8854;Kwik Dump Trailer Supply, Inc.;30;5;Largo;;
4552;Kwik Equipment Sales;20;3;Largo;;
6287;Kwik Kamp;9;2;Medio;;
1946;Kwik Load;9;2;Medio;;
7790;Kwik Trench;11;2;Largo;;
9677;Ky;2;1;Corto;;
4608;Kyfab;5;1;Medio;;
1496;Kymco;5;1;Medio;;
4871;Kyzer Aluminum Inc.;19;3;Largo;;
1989;Kz-Rv;5;1;Medio;;
9455;L & D Trl Manufacturing & Sales;31;7;Largo;;
7107;L & H Manufacturing, Inc.;25;5;Largo;;
1990;L & J Manufacturing;19;4;Largo;;
8529;L & J Services;14;4;Largo;;
5813;L & L Custom;12;4;Largo;;
9589;L & L Manufacturing;19;4;Largo;;
7983;L & M Machine And Fabrication;29;6;Largo;;
6288;L & M Manufacturing Inc;23;5;Largo;;
9127;L & M Sales & Service, Inc.;27;7;Largo;;
4256;L & M Steel And Mfg.;20;6;Largo;;
8776;L & M Trailer Manufacturing;27;5;Largo;;
12989;L & R Fabrication;17;4;Largo;;
7691;L & S Line Mfg;14;5;Largo;;
9840;L A C Welding Mfg. Inc.;23;6;Largo;;
10926;L And O Manufacturing;21;4;Largo;;
1993;L And S Trailers & Supply;25;6;Largo;;
5816;L B Maufacturing Co;19;4;Largo;;
10463;L Brothers;10;2;Largo;;
5815;L J Welding Inc;15;4;Largo;;
7113;L& J Hydraulics Co.;19;4;Largo;;
11944;L&D Trailers;12;2;Largo;;
6289;L&F Custom Built Trailers;25;4;Largo;;
1995;L&J Supply;10;2;Largo;;
10850;L&L Tool & Machine Co Llc;25;6;Largo;;
8716;L&L Trailers;12;2;Largo;;
9099;L.A. Woods Co., Inc.;20;4;Largo;;
1996;L.C.B. Enterprises Inc.;23;3;Largo;;
4663;L.J. Equipment Rental;21;3;Largo;;
8450;L.V.W. Customs;14;2;Largo;;
2015;L/E Autoworks;13;2;Largo;;
2012;L6 Systems;10;2;Largo;;
8815;La Boit Inc.;12;3;Largo;;
2013;La Cart'S;9;2;Medio;;
8391;La Concept Cars Inc;19;4;Largo;;
4539;La Custom Trikes;16;3;Largo;;
9533;La Exotics;10;2;Largo;;
9446;La Palma Auto Body & Repair;27;6;Largo;;
7650;La Shadow Trailers;18;3;Largo;;
2035;Labarge Products;16;2;Largo;;
6436;Lacf;4;1;Corto;;
10569;Lacosta Trailers, Llc;21;3;Largo;;
7696;Lacota Inc;10;2;Largo;;
6360;Lacrosse Enterprises, Inc.;26;3;Largo;;
5818;Ladner;6;1;Medio;;
5605;Lafarge;7;1;Medio;;
6428;Lafayette County Car Company, Llc;33;5;Largo;;
6307;Laforza;7;1;Medio;;
9173;Lagasse Rides;13;2;Largo;;
2036;Lagoon Manufacturing;20;2;Largo;;
2042;Lake City Choppers;18;3;Largo;;
6490;Lake County Cycles Inc;22;4;Largo;;
8159;Lake Forest Builders, Inc.;26;4;Largo;;
1957;Lake Manufacturing;18;2;Largo;;
2055;Lake Norman Trailer;19;3;Largo;;
8455;Lake Of The Ozarks Custom Cycle;31;6;Largo;;
6832;Lake Technology Products Inc.;29;4;Largo;;
2059;Lake View Lodges Inc.;21;4;Largo;;
5312;Lakeland;8;1;Medio;;
4701;Lakeland Trailers, Inc. Of Hill City;36;6;Largo;;
2060;Lakes Enterprises;17;2;Largo;;
2065;Lakeshore Watercraft;20;2;Largo;;
13784;Lakeside;8;1;Medio;;
2069;Lakeside Trailer Manufacturing;30;3;Largo;;
11562;Lakeview;8;1;Medio;;
7589;Lakeview Mfg;12;2;Largo;;
2073;Lakota;6;1;Medio;;
14003;Lakota/Legacy;13;1;Largo;;
4707;Lal Acquisition;15;2;Largo;;
12741;Lamar;5;1;Medio;;
6413;Lamar Trailers;14;2;Largo;;
10117;Lambert Trailers;16;2;Largo;;
502;Lamborghini;11;1;Largo;;
10250;Lambretta;9;1;Medio;;
7917;Lamco Mfg And Distributing Company Inc;38;6;Largo;;
12331;Lamer Street Kreations Corp;27;4;Largo;;
2086;Laminated Wood Systems, Inc.;28;4;Largo;;
2093;Lampi Equipment;15;2;Largo;;
11872;Lancaster Log Cabin Trailer;27;4;Largo;;
10019;Lance;5;1;Medio;;
2106;Lance Camper;12;2;Largo;;
2105;Lanchester Trailer Supply;25;3;Largo;;
497;Lancia;6;1;Medio;;
10823;Land;4;1;Corto;;
2109;Land & Sea, Inc.;16;4;Largo;;
9068;Land And Sea Rv, Inc;20;5;Largo;;
2115;Land And Sea Trailer Shoppe;27;5;Largo;;
13470;Land Roamer;11;2;Largo;;
444;Land Rover;10;2;Largo;;
13766;Land Rover Santana;18;3;Largo;;
10271;Landa;5;1;Medio;;
5120;Landa Trailer;13;2;Largo;;
8460;Landau;6;1;Medio;;
5819;Landmark;8;1;Medio;;
2123;Landoll Corporation;19;2;Largo;;
5547;Landry'S Trailer Sales & Service;32;5;Largo;;
4760;Landscape;9;1;Medio;;
12412;Landsend;8;1;Medio;;
5400;Lane Trailer Manufacturing Co.;30;4;Largo;;
9212;Lang Specialty Trailers;23;3;Largo;;
13055;Langendorf;10;1;Largo;;
2116;Lanier Marine Trailers;22;3;Largo;;
9378;Lanier Trailer, Inc.;20;3;Largo;;
4728;Lankota Inc.;12;2;Largo;;
5401;Lantz;5;1;Medio;;
13427;Laoye;5;1;Medio;;
2208;Lark United Manufacturing;25;3;Largo;;
6254;Larry'S Trailer Sales Inc;25;4;Largo;;
8192;Larson Cable Trailers;21;3;Largo;;
12646;Las Casitas;11;2;Largo;;
2247;Las Vegas Classic Coach;23;4;Largo;;
7487;Laser Straight Mfg. Inc;23;4;Largo;;
2251;Latco;5;1;Medio;;
2264;Late Nyt Choppers;17;3;Largo;;
461;Latitude;8;1;Medio;;
6517;Lau Welding Inc.;16;3;Largo;;
9348;Laurel Fabricating, Inc.;24;3;Largo;;
5115;Laverda;7;1;Medio;;
2272;Lawless Welding;15;2;Largo;;
11711;Lawlis Cycles;13;2;Largo;;
9907;Lawmax;6;1;Medio;;
13243;Lawrence Trailers;17;2;Largo;;
2273;Lawrimore Manufacturing;23;2;Largo;;
13604;Lawson Cryogenic;16;2;Largo;;
4258;Lawton Trailers;15;2;Largo;;
8975;Layton Manufacturing Company;28;3;Largo;;
6203;Lazy B;6;2;Medio;;
4259;Lazy J Mfg.;11;3;Largo;;
9390;Lazy L Mfg.;11;3;Largo;;
5763;Lazy N;6;2;Medio;;
7163;Lazy-Daz Inc;12;2;Largo;;
2274;Lb Telesystems;14;2;Largo;;
7990;Lbt Inc;7;2;Medio;;
6370;Lbt Stainless Inc;17;3;Largo;;
4660;Lc Services Of Louisiana;24;4;Largo;;
13509;Lc Trailer;10;2;Largo;;
2275;Lc3;3;1;Corto;;
12343;Lca;3;1;Corto;;
5535;Lch Colombia S.A.S;18;3;Largo;;
8669;Lch Holding Corporation;23;3;Largo;;
10845;Lcm;3;1;Corto;;
5921;Lct;3;1;Corto;;
6980;Ldc Industries, Inc;19;3;Largo;;
2279;Ldj Manufacturing, Inc.;23;3;Largo;;
12679;Le Carrossier Rive-Sud;22;3;Largo;;
9247;Le Hickory Pits;15;3;Largo;;
12317;Leaf Energy;11;2;Largo;;
13622;Leary;5;1;Medio;;
7872;Leber Coach Manufacturing;25;3;Largo;;
11271;Lechner'S;9;1;Medio;;
11961;Lecitrailer S.A;15;2;Largo;;
2330;Lectrus;7;1;Medio;;
2331;Led Authority;13;2;Largo;;
7747;Ledbetter Welding Company;25;3;Largo;;
13046;Ledow;5;1;Medio;;
9834;Ledwell & Sons Enterprises, Inc.;32;5;Largo;;
2332;Lees Leisure Industries Limited;31;4;Largo;;
8537;Leewood Incorporated;20;2;Largo;;
4946;Lefort;6;1;Medio;;
2334;Left Coast Development;22;3;Largo;;
2378;Lefty Brothers Cycles;21;3;Largo;;
10036;Legacy;6;1;Medio;;
2380;Legacy Housing;14;2;Largo;;
2384;Legacy Rv;9;2;Medio;;
2388;Legacy Trailers;15;2;Largo;;
8701;Legacy Trailers Llc;19;3;Largo;;
4273;Legend;6;1;Medio;;
6539;Legend Ice House;16;3;Largo;;
4887;Legend Manufacturing Inc;24;3;Largo;;
8496;Legend One Mfg. Inc;19;4;Largo;;
9902;Legend Outdoors Trailers;24;3;Largo;;
7428;Legend Trailers Inc;19;3;Largo;;
4274;Legend Valley Products / O'Brien Mfg;36;6;Largo;;
2391;Legendary Innovations;21;2;Largo;;
12897;Legendary Trailers;18;2;Largo;;
2392;Legends Custom Cycles;21;3;Largo;;
4275;Legends Motorsports Llc.;24;3;Largo;;
2394;Leggett & Platt;15;3;Largo;;
13091;Legion;6;1;Medio;;
12151;Legion Electric Vehicles;24;3;Largo;;
2396;Legion Motorcycle Company;25;3;Largo;;
13596;Leidian;7;1;Medio;;
1798;Lektron;7;1;Medio;;
9136;Leland Truck Equipment;22;3;Largo;;
12769;Lem Remolques;13;2;Largo;;
7625;Lemco Tool;10;2;Largo;;
7898;Lemna Corporation;17;2;Largo;;
2401;Leon'S Welding & Fabrication;28;4;Largo;;
10457;Leonard;7;1;Medio;;
5573;Leonard Aluminum Utility Buildings;34;4;Largo;;
11023;Leonard Motor Works;19;3;Largo;;
6214;Lerch Rv;8;2;Medio;;
12689;Lerma;5;1;Medio;;
6809;Leroy Engineering;17;2;Largo;;
2403;Leroy-Thompson;14;1;Largo;;
12604;Les Équipements Woody;21;3;Largo;;
8425;Les Remorques Laroche;21;3;Largo;;
8760;Les Soudures Chagnon Ltee;25;4;Largo;;
6253;Les' Service And Canopies;25;4;Largo;;
8215;Lesters Manufacturing Inc;25;3;Largo;;
1892;Let'S Go Aero;13;3;Largo;;
3397;Levay Machine Co., Llc;22;4;Largo;;
1893;Levco Worldwide;15;2;Largo;;
1894;Level Trailers;14;2;Largo;;
6828;Levon Vending Carts Co.;23;4;Largo;;
1895;Lexington Trailer & Hitch;25;4;Largo;;
515;Lexus;5;1;Medio;;
9595;Lgs Chassis, Inc.;17;3;Largo;;
1919;Lgs Industries;14;2;Largo;;
11168;Lh Trailers, Llc;16;3;Largo;;
5821;Lht Industries;14;2;Largo;;
10818;Li Qian;7;2;Medio;;
9784;Li Yang;7;2;Medio;;
6282;Li'L Ice Cream Shop Ltd;23;5;Largo;;
1931;Lianyungang Universal Special Purpose;37;4;Largo;;
4276;Liberator Motorcycles;21;2;Largo;;
1936;Liberator Trikes;16;2;Largo;;
1942;Liberty;7;1;Medio;;
5300;Liberty Cabins;14;2;Largo;;
6350;Liberty Industries;18;2;Largo;;
1944;Liberty Motors;14;2;Largo;;
6006;Liberty Outdoors;16;2;Largo;;
1948;Liberty Seamless Enterprises;28;3;Largo;;
8183;Liberty Trailers Inc;20;3;Largo;;
13008;Liberty Trailers Llc;20;3;Largo;;
6569;Liberty Trailers, Inc.;22;3;Largo;;
10284;Lichi;5;1;Medio;;
5434;Liddell;7;1;Medio;;
10903;Liefan;6;1;Medio;;
1950;Lifan Industry;14;2;Largo;;
1952;Lifan-Vietnam Motor;19;2;Largo;;
6526;Life Tiny Homes;15;3;Largo;;
11200;Lifescape;9;1;Medio;;
5005;Lifestyle;9;1;Medio;;
1954;Lifestyle Luxury;16;2;Largo;;
5822;Lifetime Aluminum;17;2;Largo;;
1977;Lifetime Products Group;23;3;Largo;;
1147;Lifetime Products, Inc.;23;3;Largo;;
10985;Lifetime Steel;14;2;Largo;;
10573;Lifetime Trailer Corporation;28;3;Largo;;
4853;Lifetrike;9;1;Medio;;
13832;Lift Max Pros;13;3;Largo;;
1980;Lift N Lock;11;3;Largo;;
5823;Liftco;6;1;Medio;;
13398;Liftco(Service Specialties Of Elkhart In);41;5;Largo;;
8490;Light Boy Co., Ltd.;19;4;Largo;;
6232;Light Campers Inc;17;3;Largo;;
1982;Light Engineering;17;2;Largo;;
9480;Light House Trades;18;3;Largo;;
1983;Lighthouse Rv Manufacturing;27;3;Largo;;
7386;Lightline Products Inc;22;3;Largo;;
5310;Lightning Motors Corp;21;3;Largo;;
1984;Lightning Rod Motorcycles;25;3;Largo;;
13299;Lightship;9;1;Medio;;
4277;Likens Trailer Manufacturing;28;3;Largo;;
6233;Lil John;8;2;Medio;;
12010;Lillibridge;11;1;Largo;;
7243;Limbo Container Company;23;3;Largo;;
8886;Limco Trailer;13;2;Largo;;
1986;Lime City Equipment;19;3;Largo;;
13225;Limitless Trailers;18;2;Largo;;
2005;Limos By Tiffany;16;3;Largo;;
2009;Limousine Manufacturing;23;2;Largo;;
2014;Linamar Consumer Products;25;3;Largo;;
464;Lincoln;7;1;Medio;;
12529;Linde Engineering North America Llc;35;5;Largo;;
5824;Lindig;6;1;Medio;;
4278;Lindsay Manufacturing;21;2;Largo;;
4576;Lindsay Transportation Solutions;32;3;Largo;;
9187;Lindsay'S Farm Equipment;24;3;Largo;;
6234;Linear Dynamics Inc;19;3;Largo;;
4710;Lineman & Son;13;3;Largo;;
11138;Lines In Fabworx;16;3;Largo;;
6218;Linhai;6;1;Medio;;
10522;Link;4;1;Corto;;
12217;Linx;4;1;Corto;;
9850;Lion;4;1;Corto;;
11601;Lion Electric Manufacturing Usa Inc.;36;5;Largo;;
10328;Lion Trailers;13;2;Largo;;
2068;Lionhead Haulers;16;2;Largo;;
11464;Lionheart Construction Llc;26;3;Largo;;
11068;Lipert Components;17;2;Largo;;
11165;Lippert;7;1;Medio;;
4279;Lippert Component;17;2;Largo;;
11724;Lippert Components;18;2;Largo;;
2016;Liquid Asphalt Systems;22;3;Largo;;
4757;Liquid Partners;15;2;Largo;;
7215;Lisle Specialties Inc;21;3;Largo;;
10654;List Transportation;19;2;Largo;;
2027;Lit Motors;10;2;Largo;;
2028;Lit Scooters;12;2;Largo;;
1999;Lita;4;1;Corto;;
10047;Lite Car;8;2;Medio;;
9139;Lite House Campers, Inc.;24;4;Largo;;
7716;Lite-N-Bolt;11;1;Largo;;
4280;Lithium House;13;2;Largo;;
2030;Lito Green Motion;17;3;Largo;;
2031;Little Beaver;13;2;Largo;;
11575;Little Buggy;12;2;Largo;;
2032;Little D'S Utility Trailers;27;4;Largo;;
2033;Little Fox Campers;18;3;Largo;;
10295;Little Guy Max;14;3;Largo;;
11417;Little Guy Micro Max;20;4;Largo;;
2034;Little Guys Group;17;3;Largo;;
2039;Little Joe'S Welding & Sons;27;5;Largo;;
10885;Little Mountain;15;2;Largo;;
9897;Little Snowy;12;2;Largo;;
5025;Little Stanley Cycles;21;3;Largo;;
12211;Liv;3;1;Corto;;
4713;Liv Golf Cars;13;3;Largo;;
12775;Live More;9;2;Medio;;
2040;Livecchi Cycle;14;2;Largo;;
2057;Livestock Trailer Equipment;27;3;Largo;;
11053;Livewire;8;1;Medio;;
2058;Livin Lite;10;2;Largo;;
11394;Living Water;12;2;Largo;;
2070;Livingston Custom Boat Trailers;31;4;Largo;;
11629;Lj Custom Trailers;18;3;Largo;;
13107;Lj Inc;6;2;Medio;;
13564;Ljj Trailers;12;2;Largo;;
2197;Llr Trailers;12;2;Largo;;
8390;Lmc;3;1;Corto;;
2071;Lmt;3;1;Corto;;
11533;Lmt Trailers;12;2;Largo;;
2072;Lo-Pro Fluid Transports;23;3;Largo;;
5797;Load Eaz;8;2;Medio;;
2075;Load Glide Trailers;19;3;Largo;;
8486;Load King;9;2;Medio;;
8568;Load Max Trailers, Ltd;22;4;Largo;;
7421;Load Maxx Trailer Co.;21;4;Largo;;
2107;Load Pro Trailers;17;3;Largo;;
11071;Load Ready;10;2;Largo;;
9375;Load Redi, Inc.;15;3;Largo;;
5343;Load Rite;9;2;Medio;;
2108;Load Technology;15;2;Largo;;
2110;Load Toters Trailers;20;3;Largo;;
2111;Load Trail;10;2;Largo;;
12846;Load Trail Mx S.A. De C.V.;26;6;Largo;;
13437;Load'Em Up Trailers;19;3;Largo;;
8491;Loadmaster Aluminum Boat Trailers, Inc;38;5;Largo;;
8231;Loadmaster Manufacturing Inc;28;3;Largo;;
8278;Loadmaster Trailer Company Ltd;30;4;Largo;;
6879;Loadmaster Trailer Mfg.;23;3;Largo;;
5435;Loadstar;8;1;Medio;;
5682;Lobb Trailer;12;2;Largo;;
13716;Lobo Adventure Trailers;23;3;Largo;;
9685;Local Motors;12;2;Largo;;
2112;Location Water Systems;22;3;Largo;;
4944;Lockwood;8;1;Medio;;
7026;Lodal;5;1;Medio;;
9252;Loeffler Filtration Group;25;3;Largo;;
2114;Log - Master Portable;21;4;Largo;;
2113;Logan Coach;11;2;Largo;;
5073;Logan Farm Equipment;20;3;Largo;;
12666;Logan Hauler;12;2;Largo;;
6267;Logano Trucking Company Inc;27;4;Largo;;
4281;Logic Motor Company;19;3;Largo;;
4297;Logic Motors;12;2;Largo;;
9065;Logistics Support Facility;26;3;Largo;;
5785;Lohr;4;1;Corto;;
12260;Lohr North America;18;3;Largo;;
12407;Loinex;6;1;Medio;;
9676;Lojo;4;1;Corto;;
5179;Lomar Industry;14;2;Largo;;
1404;Loncin;6;1;Medio;;
8143;London;6;1;Medio;;
5795;London Aire;11;2;Largo;;
9095;London Bridge Welding;21;3;Largo;;
5767;Londoncoach Inc;15;2;Largo;;
11858;Lone Pine Fabrication;21;3;Largo;;
8803;Lone Star;9;2;Medio;;
10633;Lone Star Body Systems Llc;26;5;Largo;;
2119;Lone Star Grillz;16;3;Largo;;
13178;Lone Star Mfg;13;3;Largo;;
2118;Lone Star Oryogenics;20;3;Largo;;
8481;Lone Star Roaster;17;3;Largo;;
2120;Lone Star Trailer;17;3;Largo;;
2121;Lone Star Trailer Services;26;4;Largo;;
12578;Lone Star Trailers Llc;22;4;Largo;;
2122;Lone Wolf Customs;17;3;Largo;;
4296;Lone Wolf Trailer Co.;21;4;Largo;;
2165;Lonesome Road Choppers;22;3;Largo;;
4731;Lonestar Dock Products;22;3;Largo;;
4295;Lonestar Manufacturing;22;2;Largo;;
12413;Lonestar Specialty Vehicles;27;3;Largo;;
10604;Long Board;10;2;Largo;;
2166;Long Chih Industrial;20;3;Largo;;
2151;Long Dog Enterprise;19;3;Largo;;
6275;Long Horn Welding;17;3;Largo;;
2657;Long Neck Trailers;18;3;Largo;;
9826;Long Run Trailers & Fabrication, Llc;36;6;Largo;;
6073;Long Trailer Company;20;3;Largo;;
2154;Longbow Motorcycles;19;2;Largo;;
10842;Longhaul Trailers;17;2;Largo;;
11100;Longhorn;8;1;Medio;;
8881;Longhorn Trailer Company;24;3;Largo;;
2636;Longjia;7;1;Medio;;
7170;Longjia Or Buccaneer (Ssr Motorsports);38;5;Largo;;
9914;Longway;7;1;Medio;;
11605;Look Trailers;13;2;Largo;;
7507;Lopez Welding Shop;18;3;Largo;;
10768;Lordstown;9;1;Medio;;
8256;Lorgano;7;1;Medio;;
6963;Los Angeles Rollers;19;3;Largo;;
8821;Los Lobos Mini Choppers, Llc;28;5;Largo;;
11590;Los Sauces;10;2;Largo;;
13696;Lost Road Campers;17;3;Largo;;
466;Lotus;5;1;Medio;;
8305;Lou Fegers Trailer Sales Inc;28;5;Largo;;
2164;Loudo Trailers;14;2;Largo;;
13545;Love For You Trailers;21;4;Largo;;
2170;Low Speed Vehicles;18;3;Largo;;
13668;Low Tide;8;2;Medio;;
2174;Low-Tow Trailers;16;2;Largo;;
12506;Lown Performance Llc;20;3;Largo;;
12243;Lox;3;1;Corto;;
2186;Loyalty Mobile Innovations;26;3;Largo;;
9988;Lozano Trailer;14;2;Largo;;
2189;Lpd Trailers;12;2;Largo;;
4662;Lpg Ventures;12;2;Largo;;
2193;Lrg Technologies;16;2;Largo;;
11650;Lsv Manufacturing Llc;21;3;Largo;;
12348;Lsv Plus Llc / Eco- Cart;24;6;Largo;;
10939;Lsv St;6;2;Medio;;
5826;Ltt;3;1;Corto;;
9695;Lu;2;1;Corto;;
5522;Lucas;5;1;Medio;;
2195;Lucas Cycles;12;2;Largo;;
11365;Lucas Fabrication Llc;21;3;Largo;;
10919;Lucid;5;1;Medio;;
6647;Lucky Devil Metal Works;23;4;Largo;;
2199;Lucky Mfg;9;2;Medio;;
2202;Lucon;5;1;Medio;;
10977;Ludie'S;7;1;Medio;;
2207;Ludwigsen Motor Company;23;3;Largo;;
5825;Luedtke;7;1;Medio;;
2213;Lugo Manufacturing;18;2;Largo;;
4628;Lujeana Peters-Howell Rooks County Trailer Sales;48;6;Largo;;
9679;Lujo;4;1;Corto;;
6819;Luke'S Trailer Mfg And Sales, Inc.;34;6;Largo;;
12735;Luling;6;1;Medio;;
2242;Lumbee Trikes & Bikes;21;4;Largo;;
5381;Lumen;5;1;Medio;;
13180;Luminys;7;1;Medio;;
2243;Lumpkin Enterprises;19;2;Largo;;
2244;Lumpkin Trailers;16;2;Largo;;
13719;Lund;4;1;Corto;;
2245;Luoyang Northern;16;2;Largo;;
12628;Luqi;4;1;Corto;;
10854;Lusk Co., Llc;13;3;Largo;;
2246;Luttrell Welding;16;2;Largo;;
2248;Lux Customs;11;2;Largo;;
2081;Luxe;4;1;Corto;;
11990;Luxe Mfg. Llc;13;3;Largo;;
12118;Luxury Custom Golf Carts;24;4;Largo;;
2249;Luxxx Custom Cycle;18;3;Largo;;
13231;Luying;6;1;Medio;;
2252;Luyuan;6;1;Medio;;
11637;Lvt;3;1;Corto;;
5174;Lvtrl;5;1;Medio;;
13538;Lyford Overland;15;2;Largo;;
9336;Lynden Tank Co;14;3;Largo;;
8507;Lynn Welding Shop;17;3;Largo;;
2254;Lynx Industries;15;2;Largo;;
12595;Lyva;4;1;Corto;;
11465;Lyver Trailas;13;2;Largo;;
5827;M & G;5;3;Medio;;
12142;M & J;5;3;Medio;;
5606;M & J Trailers Unlimited Inc;28;6;Largo;;
8411;M & L Industries;16;4;Largo;;
9163;M & L Racing Enterprises;24;5;Largo;;
8188;M & M Development Ltd;21;5;Largo;;
5828;M & M Fabricators;17;4;Largo;;
7242;M & M Manufacturing;19;4;Largo;;
2255;M & M Trailer & Supply;22;6;Largo;;
6361;M & M Trailer Mfg;17;5;Largo;;
7606;M & M Trailers & Welding;24;6;Largo;;
2505;M & R Trailers;14;4;Largo;;
7181;M & T Research And Development;30;6;Largo;;
8332;M & W Fabricating, Inc.;23;5;Largo;;
2256;M & W Shops;11;4;Largo;;
2257;M Chein Equipment And Logistics;31;5;Largo;;
7731;M Manufacturing;15;2;Largo;;
4294;M P D Trailer Manufacturing;27;5;Largo;;
2261;M W Bourne Company;18;4;Largo;;
2586;M&C Trailer Sales;17;3;Largo;;
8432;M&H Trailers Inc.;17;3;Largo;;
12825;M&L;3;1;Corto;;
2583;M&M Industrial Maintenance;26;3;Largo;;
5829;M&R Manufacturing;17;2;Largo;;
2616;M&R Speciality Trailers And Trucks;34;5;Largo;;
12845;M&Rw;4;1;Corto;;
7081;M&S;3;1;Corto;;
9960;M&W Welding Inc.;16;3;Largo;;
13807;M-B Companies, Inc.;19;3;Largo;;
2230;M-B Companies, Inc. Of Wisconsin;32;5;Largo;;
5204;M-B-W, Inc.;11;2;Largo;;
6991;M-Co Welding;12;2;Largo;;
5291;M-One;5;1;Medio;;
6416;M.B. Bowen Company Llc;22;4;Largo;;
2615;M.D. Cowan;10;2;Largo;;
7708;M.D. Products Inc;17;3;Largo;;
5684;M.H. Eby, Inc;13;3;Largo;;
9147;M.J. Taylor Mfg. Co.;20;4;Largo;;
4293;M.S. Metal Works;16;3;Largo;;
6755;M8 A1 Mule Off Road Trailers;28;6;Largo;;
9948;M8-Tech;7;1;Medio;;
2552;Mac;3;1;Corto;;
2591;Mac Inc.;8;2;Medio;;
9400;Mac Stripers Inc.;17;3;Largo;;
6826;Mac Trailer Manufacturing;25;3;Largo;;
9223;Mac Trailer Manufacturing, Inc.;31;4;Largo;;
7843;Mac'S Custom Trailers;21;3;Largo;;
8684;Mac'S Inc.;10;2;Largo;;
5049;Mac-Lander Incorporated;23;2;Largo;;
11216;Mac3;4;1;Corto;;
4292;Mace Welding & Fabrication;26;4;Largo;;
8526;Mach 1 Trailers;15;3;Largo;;
6587;Mach One Trailers;17;3;Largo;;
8769;Machineco Llc;13;2;Largo;;
490;Mack;4;1;Corto;;
7941;Mackey Trailers;15;2;Largo;;
9445;Macklin Welding;15;2;Largo;;
6242;Macks Metal Fab;15;3;Largo;;
8394;Macomb County Cycle Works;25;4;Largo;;
11133;Mactrail;8;1;Medio;;
12865;Mad Craft;9;2;Medio;;
500;Mad Dawg;8;2;Medio;;
2124;Mad Fabrication, Llc;20;3;Largo;;
2125;Mad Products;12;2;Largo;;
12140;Mad Yak Trailers Llc;20;4;Largo;;
6534;Madami International, Llc;25;3;Largo;;
5412;Maddock Machinery Corporation;29;3;Largo;;
12019;Madefor;7;1;Medio;;
2126;Madewell Products Corporation;29;3;Largo;;
12396;Madjax;6;1;Medio;;
8861;Madman Mfg.;11;2;Largo;;
12059;Madtex;6;1;Medio;;
2127;Madventure Camping;18;2;Largo;;
12739;Maeving;7;1;Medio;;
4720;Mag;3;1;Corto;;
14065;Magic Mirror;12;2;Largo;;
4228;Magic Tilt Trailers;19;3;Largo;;
13749;Magna Manufacturing;19;2;Largo;;
7221;Magnacycle Co., Inc;19;3;Largo;;
12177;Magnamerica Trailers;20;2;Largo;;
6243;Magnetek Century Electric;25;3;Largo;;
7655;Magnolia Cargo,Inc;18;2;Largo;;
12332;Magnolia Trailers, Inc.;23;3;Largo;;
4353;Magnum;6;1;Medio;;
660;Magnum Choppers;15;2;Largo;;
3611;Magnum Fire And Safety Systems;30;5;Largo;;
6438;Magnum Performance Motorcycles Llc;34;4;Largo;;
4229;Magnum Products;15;2;Largo;;
9530;Magnum Trailer & Equipment Inc.;31;5;Largo;;
5600;Magnum Trailer Manufacturing;28;3;Largo;;
3831;Magnum Trailers Of Austin;25;4;Largo;;
2146;Mahindra;8;1;Medio;;
10142;Mahindra Trailer;16;2;Largo;;
9550;Maibo, Inc.;11;2;Largo;;
11447;Maiche;6;1;Medio;;
13894;Maike;5;1;Medio;;
6831;Maine Hitch & Trailer Sales;27;5;Largo;;
4230;Maine Portage;13;2;Largo;;
4619;Maine Source Machining Co.;26;4;Largo;;
2152;Maine Wood Heat Company, Inc;28;5;Largo;;
13781;Mainefactured Homes;19;2;Largo;;
7483;Mainline, Inc;13;2;Largo;;
7671;Maintenance & Fabrication Services;34;4;Largo;;
4908;Maintenance Services, Inc.;26;3;Largo;;
8163;Maisons Srm Blondeau Homes Inc;30;5;Largo;;
2128;Majestic Corporation;20;2;Largo;;
8677;Majestik Trailers;17;2;Largo;;
2129;Majona Steel Corporation;24;3;Largo;;
2130;Mak Daddy Builders;18;3;Largo;;
8775;Mak Leasing, Inc.;17;3;Largo;;
5383;Makaha;6;1;Medio;;
13994;Makaira Boats;13;2;Largo;;
11647;Making American Trailers;24;3;Largo;;
2131;Making You Mobile;17;3;Largo;;
3714;Maktec Manufacturing;20;2;Largo;;
3827;Malach Usa, Llp;15;3;Largo;;
2132;Malachi Motorcycles;19;2;Largo;;
7911;Malaguti S.P.A.;15;2;Largo;;
4586;Malibu Boats;12;2;Largo;;
11900;Mallard, North Trail, & Wilderness;34;5;Largo;;
1809;Malon;5;1;Medio;;
9797;Malta Dynamics;14;2;Largo;;
10999;Mammoth;7;1;Medio;;
13370;Mammoth Mfg;11;2;Largo;;
3866;Mammoth Trailers;16;2;Largo;;
6538;Man & Material Lift Engineering;31;5;Largo;;
1232;Man Cave Rv;11;3;Largo;;
6770;Mana;4;1;Corto;;
7933;Manac;5;1;Medio;;
3896;Manac Trailers Usa;18;3;Largo;;
13265;Manda;5;1;Medio;;
5864;Mang;4;1;Corto;;
11336;Mangosteen;10;1;Largo;;
10664;Manitex;7;1;Medio;;
8199;Manitowoc Cranes Group;22;3;Largo;;
10026;Manley Orv Company Inc.;23;4;Largo;;
8617;Manley Trailers;15;2;Largo;;
6372;Mann Made Products Inc;22;4;Largo;;
3897;Mann'S Welding And Fabricationg;31;4;Largo;;
4231;Manning Marine;14;2;Largo;;
5033;Manorette Rv, Inc.;18;3;Largo;;
7628;Mansfield Fabricated Products;29;3;Largo;;
10812;Mansur;6;1;Medio;;
2133;Mantis Choppers;15;2;Largo;;
3898;Manufacturas Hercules S.A.De C.V.;33;4;Largo;;
2134;Manufacturas Industriales Gami, S.A.De C.V;42;5;Largo;;
4870;Manufacture Tent Sales Dba Sunfun Rentals;41;6;Largo;;
6326;Manufacturers Resources International;37;3;Largo;;
4246;Marathon;8;1;Medio;;
9403;Marathon Equipment Company;26;3;Largo;;
13535;Marathon Homes;14;2;Largo;;
2135;Marathon Metalworks;19;2;Largo;;
5538;Marauder Travelers Incorporated;31;3;Largo;;
9479;Marble Propulsion;17;2;Largo;;
2136;Marceaux Cycle Works;20;3;Largo;;
7901;Marci'S Diesel Service Inc;26;4;Largo;;
829;Margo;5;1;Medio;;
5728;Marina;6;1;Medio;;
8421;Marine Master Trailers;22;3;Largo;;
6927;Marine Transportation Equipment Co. Inc;39;5;Largo;;
12885;Marinecoastalgroup;18;1;Largo;;
7173;Marion Fabtech, Inc;19;3;Largo;;
2137;Mariout Motorworks;18;2;Largo;;
9425;Mark Body Truck & Equipment Incorporated;40;6;Largo;;
9402;Mark Line Industries Of Pennsylvania, Inc.;42;6;Largo;;
2138;Mark Miner Enterprise Dba Custom;32;5;Largo;;
3899;Mark Rite Lines Company Inc. Dba Mrl Equipment Company;54;9;Largo;;
7709;Mark Taylor Enterprises;23;3;Largo;;
4556;Mark Wiener Welding;19;3;Largo;;
7969;Mark Williams Welding;21;3;Largo;;
5838;Mark'S Trailers Inc;19;3;Largo;;
9713;Market Direct Campers;21;3;Largo;;
3900;Markland Trailers;17;2;Largo;;
5079;Marksman Manufacturer;21;2;Largo;;
5839;Marley Continental Homes Inc;28;4;Largo;;
9337;Marlin Trailers;15;2;Largo;;
9764;Marlon Recreational Products Ltd.;33;4;Largo;;
5056;Marmon Motor Co;15;3;Largo;;
7755;Marquardt Trailer & Manufacturing Inc;37;5;Largo;;
12624;Marquez Brothers Inc.;21;3;Largo;;
5840;Marquez Mfg Ltd;15;3;Largo;;
13130;Marra Forni;11;2;Largo;;
3901;Marrel Corporation;18;2;Largo;;
8054;Mars Performance Manufacturing;30;3;Largo;;
7027;Marsh Industrial Services, Inc;30;4;Largo;;
13481;Marshall;8;1;Medio;;
8045;Marshall Austin Productions, Inc.;33;4;Largo;;
8588;Marshall Trailer Sales & Repairs;32;5;Largo;;
6988;Marshall Welding Inc;20;3;Largo;;
6424;Marshell;8;1;Medio;;
2139;Martex Global Enterprise;24;3;Largo;;
2140;Martin And Martin Bros. Bikes;29;5;Largo;;
6058;Martin Camper;13;2;Largo;;
4247;Martin Conquest;15;2;Largo;;
7246;Martin Enterprises;18;2;Largo;;
8475;Martin Equipment;16;2;Largo;;
5841;Martin Machine Inc;18;3;Largo;;
5360;Martin Marietta;15;2;Largo;;
4248;Martin Rv;9;2;Medio;;
5206;Martin'S Steel Inc.;19;3;Largo;;
9843;Martinez;8;1;Medio;;
8232;Martinez & Turek, Inc.;22;4;Largo;;
7842;Martinez Welding, Inc.;22;3;Largo;;
2141;Martino Motor Company;21;3;Largo;;
9293;Marty'S Trailer Depot;21;3;Largo;;
9590;Marvel Trailer Manufacturing;28;3;Largo;;
12079;Marway;6;1;Medio;;
443;Maserati;8;1;Medio;;
12788;Mason;5;1;Medio;;
2142;Mason Dynamics;14;2;Largo;;
9110;Massie Mfg., Inc.;17;3;Largo;;
10196;Massimo;7;1;Medio;;
6148;Massimo Motor Sports;20;3;Largo;;
3904;Master Fabricating & Welding;28;4;Largo;;
4249;Master Solutions;16;2;Largo;;
6721;Master Tow;10;2;Largo;;
8746;Masterbuilt Manufacturing Inc.;30;3;Largo;;
5207;Mastercarry Trailer Manufacturing;33;3;Largo;;
6907;Mastercraft Boat Company;24;3;Largo;;
3905;Mastercraft Tools Florida, Inc. Dba Altocraft Usa;49;7;Largo;;
7812;Masterpiece Trailers, Llc;25;3;Largo;;
3902;Mastiff Trailers;16;2;Largo;;
9636;Material Transfer;17;2;Largo;;
3297;Materials Processing Systems;28;3;Largo;;
7856;Mathews Mechanical Contractors Inc;34;4;Largo;;
2143;Matott'S Welding;16;2;Largo;;
4776;Matri-Arc Creations Llc;23;3;Largo;;
2223;Matrix;6;1;Medio;;
2145;Matrix Manufacturing;20;2;Largo;;
2144;Matrix Manufacturing Company;28;3;Largo;;
5208;Matrix Motor Company;20;3;Largo;;
612;Matrixx Specialized Trailers;28;3;Largo;;
2224;Mattman Global Specialty Vehicles;33;4;Largo;;
7272;Mattox;6;1;Medio;;
13556;Mattur Holdings, Inc.;21;3;Largo;;
7535;Matty'S  Marine & Motorsports, Inc;34;5;Largo;;
9441;Mauck Special Vehicles;22;3;Largo;;
4968;Maupin Welding;14;2;Largo;;
10607;Mauslein Fuel Max;17;3;Largo;;
8458;Maverick;8;1;Medio;;
13982;Maverick Trailers Usa;21;3;Largo;;
9769;Max Built;9;2;Medio;;
6362;Max-Atlas;9;1;Medio;;
9540;Max-Pak;7;1;Medio;;
2225;Maxey Companies;15;2;Largo;;
4264;Maxey Trailers;14;2;Largo;;
8628;Maxey Trailers Mfg;18;3;Largo;;
2226;Maxey Welding;13;2;Largo;;
11500;Maxfield;8;1;Medio;;
7792;Maxi Roule Inc;14;3;Largo;;
5842;Maxi-Cube;9;1;Medio;;
5458;Maxim;5;1;Medio;;
9357;Maxim Inc.;10;2;Largo;;
13613;Maxim Trailers Inc.;19;3;Largo;;
10763;Maximum Cargo Trailers;22;3;Largo;;
3903;Maxpro Trailers;15;2;Largo;;
2227;Maxweld Boats;13;2;Largo;;
6400;Maxxd Trailers Drop-N-Load;26;3;Largo;;
9593;Maxxim;6;1;Medio;;
2228;Maxxum;6;1;Medio;;
6322;May Manufacturing & Dist Corp;29;5;Largo;;
533;Maybach;7;1;Medio;;
7653;Mayes Welding;13;2;Largo;;
13585;Mayhem Autoworkz;16;2;Largo;;
12456;Mayhem Bike;11;2;Largo;;
9340;Maynard & Company;17;3;Largo;;
2229;Maynard Fab & Trailer Sales;27;5;Largo;;
473;Mazda;5;1;Medio;;
2232;Mb & G Oilfield Fabrication;27;5;Largo;;
2231;Mb Equipment Services;21;3;Largo;;
8698;Mb Machine, Welding & Fabrication Inc.;38;6;Largo;;
14067;Mb Trailers;11;2;Largo;;
5852;Mbi;3;1;Corto;;
12338;Mbp;3;1;Corto;;
9495;Mc Concession Trailers;22;3;Largo;;
10313;Mc Lsv;6;2;Medio;;
13114;Mc Manufacturing;16;2;Largo;;
12121;Mc Moto;7;2;Medio;;
6649;Mc Touring Products;19;3;Largo;;
12970;Mc Trailer;10;2;Largo;;
4928;Mc Trailers Llc;15;3;Largo;;
2233;Mc. Guber;9;2;Medio;;
2234;Mcadus Us Product Development;29;4;Largo;;
6895;Mcallister;10;1;Largo;;
6896;Mcbride Trailers Inc.;21;3;Largo;;
7389;Mcbs;4;1;Corto;;
4250;Mccann'S Customs;16;2;Largo;;
3907;Mccartney Trailers;18;2;Largo;;
7524;Mcclain;7;1;Medio;;
8480;Mcclain Trailer Co.;19;3;Largo;;
4251;Mcclain Trailers, Inc;21;3;Largo;;
6897;Mccord Manufacturing Inc;24;3;Largo;;
10093;Mccormic;8;1;Medio;;
8268;Mccormick Machine;17;2;Largo;;
14020;Mccown Technology Corporation;29;3;Largo;;
6625;Mccoy Manufacturing, Llc;24;3;Largo;;
5843;Mccullough;10;1;Largo;;
9019;Mccullough Trailer Corporation;30;3;Largo;;
9339;Mccullugh Trailers;18;2;Largo;;
12600;Mcd;3;1;Corto;;
4838;Mcd Manufacturing & Repair;26;4;Largo;;
7283;Mcdonald Trailer Sales;22;3;Largo;;
11550;Mcelrath Trailers;17;2;Largo;;
6536;Mcgee Trailers;14;2;Largo;;
11524;Mci Trailers;12;2;Largo;;
11175;Mcintire Welding Services Inc;29;4;Largo;;
7341;Mckay;5;1;Medio;;
2454;Mckenzie;8;1;Medio;;
2235;Mckinley Enterprises Dba Longhorn Trailers;42;5;Largo;;
10946;Mckinney Measurement & Control Inc. / Panther;45;7;Largo;;
2236;Mclaren;7;1;Medio;;
10233;Mclaughlin;10;1;Largo;;
8733;Mclaughlin Refuse Equip., Inc.;30;4;Largo;;
2237;Mclendon Trailers;17;2;Largo;;
8335;Mcm Company;11;2;Largo;;
2238;Mcmiller'S Chop Shop;20;3;Largo;;
10542;Mcmullen Manufacturing;22;2;Largo;;
8141;Mcneilus;8;1;Medio;;
2239;Mcnew Fabrication Inc.;22;3;Largo;;
4956;Mct;3;1;Corto;;
6675;Mct Industries, Inc.;20;3;Largo;;
10630;Mcu;3;1;Corto;;
11202;Md Carts;8;2;Medio;;
11065;Mdm Trailers;12;2;Largo;;
12703;Mdsc Systems;12;2;Largo;;
6655;Me-Two Manufacturing Llc;24;3;Largo;;
13277;Meb Trailer Sales;17;3;Largo;;
10819;Mechanical Design;17;2;Largo;;
2240;Mechanical Mayhem;17;2;Largo;;
12875;Mechclesol;10;1;Largo;;
9638;Mechgineering & Design Llc;26;4;Largo;;
2347;Mechtronic Solutions;20;2;Largo;;
9569;Medford Steel;13;2;Largo;;
5846;Medic;5;1;Medio;;
2348;Medical Coaches;15;2;Largo;;
10189;Medical Structures;18;2;Largo;;
6150;Meeks Engineering;17;2;Largo;;
6151;Meeks Truck & Trailer;21;4;Largo;;
12555;Mega;4;1;Corto;;
9950;Mega Tiny Homes;15;3;Largo;;
9729;Mega Transportaciones S. De R.L. De C.V. (Vancraft);51;8;Largo;;
3864;Meiduo;6;1;Medio;;
6844;Melissa Manufacturing, Inc.;27;3;Largo;;
7167;Memory Maker;12;2;Largo;;
2349;Menard Manufacturing Company;28;3;Largo;;
9671;Mensch;6;1;Medio;;
8502;Mensch Manufacturing Marine Division Inc;40;5;Largo;;
12377;Mentrailers.Com Llc;19;2;Largo;;
12081;Merak;5;1;Medio;;
449;Mercedes-Benz;13;1;Largo;;
2350;Merch Motorcycle Co.;20;3;Largo;;
2351;Merchant'S Trailers And Grills;30;4;Largo;;
465;Mercury;7;1;Medio;;
6540;Merhow Industries;17;2;Largo;;
12528;Merhow Oklahoma Llc;19;3;Largo;;
12914;Meridian;8;1;Medio;;
2352;Meridian Motors Company;23;3;Largo;;
5342;Merit Tank;10;2;Largo;;
5468;Merkur;6;1;Medio;;
13519;Mermaid Trailers;16;2;Largo;;
2353;Merritt;7;1;Medio;;
5065;Mertz;5;1;Medio;;
13163;Mertz Integration;17;2;Largo;;
2354;Mertz Manufacturing;19;2;Largo;;
11333;Mesa;4;1;Corto;;
12048;Mesa Ridge;10;2;Largo;;
9863;Mesale Fab;10;2;Largo;;
8934;Mesco Industries, Inc.;22;3;Largo;;
4252;Meske Welding;13;2;Largo;;
9670;Mesla;5;1;Medio;;
2355;Metal Craft Manufacturing;25;3;Largo;;
8311;Metal Craft Trailers;20;3;Largo;;
5847;Metal Fab;9;2;Medio;;
2356;Metal Mansions;14;2;Largo;;
2357;Metal Systems, Inc. Dba Gator Trailers;38;6;Largo;;
12870;Metal Tank;10;2;Largo;;
12575;Metal Valley Mfg;16;3;Largo;;
7375;Metal Works;11;2;Largo;;
10933;Metal Workz;11;2;Largo;;
9526;Metal-Link;10;1;Largo;;
11568;Metalcraft Of Mayville;22;3;Largo;;
2358;Metalcraft Tool & Die;21;4;Largo;;
12176;Metalium Industries;19;2;Largo;;
9778;Metalwerx Trailers;18;2;Largo;;
10143;Metbox;6;1;Medio;;
9953;Meter Engineers Inc.;20;3;Largo;;
8522;Method;6;1;Medio;;
5999;Metro Fab Inc;13;3;Largo;;
7845;Metro Tank & Steel, Inc;23;5;Largo;;
11008;Metro Trailer;13;2;Largo;;
7897;Metro Trailer Manufacturing, Inc;32;4;Largo;;
11009;Metro Tram;10;2;Largo;;
1053;Metrolina;9;1;Medio;;
8627;Metrorider Llc;14;2;Largo;;
8312;Metry;5;1;Medio;;
6676;Mets Welding;12;2;Largo;;
6175;Metzger Machine & Engineering;29;4;Largo;;
12115;Mev;3;1;Corto;;
13308;Meyer;5;1;Medio;;
12894;Meyers Manx;11;2;Largo;;
2983;Meyers Trailers;15;2;Largo;;
11331;Mfg Trailers Y Tankes Barak S.A De C.V;38;8;Largo;;
13663;Mgk;3;1;Corto;;
13831;Mgm Trailers;12;2;Largo;;
5848;Mgs Grand Sport (Mardikian);27;4;Largo;;
4515;Mgs Incorparated;16;2;Largo;;
7766;Mhc Group Inc;13;3;Largo;;
9413;Mi Joy Manufacturing, Inc.;26;4;Largo;;
13336;Mi Trailer;10;2;Largo;;
11284;Mi Trailer Sales Inc;20;4;Largo;;
13605;Mia Global;10;2;Largo;;
10442;Mia Manufacturing;17;2;Largo;;
2359;Miami Choppers;14;2;Largo;;
7999;Miano'S Welding;15;2;Largo;;
2360;Michael D'S Custom Cycles;25;4;Largo;;
7068;Michael Manufacturing And Repair;32;4;Largo;;
4263;Michael Seltzer Welding;23;3;Largo;;
9995;Micheal'S Custom Lsv;20;3;Largo;;
8286;Michiana Cargo Inc;18;3;Largo;;
11190;Mickey Truck Bodies Inc.;24;4;Largo;;
13133;Mico Carts;10;2;Largo;;
559;Micro-Lite Trailer;18;2;Largo;;
7952;Microform Precision, Llc;24;3;Largo;;
2361;Mid America Designs;19;3;Largo;;
8342;Mid Continent Truck Sales Inc.;30;5;Largo;;
11426;Mid Florida;11;2;Largo;;
2443;Mid South Distribution Services;31;4;Largo;;
11491;Mid State Trailers;18;3;Largo;;
8218;Mid Valley Industries Inc;25;4;Largo;;
2442;Mid-America Trailer Mfg.;24;3;Largo;;
6981;Mid-America Truck Equipment, Inc;32;4;Largo;;
6839;Mid-Atlantic Leasing, Corp.;27;3;Largo;;
2441;Mid-Atlantic Transport;22;2;Largo;;
9859;Mid-County Fabricating Inc.;27;3;Largo;;
9551;Mid-Nebraska Truck & Trailer Sales Inc.;39;6;Largo;;
8463;Mid-South Management;20;2;Largo;;
6842;Mid-South Trailers, Inc.;24;3;Largo;;
2438;Mid-State Tank Company;22;3;Largo;;
7219;Mid-State Trailers, Inc (Mst);29;4;Largo;;
9309;Mid-States International Motocross Inc.;39;4;Largo;;
11897;Mid-Town Trailers;17;2;Largo;;
4960;Middle Georgia Trailers;23;3;Largo;;
12322;Midland;7;1;Medio;;
13276;Midland Carrier;15;2;Largo;;
2440;Midland Equipment Company;25;3;Largo;;
8260;Midland Mfg Ltd;15;3;Largo;;
7075;Midsota Manufacturing;21;2;Largo;;
10694;Midsota Trailers;16;2;Largo;;
2439;Midsouth Lsvs;13;2;Largo;;
7174;Midwest;7;1;Medio;;
6931;Midwest Choppers Of Iowa;24;4;Largo;;
13050;Midwest Concession Trailers;27;3;Largo;;
2437;Midwest Custom Cycles;21;3;Largo;;
2436;Midwest General Repair & Fabrication;36;5;Largo;;
1178;Midwest Industrial Tanks;24;3;Largo;;
4820;Midwest Mobile Technologies;27;3;Largo;;
8338;Midwest Municipal Supply Inc.;29;4;Largo;;
6320;Midwest Tack & Trailer Brokers;30;5;Largo;;
9471;Midwest Teardrops;17;2;Largo;;
4856;Midwest Trailer Manufacturing;29;3;Largo;;
6321;Midwest Trailers;16;2;Largo;;
11790;Midwest Trailers Llc;20;3;Largo;;
9144;Midwest Trailers Of Sikeston, Inc.;34;5;Largo;;
9377;Midwest Welding Co.;19;3;Largo;;
12877;Midwest Welding Llc;19;3;Largo;;
12746;Midwestern;10;1;Largo;;
10208;Mig Llc;7;2;Medio;;
3242;Mig Trailers;12;2;Largo;;
13532;Mighty;6;1;Medio;;
2435;Mighty Lite Aluminum Products;29;4;Largo;;
7737;Mighty Mite Industries, Inc;27;4;Largo;;
8114;Mightymover Trailers Inc;24;3;Largo;;
6215;Mike Green Hydros Inc;21;4;Largo;;
2434;Mike Olsefski'S Auto Accessories;32;4;Largo;;
6845;Mike'S Custom Cars;18;3;Largo;;
2433;Mike'S Custom Works;19;3;Largo;;
9227;Mike'S Trailers;15;2;Largo;;
2432;Mike'S Welding & Trailer;24;4;Largo;;
5315;Mikes Trailers;14;2;Largo;;
7229;Mikey'S Custom Trailers;23;3;Largo;;
3466;Miles;5;1;Medio;;
9181;Miles Transport Services, Inc.;30;4;Largo;;
13475;Milestone;9;1;Medio;;
3673;Miley;5;1;Medio;;
4265;Milford Pipe & Supply;21;4;Largo;;
2431;Milford Welding & Manufacturing;31;4;Largo;;
12040;Milg;4;1;Corto;;
4750;Military Spec. Manufacturing;28;3;Largo;;
11913;Mill Scale Llc;14;3;Largo;;
2430;Mill Street Customs;19;3;Largo;;
5209;Mill Works, Inc.;16;3;Largo;;
8120;Millennium Manufacturing;24;2;Largo;;
8086;Millennium Motorcycle Corporation;33;3;Largo;;
2475;Millennium Transit Services;27;3;Largo;;
5849;Miller;6;1;Medio;;
8689;Miller Built Trailers;21;3;Largo;;
8546;Miller Manufacturing, Llc;25;3;Largo;;
5520;Miller Rv Mfg.;14;3;Largo;;
8022;Miller Trailer And Manufacturing Company;40;5;Largo;;
11728;Miller Trailers;15;2;Largo;;
7945;Miller Trailers Incorporated;28;3;Largo;;
11007;Miller Welding & Fabrication Inc.;33;5;Largo;;
12106;Miller’S Cabins And Decks;25;4;Largo;;
7913;Millertime Mfg., Llc;20;3;Largo;;
2474;Millons Farm Center, Inc.;25;4;Largo;;
12919;Millroad Manufacturing;22;2;Largo;;
501;Mills Manufacturing;19;2;Largo;;
2473;Milwaukee Motorcycle Company;28;3;Largo;;
9318;Min-Ark, Inc.;13;2;Largo;;
6374;Mind'S Eye Fabrication Inc;26;4;Largo;;
12547;Mingli;6;1;Medio;;
13844;Mingtai;7;1;Medio;;
456;Mini;4;1;Corto;;
5850;Mini Big Trucks;15;3;Largo;;
11438;Mini Monsoon;12;2;Largo;;
5845;Minicars;8;1;Medio;;
8970;Minikamp;8;1;Medio;;
6171;Minimixx;8;1;Medio;;
2471;Minimover;9;1;Medio;;
2507;Minitears Company;17;2;Largo;;
4266;Minneapolis Custom Cycle;24;3;Largo;;
4555;Minnesota Manufacturing;23;2;Largo;;
7202;Minnesota Valley Engineering, Inc;33;4;Largo;;
8466;Minuteman;9;1;Medio;;
9896;Mirage;6;1;Medio;;
4267;Mirage Trailers;15;2;Largo;;
7135;Mirox;5;1;Medio;;
2509;Mirsberger Manufacturing;24;2;Largo;;
2510;Misanthropy Cycles;18;2;Largo;;
2511;Misfit Marketing Services;25;3;Largo;;
9673;Mishozuki;9;1;Medio;;
13337;Miska Trailer Factory;21;3;Largo;;
10014;Misphit;7;1;Medio;;
2512;Mission Motor Company;21;3;Largo;;
11051;Mission Overland;16;2;Largo;;
2513;Mission Utility Trailers;24;3;Largo;;
10147;Mississippi Tank Company;24;3;Largo;;
12988;Missouri River Trailer;22;3;Largo;;
5851;Mister Trailer Co;17;3;Largo;;
6543;Mitch Bergeron Customs Inc;26;4;Largo;;
10382;Mitchcraft;10;1;Largo;;
6176;Mitchell Industries Inc;23;3;Largo;;
481;Mitsubishi;10;1;Largo;;
528;Mitsubishi Fuso;15;2;Largo;;
6167;Mity Mite Mfg;13;3;Largo;;
9801;Mius;4;1;Corto;;
2514;Mizer Motor Works;17;3;Largo;;
11631;Mj Texas Trailers Llc;21;4;Largo;;
9833;Mj Trailers;11;2;Largo;;
4268;Mjl;3;1;Corto;;
12145;Mjm;3;1;Corto;;
7326;Mjt Manufacturing;17;2;Largo;;
12991;Mk Sportscars;13;2;Largo;;
12056;Mking;5;1;Medio;;
7809;Mkr Fabricators, Inc;20;3;Largo;;
9678;Ml;2;1;Corto;;
11979;Mm Marroking;12;2;Largo;;
2515;Mm Spirit, Inc. Dba American Spirit;35;6;Largo;;
2516;Mmdi, Inc. Dba Metro Metal & Design, Inc. & Metro Dominator;59;11;Largo;;
4857;Mmi;3;1;Corto;;
2517;Mmlj;4;1;Corto;;
2518;Mo Trailers Corp.;17;3;Largo;;
13316;Moabg;5;1;Medio;;
9629;Moat Trailers;13;2;Largo;;
4282;Mobi;4;1;Corto;;
1987;Mobile Armoured Vehicle;23;3;Largo;;
2519;Mobile Barriers;15;2;Largo;;
12078;Mobile Business Solutions;25;3;Largo;;
13374;Mobile Cold Solutions;21;3;Largo;;
8656;Mobile Command Center, Inc.;27;4;Largo;;
8298;Mobile Conversions, Inc;23;3;Largo;;
2520;Mobile Drilling Co.;19;3;Largo;;
2521;Mobile Energy Solutions;23;3;Largo;;
8989;Mobile International;20;2;Largo;;
6695;Mobile Medical Innovations;26;3;Largo;;
2522;Mobile Medical International Corporation Trailer;48;5;Largo;;
2523;Mobile Mini;11;2;Largo;;
7422;Mobile Motorhead Inc;20;3;Largo;;
11746;Mobile Processing Trailers And Supply;37;5;Largo;;
5857;Mobile Products Inc;19;3;Largo;;
6542;Mobile Restroom Rentals, Inc;28;4;Largo;;
10969;Mobile Solar Pro;16;3;Largo;;
2524;Mobile Specialties;18;2;Largo;;
12416;Mobile Suites;13;2;Largo;;
7740;Mobile Systems, Llc;19;3;Largo;;
9134;Mobile Tech;11;2;Largo;;
2607;Mobile Tech Trailers;20;3;Largo;;
7784;Mobile Technical Systems, Inc;29;4;Largo;;
2608;Mobile Technologies Group;25;3;Largo;;
8139;Mobile Trailers, Inc;20;3;Largo;;
5034;Mobile Traveler, Inc.;21;3;Largo;;
6349;Mobilift Inc;12;2;Largo;;
2609;Mobilight;9;1;Medio;;
8241;Mobility Cubed, Inc.;20;3;Largo;;
8833;Mobility Solutions Llc Dba Tailgator Trailers;45;6;Largo;;
2610;Mobility Ventures;17;2;Largo;;
5513;Mobridge Manufacturing, Inc;27;3;Largo;;
2611;Moby1 Expedition Trailers;25;3;Largo;;
10429;Mod Box;7;2;Medio;;
2612;Mod Car;7;2;Medio;;
7545;Mod Rods;8;2;Medio;;
7977;Modec;5;1;Medio;;
11952;Model G;7;2;Medio;;
11954;Model I;7;2;Medio;;
11953;Model R;7;2;Medio;;
11807;Model Z;7;2;Medio;;
5853;Modern;6;1;Medio;;
11796;Modern Buggy;12;2;Largo;;
4736;Modern Metalworx;16;2;Largo;;
13044;Modernfox;9;1;Medio;;
2613;Modisette Welding & Supply;26;4;Largo;;
7482;Modular Structures International Inc;36;4;Largo;;
9435;Moen Custom Trailers;20;3;Largo;;
5855;Moex;4;1;Corto;;
8860;Moffett Utility Trailers;24;3;Largo;;
5016;Mogi Mfg;8;2;Medio;;
2614;Mohawk Valley Welding & Stainless Steel;39;6;Largo;;
8428;Mokai Manufacturing Inc;23;3;Largo;;
8549;Moke;4;1;Corto;;
9512;Molt-N-Metal;12;1;Largo;;
2566;Monaco;6;1;Medio;;
2563;Monaco Rv;9;2;Medio;;
6753;Monaco Towable;14;2;Largo;;
4687;Monarch;7;1;Medio;;
9718;Monarch - Vc;12;3;Largo;;
6064;Monarch Trailer;15;2;Largo;;
8933;Monarch Trailers Co;19;3;Largo;;
7411;Monarch-Mclaren;15;1;Largo;;
11449;Monard Trailers, Llc;20;3;Largo;;
8675;Monetta Farrier Specialties, Inc.;33;4;Largo;;
5491;Mongoose;8;1;Medio;;
2571;Monitor Systems;15;2;Largo;;
6021;Monon;5;1;Medio;;
9416;Monroe Manufacturing;20;2;Largo;;
6972;Monroe Towmaster;16;2;Largo;;
2569;Monsoon Marine;14;2;Largo;;
2573;Monster Manufacturing;21;2;Largo;;
5989;Monster Power Equipment Inc.;28;4;Largo;;
2576;Monster Tanks;13;2;Largo;;
11101;Montana;7;1;Medio;;
9998;Montana Dave'S;14;2;Largo;;
2704;Montana Dreams;14;2;Largo;;
10141;Montgomery Sales, Inc.;22;3;Largo;;
9767;Montondo Trailer Llc;20;3;Largo;;
5762;Montone Trailer Company;23;3;Largo;;
8319;Montone Trailers, Llc;21;3;Largo;;
10088;Montrose;8;1;Medio;;
6182;Moody;5;1;Medio;;
9208;Moog Usa, Inc.;14;3;Largo;;
9080;Moon Docker Trailers;20;3;Largo;;
458;Moonlight Choppers;18;2;Largo;;
4843;Moonra;6;1;Medio;;
7239;Moore Enterpreses;17;2;Largo;;
9145;Moore Equipment, Inc.;21;3;Largo;;
6696;Moore Marine Marketing Inc;26;4;Largo;;
10989;Mooresville Metal House;23;3;Largo;;
9663;Moose Bilt Industries;21;3;Largo;;
2707;Moose Boats;11;2;Largo;;
2729;Moped World;11;2;Largo;;
11334;Morales Trailers / Oma Trailers;31;5;Largo;;
10132;Moran Welding;13;2;Largo;;
2711;Morbark;7;1;Medio;;
12584;Morbidelli;10;1;Largo;;
539;Morgan;6;1;Medio;;
13290;Morgan Hatfield;15;2;Largo;;
5854;Morgan Industries Inc;21;3;Largo;;
4283;Morgan Machine;14;2;Largo;;
540;Morgan Trailers;15;2;Largo;;
9358;Moritz Inc.;11;2;Largo;;
2740;Moritz International;20;2;Largo;;
4751;Morocco Electric Inc.;21;3;Largo;;
8449;Morocco Welding Company;23;3;Largo;;
6157;Morris Farms;12;2;Largo;;
7362;Morris Trailers;15;2;Largo;;
6158;Morse Manufacturing Inc;23;3;Largo;;
8436;Morse Trailer;13;2;Largo;;
2742;Morton-Davis;12;1;Largo;;
11998;Moser;5;1;Medio;;
12615;Mosky Trailers;14;2;Largo;;
4764;Mosler;6;1;Medio;;
14039;Moss Creek Trailers;19;3;Largo;;
12869;Mota;4;1;Corto;;
11442;Motion;6;1;Medio;;
2744;Motion Trailers;15;2;Largo;;
9839;Motiv;5;1;Medio;;
10541;Moto;4;1;Corto;;
9758;Moto Burly;10;2;Largo;;
4038;Moto Electric Vehicles;22;3;Largo;;
574;Moto Guzzi;10;2;Largo;;
12014;Moto Morini;11;2;Largo;;
10183;Moto Tech;9;2;Medio;;
4961;Moto1;5;1;Medio;;
5574;Moto8Ight;9;1;Medio;;
2889;Motoadvent;10;1;Largo;;
2748;Motoczysz;9;1;Medio;;
5897;Motofino;8;1;Medio;;
2891;Motofino Usa;12;2;Largo;;
5837;Motomarina;10;1;Largo;;
3859;Motor Coach Industries;22;3;Largo;;
5074;Motor Truck And Trailer Co;26;5;Largo;;
8553;Motorcity Mean Machines;23;3;Largo;;
453;Motorcycle Machine Shop Services;32;4;Largo;;
12072;Motoremolques;13;1;Largo;;
4831;Motorized Handlebar;19;2;Largo;;
7444;Motorized Manufacturing Inc;27;3;Largo;;
8167;Motorsport Trailers, Inc;24;3;Largo;;
8478;Motorsports Transporters, L.L.C.;32;3;Largo;;
13414;Motsmann Engineering;20;2;Largo;;
9438;Mott'S Custom Trailers;22;3;Largo;;
1217;Motus Motorcycles;17;2;Largo;;
13739;Mount Up Texas Llc;18;4;Largo;;
7930;Mountain Creek Cabins Llc;25;4;Largo;;
2896;Mountain Equipment Of New Mexico;32;5;Largo;;
9916;Mountain Goat Trailers, Llc;27;4;Largo;;
7989;Mountain Lion Outdoor, Inc;26;4;Largo;;
4285;Mountain Ridge Trailers;23;3;Largo;;
8898;Mountain States Trailer & Equipment Sales, Inc.;47;7;Largo;;
8040;Mountain Trailer Co.;20;3;Largo;;
13307;Mountain View Enterprises;25;3;Largo;;
12207;Mountain Views Motorsports;26;3;Largo;;
2900;Mountain West Industries;24;3;Largo;;
7840;Mountaineer Welding & Trailer Repair;36;5;Largo;;
12725;Mountainside;12;1;Largo;;
2904;Mountaintop Custom Kennels;26;3;Largo;;
5210;Mountainwest;12;1;Largo;;
6648;Mouser Steel Supply, Inc.;25;4;Largo;;
8066;Movable Roots, Llc;18;3;Largo;;
12536;Move Eco;8;2;Medio;;
2908;Move-It-All;11;1;Largo;;
4554;Movitron S.R.L.;15;2;Largo;;
9062;Mozaic;6;1;Medio;;
10453;Mp;2;1;Corto;;
7510;Mp Trailer & Truck Bodies Inc;29;6;Largo;;
10472;Mp Trailer Mfg Llp;18;4;Largo;;
9655;Mp Trailers Manufacturing, Inc.;31;4;Largo;;
4752;Mpd Trailers;12;2;Largo;;
13460;Mpg;3;1;Corto;;
8369;Mph Industries, Inc.;20;3;Largo;;
13155;Mpj;3;1;Corto;;
2910;Mq Power;8;2;Medio;;
9061;Mr Mike Trailers;16;3;Largo;;
10437;Mr Steel;8;2;Medio;;
9231;Mr. Air Sweepers;16;3;Largo;;
13623;Mrovi Trailers;14;2;Largo;;
2915;Mrt Manufacturing;17;2;Largo;;
5340;Mrv;3;1;Corto;;
9779;Mrv101;6;1;Medio;;
6122;Msa Trailers;12;2;Largo;;
2916;Mse Welding And Fabrication;27;4;Largo;;
7401;Msr Technologies;16;2;Largo;;
10379;Msu;3;1;Corto;;
8018;Mt Customs Motorcycles And Choppers Llc;39;6;Largo;;
6311;Mt Trailers;11;2;Largo;;
10553;Mt. Bachelor Carts;18;3;Largo;;
2917;Mt. Eaton Trailers;18;3;Largo;;
4286;Mt. Pleasant Trailers;21;3;Largo;;
13284;Mti;3;1;Corto;;
2918;Mtlwrx;6;1;Medio;;
5211;Mtp Trailers;12;2;Largo;;
4287;Mts Manufacturing;17;2;Largo;;
4852;Mtts;4;1;Corto;;
6495;Mtx;3;1;Corto;;
2919;Mud Technology International;28;3;Largo;;
4575;Mudds Customs;13;2;Largo;;
4698;Muddy Creek Manufacturing;25;3;Largo;;
2932;Muddy River Mfg;15;3;Largo;;
9701;Mudslide Chopps;15;2;Largo;;
11400;Mudslide Chopps Llc;19;3;Largo;;
9835;Mueller Custom Trailers, Llc;28;4;Largo;;
12154;Mullen Automotive Inc.;22;3;Largo;;
2943;Mulligan Manufacturing;22;2;Largo;;
2950;Multi-Fab;9;1;Medio;;
13637;Multimedialed;13;1;Largo;;
2951;Multiphibious;13;1;Largo;;
9334;Multiple Interests, Inc.;24;3;Largo;;
2957;Multiquip;9;1;Medio;;
2959;Multitek;8;1;Medio;;
11205;Munich Welding;14;2;Largo;;
11393;Munoz;5;1;Medio;;
9792;Munro;5;1;Medio;;
7454;Murphy'S Welding Service;24;3;Largo;;
9951;Murray Trailers;15;2;Largo;;
2344;Murray'S Tag & Title Services;29;5;Largo;;
10411;Musarro;7;1;Medio;;
6581;Muskoka;7;1;Medio;;
7559;Must Technologies Ltd.;22;3;Largo;;
2345;Mustang Horse Trailers;22;3;Largo;;
10179;Mustang Trailer A/S;19;3;Largo;;
2346;Mustang Trailers;16;2;Largo;;
14109;Mustard Seed Tiny Homes;23;4;Largo;;
2367;Mutter'S Cycle Supply;21;3;Largo;;
4795;Muv-All;7;1;Medio;;
2564;Muz Of North America;20;4;Largo;;
2536;Mv Agusta Motor;15;3;Largo;;
2374;Mvl Enterprises;15;2;Largo;;
7080;Mvm7, Llc;9;2;Medio;;
2373;Mvp Rv Inc. (Thor California);29;5;Largo;;
2372;Mvp Technologies;16;2;Largo;;
10316;Mvt-Mobilevision;16;1;Largo;;
13097;Mw Fabrication;14;2;Largo;;
2371;Mwe Monaco Mfg;14;3;Largo;;
2370;Mwe Of Ohio;11;3;Largo;;
11390;Mwi Pump;8;2;Medio;;
12438;Mwm;3;1;Corto;;
10303;My Getaway Camper;17;3;Largo;;
8067;My Mini Trailer Llc.;20;4;Largo;;
2376;Mycar;5;1;Medio;;
2643;Myco Trailers;13;2;Largo;;
7134;Myers;5;1;Medio;;
6556;Myers Motors;12;2;Largo;;
13354;Myersmade;9;1;Medio;;
2641;Myros;5;1;Medio;;
12899;Mysa;4;1;Corto;;
2639;Mystical Custom Cycles;22;3;Largo;;
11335;Mz Trailers / Remolques Mz;26;5;Largo;;
6226;N & N Remorque Inc;18;5;Largo;;
6227;N-Line Trailers;15;2;Largo;;
8176;N.I. Wilson Mfg Co Inc;22;5;Largo;;
507;Nabi;4;1;Corto;;
6228;Nabors Trailers Of America;26;4;Largo;;
9614;Nabors Trailers, Inc.;21;3;Largo;;
7448;Nacional De Carrocerias Sa De Cv;32;6;Largo;;
12153;Nacogdoches Iron Works Inc;26;4;Largo;;
12530;Naffco;6;1;Medio;;
2638;Nakutis Custom Choppers;23;3;Largo;;
7902;Namron Trailers;15;2;Largo;;
6996;Nanchang Aircraft Mfg. Co;25;4;Largo;;
2618;Nanchang Freedom Technology Limited Company;43;5;Largo;;
2621;Nanfang Space Navigation Science & Technology;45;6;Largo;;
13842;Nanzong;7;1;Medio;;
12638;Nappi;5;1;Medio;;
8541;Nas Manufacturing, Inc.;23;3;Largo;;
2623;Nasatka Barrier;15;2;Largo;;
8202;Nash;4;1;Corto;;
8122;Nash Car Aluminum Trailers;26;4;Largo;;
2624;Nash Car Trailer;16;3;Largo;;
2626;Nash Car Trailers;17;3;Largo;;
2628;Nash Motocycles;15;2;Largo;;
4883;Nashua;6;1;Medio;;
6483;Nation Tank & Trailer;21;4;Largo;;
10796;National Custom Trailers Inc.;29;4;Largo;;
2630;National Customized Trailers;28;3;Largo;;
2632;National Electric Vehicles;26;3;Largo;;
4305;National Golf Cars;18;3;Largo;;
7150;National Group Of Companies, Inc;32;5;Largo;;
11993;National Machinery & Fabrication;32;4;Largo;;
7186;National Manufacturing Company;30;3;Largo;;
8058;National Metal Products, Division Of Saf T Cart, Inc.;53;9;Largo;;
8928;National Office World Inc.;26;4;Largo;;
2542;National Oilwell Varco;22;3;Largo;;
2546;National Pump & Compressor;26;4;Largo;;
2652;National Signal;15;2;Largo;;
9257;National Steelworks, Inc.;25;3;Largo;;
11699;National Tank & Equipment, Llc;30;5;Largo;;
5507;National Trailer Assembly;25;3;Largo;;
11837;National Trailer Manufacturing;30;3;Largo;;
4947;National Trailer, Inc.;22;3;Largo;;
7622;National Truck;14;2;Largo;;
2650;National Vacuum Equipment;25;3;Largo;;
12645;National Welding;16;2;Largo;;
10587;Nationcraft;11;1;Largo;;
6283;Nations Trailers Inc;20;3;Largo;;
2648;Nationwide Trailer And Equipment Sales;38;5;Largo;;
13289;Native Trailers;15;2;Largo;;
12789;Nature’S Generator;18;2;Largo;;
4705;Nause;5;1;Medio;;
491;Navistar;8;1;Medio;;
9684;Navya Inc.;10;2;Largo;;
12712;Naxeon;6;1;Medio;;
9674;Nazaxx;6;1;Medio;;
13127;Nc;2;1;Corto;;
11016;Nd;2;1;Corto;;
5212;Nea;3;1;Corto;;
2645;Neal Manufacturing;18;2;Largo;;
9531;Neal Manufacturing Company, Inc.;32;4;Largo;;
2855;Nealco Equipment;16;2;Largo;;
4288;Neckover Trailers;17;2;Largo;;
8358;Nedland Industries, Inc.;24;3;Largo;;
10752;Needmore Trailers;17;2;Largo;;
5650;Neel'S Utility Trailer Mfg;26;4;Largo;;
4307;Neighborhood Electric Vehicle;29;3;Largo;;
2851;Neighbors Garage;16;2;Largo;;
8569;Neira Industries Inc.;21;3;Largo;;
11144;Neks;4;1;Corto;;
4289;Nelson;6;1;Medio;;
10194;Nelson Industries, Inc.;23;3;Largo;;
8065;Nelson Manufacturing Company;28;3;Largo;;
13996;Nelson Ruiz Trailers;20;3;Largo;;
8533;Nelson Welding;14;2;Largo;;
13865;Neo;3;1;Corto;;
13689;Neo Camper;10;2;Largo;;
2850;Neo Classic Manufacturing;25;3;Largo;;
2847;Neo Manufacturing;17;2;Largo;;
4759;Neoplan;7;1;Medio;;
8402;Neoteric Hovercraft, Inc.;25;3;Largo;;
6796;Nerowalker Boats;16;2;Largo;;
2840;Ness Motorcycles;16;2;Largo;;
4547;Nest Caravans;13;2;Largo;;
6324;Neumann'S Automotive;20;2;Largo;;
10390;Neustar Manufacturing Inc;25;3;Largo;;
2982;Nevada Department Of Corrections;32;4;Largo;;
8856;Nevada Utility Trailor;22;3;Largo;;
9830;Nevco Engineering;17;2;Largo;;
11615;Nevco Trailers;14;2;Largo;;
2162;Neville Welding/Neville Built;29;3;Largo;;
12974;Nevo;4;1;Corto;;
2179;New Autos Inc.;14;3;Largo;;
10595;New Braunfels Trailer Company;29;4;Largo;;
6414;New Buck Corporation;20;3;Largo;;
9277;New Commander Trailers, Inc.;28;4;Largo;;
8722;New Covenant Mfg.;17;3;Largo;;
11886;New Creation Tiny Homes Llc;27;5;Largo;;
2183;New Custom Trailers, Llc;24;4;Largo;;
10419;New Edge;8;2;Medio;;
6962;New England Choppers;20;3;Largo;;
13371;New England Low Speed Vehicle;29;5;Largo;;
508;New Flyer;9;2;Medio;;
10764;New Generation;14;2;Largo;;
6583;New Generation Park Model Inc;29;5;Largo;;
2184;New Heights Llc;15;3;Largo;;
7201;New Horizons;12;2;Largo;;
8433;New Mark Manufacturing, Inc.;28;4;Largo;;
4290;New Market Metal Craft;22;4;Largo;;
2194;New Mexico Steel Fabricators Inc.;33;5;Largo;;
9804;New Millennium Builders/Curbside Concessions;44;4;Largo;;
2200;New Peco Inc.;13;3;Largo;;
7064;New Progress Incorporated;25;3;Largo;;
2222;New River Homes, Llc;20;4;Largo;;
13146;New River Manufacturing, Inc.;29;4;Largo;;
11222;New River Trailer;17;3;Largo;;
7137;New Tech Machinery Corp;23;4;Largo;;
11273;New Vision;10;2;Largo;;
9938;New Wave;8;2;Medio;;
2210;New Wave Teardrop;17;3;Largo;;
14044;New Win;7;2;Medio;;
5213;New York City Custom Motorcycles;32;5;Largo;;
2219;New York City Custom Motorcycles Inc. Dba Nyc Choppers;54;9;Largo;;
5214;New York Motor Company Of L.I., Inc.;36;7;Largo;;
10581;Newark Food Trucks;18;3;Largo;;
11789;Newbot;6;1;Medio;;
7248;Newco Inc;9;2;Medio;;
10084;Newell;6;1;Medio;;
2220;Newfab, Inc.;12;2;Largo;;
8629;Newhouse Mfg. Co., Inc.;23;4;Largo;;
2221;Newkirk Fabrication;19;2;Largo;;
2627;Newman Industries, Inc;22;3;Largo;;
6262;Newman'S Manufacturing Incorporated;35;3;Largo;;
8637;Newmans Industries Inc.;23;3;Largo;;
2631;Newmar Corporation;18;2;Largo;;
2605;Newport Fabricating, Llc;24;3;Largo;;
10506;Newsmith Trailers;17;2;Largo;;
9182;Newsom Industries;17;2;Largo;;
10875;Newton Custom Trailer;21;3;Largo;;
12422;Newtrail Industries;19;2;Largo;;
13658;Nexgen;6;1;Medio;;
2258;Nexgen Framing System, Llc;26;4;Largo;;
2262;Nexgen Innovations Llc;22;3;Largo;;
6599;Nexhaul Trailers;16;2;Largo;;
4606;Next Door Inc;13;3;Largo;;
12461;Next Level;10;2;Largo;;
12935;Next Level Fabrication;22;3;Largo;;
13793;Nexus;5;1;Medio;;
2269;Niagara;7;1;Medio;;
13531;Nichols;7;1;Medio;;
2280;Nicholson Manufacturing, Inc.;29;3;Largo;;
7322;Nickels Boat Works, Inc.;24;4;Largo;;
9517;Nicks Automotive, Inc.;22;3;Largo;;
13526;Nicot;5;1;Medio;;
2283;Niftylift;9;1;Medio;;
10697;Nikola;6;1;Medio;;
6437;Nikota Usa;10;2;Largo;;
2329;Nilfisk Advance, Inc.;21;3;Largo;;
5018;Nilfisk Pressure-Pro Llc;24;3;Largo;;
6430;Nilson Manufacturing;20;2;Largo;;
10368;Nimbus;6;1;Medio;;
10074;Nimmka;6;1;Medio;;
10156;Ningbo Dalong Smooth Locomotive Industry Co., Ltd.;50;7;Largo;;
2368;Ningbo Kangda Bicycle Co., Ltd.;31;5;Largo;;
4302;Ningbo Motorcycle Factory;25;3;Largo;;
2644;Ningbo Sanjiang Dykon Motorcycle Co., Ltd.;42;6;Largo;;
2336;Ninth Circle Customs;20;3;Largo;;
478;Nissan;6;1;Medio;;
9537;Nitco Drilling Products Division;32;4;Largo;;
11644;Nito Bikes;10;2;Largo;;
9898;Niu;3;1;Corto;;
4775;Nix Evil Twins;14;3;Largo;;
2665;Njd Automotive Llc;18;3;Largo;;
2338;Njf Manufacturing Llc;21;3;Largo;;
13164;Njstar;6;1;Medio;;
2339;Nlb Corp.;9;2;Medio;;
12266;No;2;1;Corto;;
13104;No Sweat;8;2;Medio;;
12094;Noah'S;6;1;Medio;;
8238;Nobles Inc;10;2;Largo;;
1120;Nogas Electric Scooter Co;25;4;Largo;;
2661;Nogas Llc;9;2;Medio;;
10833;Nola;4;1;Corto;;
10507;Nolan;5;1;Medio;;
12381;Noma Fabrication;16;2;Largo;;
4303;Nomad Custom Cycles;19;3;Largo;;
13690;Nomad Custom Sauna;18;3;Largo;;
2416;Nomad Gcs;9;2;Medio;;
10597;Nomad Off Road;14;3;Largo;;
9751;Nomad Trailers;14;2;Largo;;
2426;Nor-Tech Fabrication Llc;24;3;Largo;;
7600;Norac Systems International Inc;31;4;Largo;;
7038;Norbert'S Manufacturing Ltd;27;3;Largo;;
12748;Norcoast;8;1;Medio;;
12723;Norden;6;1;Medio;;
6216;Nordic;6;1;Medio;;
11664;Nordic Lodge Inc.;17;3;Largo;;
6217;Nordskog Marketeer;18;2;Largo;;
13547;Nordtek Trailers Inc;20;3;Largo;;
8130;Norfleet Mfg. Co.;17;3;Largo;;
13566;Norias Aggregate Supply Llc;27;4;Largo;;
2422;Norman Power Systems;20;3;Largo;;
7722;Normand Co. Ltd;15;3;Largo;;
7834;Normco Energy Products, Llc;27;4;Largo;;
8622;Nornberg Trailer;16;2;Largo;;
4304;Norris Truck & Trailer;22;4;Largo;;
4581;Norstar Trailers;16;2;Largo;;
12156;Norstar Trailers Mexico S De Rl De Cv;37;8;Largo;;
9968;Nortex Trailers;15;2;Largo;;
8124;North - East Steel Fabrication;30;5;Largo;;
3274;North Alabama Trailer Co. Inc.;30;5;Largo;;
2428;North American Cargo;20;3;Largo;;
2429;North American Industries, Ltd;30;4;Largo;;
5764;North American Mfg.;19;3;Largo;;
4653;North American Motorcycles;26;3;Largo;;
4647;North American Tank;19;3;Largo;;
2449;North American Trailer, S.A. De C.V. Dba Natsa Trailers;55;9;Largo;;
9529;North American Transit, Inc.;28;4;Largo;;
2459;North American Traveler Llc;27;4;Largo;;
6219;North Bay Truckworks;20;3;Largo;;
2462;North Coast Truck Body  Llc;27;5;Largo;;
2482;North Country Trailers;22;3;Largo;;
13782;North East Jl Trailers;22;4;Largo;;
705;North Jersey Cycle;18;3;Largo;;
2489;North Park Manufacturing;24;3;Largo;;
11672;North Point;11;2;Largo;;
6452;North River Jet Boats;21;4;Largo;;
2493;North Shore Manufacturing Company Inc;37;5;Largo;;
2498;North Shore Motorcycle;22;3;Largo;;
6309;North South Auto Connection;27;4;Largo;;
7735;North South Connection Auto Sales Ltd;37;6;Largo;;
14030;North Star Electric Vehicles Llc;32;5;Largo;;
11570;North Star Logistics;20;3;Largo;;
7146;North Star Mfg;14;3;Largo;;
9058;North To South;14;3;Largo;;
11558;North Trail;11;2;Largo;;
7139;North Valley Industries, Inc;28;4;Largo;;
8942;Northcutt;9;1;Medio;;
2532;Northeast Custom Cycles Llc;27;4;Largo;;
7962;Northeast Fabricators, Llc;26;3;Largo;;
8977;Northern Bay Manufacturing;26;3;Largo;;
2539;Northern Lite Mfg. Ltd;22;4;Largo;;
8284;Northern Repair & Welding;25;4;Largo;;
2544;Northern Tool & Equipment, Inc.;31;5;Largo;;
13841;Northern Towers Industries;26;3;Largo;;
9183;Northern Trailer;16;2;Largo;;
8800;Northern United, Inc.;21;3;Largo;;
2559;Northland Machine Inc;21;3;Largo;;
10168;Northshore Truck & Equipment Co., Inc.;38;6;Largo;;
4322;Northstar Fabrication & Machine;31;4;Largo;;
8981;Northstar Mfg., Inc. Of Aitkin, Mn.;35;6;Largo;;
13835;Northup Saunas;14;2;Largo;;
2562;Northwest Aluminum Trailers;27;3;Largo;;
2574;Northwest Custom Aluminum Trailers;34;4;Largo;;
6511;Northwest Enterprises Inc;25;3;Largo;;
2575;Northwest Manufacturing, Inc.;29;3;Largo;;
2581;Northwest Technologies Inc;26;3;Largo;;
13109;Northwest Towers;16;2;Largo;;
9253;Northwest Trailer Sales & Service;33;5;Largo;;
11157;Northwind Trailer Group;23;3;Largo;;
2585;Northwoods Trailers Llc;23;3;Largo;;
2343;Norton Motorcycles;18;2;Largo;;
5859;Nortrail;8;1;Medio;;
2366;Norwalk Trailers;16;2;Largo;;
5080;Norwood Sales;13;2;Largo;;
6258;Noto Custom Welding;19;3;Largo;;
8430;Nova Cruz Products, Llc;23;4;Largo;;
13836;Nova Custom Trailers;20;3;Largo;;
12479;Nova Logix;10;2;Largo;;
562;Novabus;7;1;Medio;;
2405;Novae Trailers;14;2;Largo;;
4323;Novak Custom Motorcycle;23;3;Largo;;
13012;Novamaxa;8;1;Medio;;
12690;Novielli;8;1;Medio;;
6268;Now Systems;11;2;Largo;;
2413;Nrg;3;1;Corto;;
2417;Nrg Trailers;12;2;Largo;;
2418;Nst Motorcycles;15;2;Largo;;
9481;Ntc;3;1;Corto;;
9313;Nth, Inc.;9;2;Medio;;
8524;Nu;2;1;Corto;;
9299;Nu Tech Trailer Co.;19;4;Largo;;
2420;Nu Wa Industries, Inc.;22;4;Largo;;
5436;Nu-Gen Products;15;2;Largo;;
6269;Nu-Wave Mfg Inc;15;3;Largo;;
13802;Nucamp;6;1;Medio;;
8664;Nudawn Metal Fabrication Inc.;29;4;Largo;;
12969;Nuenergy;8;1;Medio;;
4324;Nuko Industries;15;2;Largo;;
4844;Numi;4;1;Corto;;
11192;Nurman;6;1;Medio;;
9864;Nuro Inc.;9;2;Medio;;
12697;Nursery Haulers;15;2;Largo;;
9604;Nuthouse Industries;19;2;Largo;;
8766;Nuttall Manufacturing And Equipment Company;43;5;Largo;;
7818;Nuttall Trailers Llc;20;3;Largo;;
13320;Nv;2;1;Corto;;
11495;Nwei Tiny Homes;15;3;Largo;;
8262;Nwt Holdings, Llc;17;3;Largo;;
2423;Ny Motorcycles;14;2;Largo;;
1880;O & J Trailer Systems;21;5;Largo;;
11767;O & R;5;3;Medio;;
2424;O'Neal Trailers;15;2;Largo;;
4325;O.K. Corral;11;2;Largo;;
9436;O.T. Fabricating, Inc.;22;3;Largo;;
5588;O.Z.Z Choppers;14;2;Largo;;
13379;O’Guinn Atr Trailers;20;3;Largo;;
607;O3 Industries;13;2;Largo;;
2427;Oak & Iron Trailers;19;4;Largo;;
1642;Oak Creek Homes;15;3;Largo;;
10620;Oak Tiny Homes;14;3;Largo;;
2450;Oakland County Chopper Motorcycle;33;4;Largo;;
2452;Oakley Trailers;15;2;Largo;;
13092;Oasis;5;1;Medio;;
11945;Oasis Trailer Manufacturing Ltd;31;4;Largo;;
10882;Obi;3;1;Corto;;
11616;Obt;3;1;Corto;;
11376;Obx;3;1;Corto;;
4326;Ocean Choppers;14;2;Largo;;
2425;Oco Pressure Control Trailers;29;4;Largo;;
7179;Ocs Marine Inc;14;3;Largo;;
12922;Oct;3;1;Corto;;
7643;Octane Trailers;15;2;Largo;;
7935;Oddi Cycles;11;2;Largo;;
5860;Odom;4;1;Corto;;
5862;Odom'S Manufacturers;20;2;Largo;;
6630;Odulair;7;1;Medio;;
12246;Odyssey;7;1;Medio;;
8270;Odyssey Extreme Machines Inc;28;4;Largo;;
11930;Odyssey Trailers Llc;20;3;Largo;;
12799;Odyssey(Odyssey Design And Manufacturing, Inc.);47;5;Largo;;
9048;Oem;3;1;Corto;;
8738;Oem Fabricators, Inc.;21;3;Largo;;
10917;Off Grid;8;2;Medio;;
4574;Off The Hook Trailers Corp;26;5;Largo;;
14094;Offcool;7;1;Medio;;
12304;Offroad Campers Llc;19;3;Largo;;
11256;Offtrax Campers;15;2;Largo;;
7036;Ogawa Enterprise;16;2;Largo;;
13627;Ogl Adv;7;2;Medio;;
4670;Oh Deer Auto Body Llc;21;5;Largo;;
2457;Ohalee Trailers;15;2;Largo;;
7778;Ohio Fluid Products Company;27;4;Largo;;
2461;Ohio Steel Trailers;19;3;Largo;;
2465;Oilfield Repair Trailers;24;3;Largo;;
4585;Ok Schooners;12;2;Largo;;
9322;Ok Trailer Mfg.;15;3;Largo;;
2022;Oka;3;1;Corto;;
4878;Okie Built Trailers;19;3;Largo;;
8038;Oklahoma Gooseneck Mfg Inc;26;4;Largo;;
14100;Okobee;6;1;Medio;;
7251;Okt;3;1;Corto;;
2470;Old Dominion Brush;18;3;Largo;;
8631;Old Field Motorcycle Mfg.;25;4;Largo;;
2486;Old Glory Trailers;18;3;Largo;;
2491;Old School Motorcycle;21;3;Largo;;
9991;Old School Trailers Llc;23;4;Largo;;
2494;Old Town Choppers;17;3;Largo;;
4162;Oldsmobile;10;1;Largo;;
2377;Oliver;6;1;Medio;;
2383;Olmax Fabrication;17;2;Largo;;
2400;Olson Owsley;12;2;Largo;;
11149;Olympia;7;1;Medio;;
5516;Olympic;7;1;Medio;;
6990;Olympic Fiberglass Industries, Inc;34;4;Largo;;
6912;Olympic Manufacturing And Sales, Inc.;37;5;Largo;;
2402;Olympic Trailer;15;2;Largo;;
10259;Olympic Trailer Mfg;19;3;Largo;;
7508;Olympic Trailers Inc;20;3;Largo;;
10121;Olympus;7;1;Medio;;
12368;Olympus Technologies Inc. / Olympus;35;5;Largo;;
2415;Olympus Technologies Trailer;28;3;Largo;;
13886;Omc Axles & Trailers S.R.L.;27;5;Largo;;
6919;Omc Fishing Boat Group, Inc.;28;5;Largo;;
11894;Omco;4;1;Corto;;
13989;Omega;5;1;Medio;;
7960;Omega Manufacturing Inc;23;3;Largo;;
2419;Omega Rv;8;2;Medio;;
9266;Omega Southwest Mfg., Inc.;26;4;Largo;;
2421;Omjc Signal, Inc.;17;3;Largo;;
5861;Omni;4;1;Corto;;
5863;On The Road;11;3;Largo;;
2451;On-Site Fleet Services;22;3;Largo;;
13629;On-Site Industrial Products;27;3;Largo;;
10269;On1Design Llc;13;2;Largo;;
9368;Onan Corporation;16;2;Largo;;
12949;Onboard Dynamics;16;2;Largo;;
10735;One Way Auto;12;3;Largo;;
13882;Onepanel;8;1;Medio;;
2444;Onken'S Trailer;15;2;Largo;;
6007;Ontario Bus Industries Inc.;27;4;Largo;;
13795;Onyx;4;1;Corto;;
10298;Onyx Motorcycles;16;2;Largo;;
13806;Onyx Motors Inc;15;3;Largo;;
2446;Op Tank Trailer;15;3;Largo;;
8580;Op4 Llc;7;2;Medio;;
471;Opel;4;1;Corto;;
12047;Open Range;10;2;Largo;;
2456;Open Range Rv Company;21;4;Largo;;
2458;Open Road Motorcycles, Inc.;27;4;Largo;;
11147;Operation Tiny Home;19;3;Largo;;
2460;Operbus S.A De C.V.;19;4;Largo;;
2463;Opm Specialties;15;2;Largo;;
506;Optima;6;1;Medio;;
11889;Optimus Industries, Llc;23;3;Largo;;
12606;Optraffic;9;1;Medio;;
12554;Ora;3;1;Corto;;
12559;Ora Group / Peerless;20;4;Largo;;
2480;Orange County Choppers;22;3;Largo;;
5817;Orange Ev Llc;13;3;Largo;;
13779;Orange Rv;9;2;Medio;;
13804;Orange X;8;2;Medio;;
11588;Orangeline;10;1;Largo;;
12496;Orc Trailers;12;2;Largo;;
2484;Orchard Hill Welding;20;3;Largo;;
9787;Oregon Corrections Enterprises (Oce);36;4;Largo;;
7619;Oregon Food Trucks Llc;22;4;Largo;;
2502;Oregon Trailer;14;2;Largo;;
8979;Oregon Woodchuck;16;2;Largo;;
2503;Oreion Motors;13;2;Largo;;
12601;Organilock, Inc.;16;2;Largo;;
11652;Oriental Shimao;15;2;Largo;;
6005;Orion Bus;9;2;Medio;;
2527;Orlando Metal Fabrication;25;3;Largo;;
6285;Ornamental Iron Works Llc;25;4;Largo;;
2528;Orteq Energy Services;21;3;Largo;;
11482;Orzam;5;1;Medio;;
8321;Osborn Sheet Metal, Llc;23;4;Largo;;
7509;Osborne Construction & Backhoe Inc;34;5;Largo;;
6286;Osbornes Welding;16;2;Largo;;
2530;Oschool Choppers;16;2;Largo;;
4981;Osco Products Llc / Usa;23;5;Largo;;
517;Oshkosh;7;1;Medio;;
2385;Oshkosh Trailer;15;2;Largo;;
12901;Oso Loco Motorcycles;20;3;Largo;;
10094;Osprey Custom 4X4;17;3;Largo;;
8246;Osw Equipment & Repair Inc;26;5;Largo;;
13685;Osy Haulers;11;2;Largo;;
5050;Ottawa Brimont Corporation;26;3;Largo;;
5599;Otterbacher;11;1;Largo;;
8667;Otto'S Custom Trailers;22;3;Largo;;
13386;Otv Trailers;12;2;Largo;;
11545;Otwi;4;1;Corto;;
13889;Oulead;6;1;Medio;;
5882;Outabout;8;1;Medio;;
2404;Outback;7;1;Medio;;
6817;Outback Trailers;16;2;Largo;;
10286;Outbound Trailer;16;2;Largo;;
2406;Outbreak Customz;16;2;Largo;;
7795;Outdoor Aluminum;16;2;Largo;;
2412;Outdoors Rv;11;2;Largo;;
4987;Outer Banks Beach Buggies;25;4;Largo;;
2629;Outkast Cycles;14;2;Largo;;
2445;Outkast Trailer;15;2;Largo;;
5215;Outlander Trailer, Llc;22;3;Largo;;
13241;Outlast;7;1;Medio;;
2447;Outlaw Custom;13;2;Largo;;
7798;Outlaw Mfg Inc;14;3;Largo;;
7381;Outlaw Ranch Trailer Sales Inc;30;5;Largo;;
2455;Outlaw Trailers;15;2;Largo;;
12165;Outlaw Trailers Llc;19;3;Largo;;
12123;Outlaw Trailers Sales;21;3;Largo;;
9761;Overbilt Trailer Company;24;3;Largo;;
9824;Overbuilt;9;1;Medio;;
10579;Overkill Campers Llc;20;3;Largo;;
5911;Overland;8;1;Medio;;
13314;Overland (Overland Services, Llc);33;4;Largo;;
11061;Overland North America;22;3;Largo;;
9362;Overland R.V. Depot;19;3;Largo;;
2492;Overland Tank;13;2;Largo;;
13134;Overland Vehicle Systems;24;3;Largo;;
10534;Overstreet;10;1;Largo;;
10235;Ovo;3;1;Corto;;
2497;Owens Cargo;11;2;Largo;;
5865;Owens Classic;13;2;Largo;;
5912;Owensby;7;1;Medio;;
4330;Owings Equipment Co.;20;3;Largo;;
10520;Ownbillboard;12;1;Largo;;
519;Owosso;6;1;Medio;;
3514;Ox;2;1;Corto;;
2526;Ox Industrial;13;2;Largo;;
5370;Oxbo International;18;2;Largo;;
2529;Oxygen Spa;10;2;Largo;;
2501;Oyler;5;1;Medio;;
9088;Oz Bars;7;2;Medio;;
2504;Ozark;5;1;Medio;;
9001;Ozark Sales And Service, Inc.;29;5;Largo;;
9856;Ozark Trailer Sales;19;3;Largo;;
10570;Ozi Concept;11;2;Largo;;
8572;P & A Trailers;14;4;Largo;;
9254;P & P Manufacturing;19;4;Largo;;
2506;P & S Machine;13;4;Largo;;
7699;P & T Palmer, Inc;17;5;Largo;;
8252;P C Industries, Llc;19;4;Largo;;
10042;P&C Trailer & Repair, Llc;25;5;Largo;;
13553;P&T;3;1;Corto;;
12770;P.50;4;1;Corto;;
7198;P/Tac Industries Inc;20;3;Largo;;
14071;P3;2;1;Corto;;
2500;Pace American;13;2;Largo;;
11607;Pace Trailers;13;2;Largo;;
6457;Pacesetter;10;1;Largo;;
4331;Pacesetter Boat;15;2;Largo;;
2549;Pacific Aloha;13;2;Largo;;
2579;Pacific Coachworks;18;2;Largo;;
4645;Pacific Coachworks Llc;22;3;Largo;;
7676;Pacific Coast Rv Inc;20;4;Largo;;
7096;Pacific Industrial Supply;25;3;Largo;;
13242;Pacific Innovations Trailers;28;3;Largo;;
8790;Pacific Metal Enterprises;25;3;Largo;;
8712;Pacific Specialty;17;2;Largo;;
2588;Pacific Tank Energy;19;3;Largo;;
4329;Pacific Tek Trailers;20;3;Largo;;
9457;Pacific Trailers;16;2;Largo;;
10265;Pacifica Tiny Homes;19;3;Largo;;
11283;Pacifictek;10;1;Largo;;
13570;Pack Mule;9;2;Medio;;
5591;Pack Mule Camper;16;3;Largo;;
14053;Packable Trailers;17;2;Largo;;
6451;Packer Industries, Inc.;23;3;Largo;;
2147;Packrat Trailers;16;2;Largo;;
7752;Packup Trailers;15;2;Largo;;
2594;Paddle King;11;2;Largo;;
10427;Padgett Mobile Equipment;24;3;Largo;;
9429;Padgett Truck Bodies And Equipment;34;5;Largo;;
4767;Pagani;6;1;Medio;;
11077;Page Distribution;17;2;Largo;;
4810;Pagsta;6;1;Medio;;
12715;Paidm;5;1;Medio;;
12716;Paits;5;1;Medio;;
7541;Paiute Trailers;15;2;Largo;;
11593;Pajco Drop Axle Hunter;22;4;Largo;;
10807;Pajco Technologies;18;2;Largo;;
5332;Pak-Mor Mfg. Reserved;21;3;Largo;;
12335;Paladin Motors;14;2;Largo;;
12713;Palla;5;1;Medio;;
2599;Palm Beach Golf Cars;20;4;Largo;;
10291;Palm Beach Trailers;19;3;Largo;;
2601;Palm Harbor Homes;17;3;Largo;;
9371;Palm Manufacturing And Sales;28;4;Largo;;
2602;Palmer;6;1;Medio;;
6248;Palmer Bodies;13;2;Largo;;
4571;Palmer'S Welding & Fabrication;30;4;Largo;;
2603;Palmetto Precision;18;2;Largo;;
2604;Palomino;8;1;Medio;;
13794;Palos Custom Welding;20;3;Largo;;
4218;Pamlico Trailers;16;2;Largo;;
4219;Panella Trailers;16;2;Largo;;
4025;Panic Cycles;12;2;Largo;;
4220;Panoz;5;1;Medio;;
5938;Panther;7;1;Medio;;
13124;Panther Cargo;13;2;Largo;;
5580;Panther Motors Inc;18;3;Largo;;
8314;Panther Trailers;16;2;Largo;;
11526;Panus;5;1;Medio;;
8914;Panzer Motorcycle Works Usa, Inc.;33;5;Largo;;
12734;Papan;5;1;Medio;;
7531;Paradise Trailers Mfg;21;3;Largo;;
6249;Paragon Enviromental System;27;3;Largo;;
13708;Paragon Trailer Llc;19;3;Largo;;
2543;Paramount Custom Cycles;23;3;Largo;;
5305;Parcar;6;1;Medio;;
5867;Paris;5;1;Medio;;
11714;Park;4;1;Corto;;
2548;Park City Chopper;17;3;Largo;;
12848;Park Cottages;13;2;Largo;;
2550;Park Liner;10;2;Largo;;
13002;Park Made/Rv Trailer;20;3;Largo;;
12359;Park Model Rv;13;3;Largo;;
6448;Park Models Manufacturing Inc;29;4;Largo;;
8862;Park N' Ride Trailers;21;4;Largo;;
13286;Parker;6;1;Medio;;
2561;Parker Brothers Choppers;24;3;Largo;;
12282;Parker County Trailer Co.;25;4;Largo;;
7855;Parker Industries;17;2;Largo;;
2565;Parker Trailers;15;2;Largo;;
2568;Parker Utility;14;2;Largo;;
7955;Parklane Enterprises Inc;24;3;Largo;;
5869;Parkview Mansions;17;2;Largo;;
7253;Parkwest Industries, Inc.;25;3;Largo;;
9023;Parkwood Homes, Inc.;20;3;Largo;;
8429;Paron Industries Inc.;21;3;Largo;;
12714;Parray;6;1;Medio;;
12077;Partner;7;1;Medio;;
7225;Pas;3;1;Corto;;
12186;Pasq, Llc;9;2;Medio;;
11103;Passport;8;1;Medio;;
5868;Patent Products, Inc;20;3;Largo;;
10242;Pathway Trailer;15;2;Largo;;
12656;Patos Trailers;14;2;Largo;;
5316;Patriot;7;1;Medio;;
12339;Patriot Boat Trailers;21;3;Largo;;
5654;Patriot Campers;15;2;Largo;;
2570;Patriot Energy Services;23;3;Largo;;
2580;Patriot Manufacturing;21;2;Largo;;
2589;Patriot Motorcycles;19;2;Largo;;
9923;Patriot Products Group;22;3;Largo;;
12908;Patriot Specialty Rv;20;3;Largo;;
7617;Patriot Steel Fabrication;25;3;Largo;;
11641;Patriot Trailer;15;2;Largo;;
9588;Patriot Trailer Manufacturing;29;3;Largo;;
9170;Patriot Trailer Sales;21;3;Largo;;
11716;Patrol;6;1;Medio;;
5216;Paughco Mc, Llc;15;3;Largo;;
2596;Paul Jr. Designs;16;3;Largo;;
9579;Paul Krohnert Manufacturing Limited;35;4;Largo;;
9120;Paul Manufacturing;18;2;Largo;;
4240;Paul Thun'S Custom Welding;26;4;Largo;;
2597;Paul Yaffe Originals;20;3;Largo;;
8472;Paul'S Trailer'S & Manufacturing;32;4;Largo;;
5870;Pauli;5;1;Medio;;
13828;Paus;4;1;Corto;;
11662;Pave;4;1;Corto;;
2633;Paver Motorcycles;17;2;Largo;;
1904;Pavmaster;9;1;Medio;;
10606;Payload;7;1;Medio;;
11472;Payload Trailers;16;2;Largo;;
7105;Payne'S Trailer;15;2;Largo;;
8448;Pb Choppers Inc;15;3;Largo;;
9527;Pbclv Inc.;10;2;Largo;;
6459;Pbm;3;1;Corto;;
2658;Pci Manufacturing;17;2;Largo;;
10851;Pcs Performance, Llc;20;3;Largo;;
9703;Pd2, Inc.;9;2;Medio;;
12912;Pdg;3;1;Corto;;
9165;Pdi Torax Systems;17;3;Largo;;
2525;Pdq Metal Fab.,Inc.;19;3;Largo;;
10173;Pdq Trailers;12;2;Largo;;
5475;Peach Cargo;11;2;Largo;;
4730;Peachland Design And Fabrication;32;4;Largo;;
6272;Peak Fabrications;17;2;Largo;;
2660;Peak Industries;15;2;Largo;;
5217;Peak Manufacturing Inc.;23;3;Largo;;
2662;Peak Manufacturing, Llc;23;3;Largo;;
9982;Peak Outdoors;13;2;Largo;;
2663;Pearson And Pearson Dba Chasony Concession;42;6;Largo;;
13506;Pebble Flow;11;2;Largo;;
11453;Pebble Teardrops Llc;20;3;Largo;;
11411;Pecan Trail Rv Llc;18;4;Largo;;
2667;Peck Manufacturing;18;2;Largo;;
4623;Pecru Group;11;2;Largo;;
2669;Pedal Crawler;13;2;Largo;;
13035;Pedal Cruz;10;2;Largo;;
12197;Pee Dee Trailers;16;3;Largo;;
2674;Peel;4;1;Corto;;
9288;Peerless;8;1;Medio;;
2691;Peerless Manufacturing Co;25;3;Largo;;
2694;Peersouth;9;1;Medio;;
5392;Pegasus;7;1;Medio;;
2697;Pelletier Manufacturing;23;2;Largo;;
7800;Peltz Mfg Inc;13;3;Largo;;
6273;Peltzer Enterprises;19;2;Largo;;
4241;Pemberton Fabricators;21;2;Largo;;
6274;Pemco Equipment Co;18;3;Largo;;
9114;Pendergraft Trailers;20;2;Largo;;
8540;Pendu Mfg Inc;13;3;Largo;;
13787;Penn Central Welding Llc;24;4;Largo;;
2698;Penn Jersey Cycles;18;3;Largo;;
4854;Pennsylvania Motorcycles;24;2;Largo;;
10987;Penrose;7;1;Medio;;
9699;Penske;6;1;Medio;;
2702;Peoria Custom Cookers;21;3;Largo;;
4242;Peraves Ag;10;2;Largo;;
11947;Perch & Nest;12;3;Largo;;
6584;Perewitz Customs;16;2;Largo;;
11870;Performance Assembly Solutions;30;3;Largo;;
7010;Performance Fabricating;23;2;Largo;;
2705;Performance Indian;18;2;Largo;;
7044;Performance Trailer Inc.;24;3;Largo;;
5630;Performance Trailers;20;2;Largo;;
7734;Performance Trailers Inc;24;3;Largo;;
2709;Perkins-T.P. Trailers;21;2;Largo;;
9137;Pero Trailer Mfg.;17;3;Largo;;
2714;Perrin Mfg;10;2;Largo;;
5871;Perry;5;1;Medio;;
5872;Perry Ent;9;2;Medio;;
8932;Perry'S Manufacturing Company;29;3;Largo;;
2718;Personal Trailers;17;2;Largo;;
10149;Pes;3;1;Corto;;
5866;Pes Inc;7;2;Medio;;
513;Pete'S Golf Carts;17;3;Largo;;
8147;Petenwell Industries;20;2;Largo;;
495;Peterbilt;9;1;Medio;;
11387;Peters Manufacturing;20;2;Largo;;
6164;Peterson Built Products, Inc.;29;4;Largo;;
4243;Peterson Industries;19;2;Largo;;
11988;Peterson Manufacturing, Llc / Easley;36;5;Largo;;
2723;Peterson Trailers;17;2;Largo;;
2724;Petro2Go;8;1;Medio;;
2727;Petrobull;9;1;Medio;;
5873;Petrofab Inc;12;2;Largo;;
6901;Petrossi Welding;16;2;Largo;;
8467;Petty Built Mfg.;16;3;Largo;;
6338;Petty Trailers;14;2;Largo;;
5554;Peugeot;7;1;Medio;;
8516;Peugeot Motorcycles;19;2;Largo;;
4874;Pezzaioli;9;1;Medio;;
10723;Pfs Trailers;12;2;Largo;;
12751;Pg Trailers;11;2;Largo;;
12428;Pgt Trailers;12;2;Largo;;
2731;Phantom Choppers;16;2;Largo;;
6558;Phantom Cycle;13;2;Largo;;
8121;Phase Ll Truck Body, Lnc;24;5;Largo;;
11726;Phat Boy;8;2;Medio;;
2734;Phat Custom Cycles;18;3;Largo;;
14076;Phenix Enterprises;18;2;Largo;;
4915;Pheonix;7;1;Medio;;
13758;Phiber Manufacturing Inc;24;3;Largo;;
8476;Phil Larochelle Equipment Inc.;30;4;Largo;;
2739;Phillips Diversified Manufacturing;34;3;Largo;;
5874;Phoenix;7;1;Medio;;
11989;Phoenix Building Solutions;26;3;Largo;;
13360;Phoenix Coach Works;19;3;Largo;;
13577;Phoenix Cruiser;15;2;Largo;;
10253;Phoenix Garage;14;2;Largo;;
2751;Phoenix Global;14;2;Largo;;
9249;Phoenix Industries & Apparatus, Inc.;36;5;Largo;;
9369;Phoenix Modular R.V., Inc.;26;4;Largo;;
2745;Phoenix Motorcars;17;2;Largo;;
4244;Phoenix Motorcycle Works;24;3;Largo;;
7893;Phoenix Rotary Equipment Ltd.;29;4;Largo;;
8785;Phoenix Sports Cars, Inc.;25;4;Largo;;
7142;Phoenix Trailers;16;2;Largo;;
2747;Phoenix Trailers Inc.;21;3;Largo;;
2749;Phoenix Trailers Llc;20;3;Largo;;
13578;Phoenix Trx;11;2;Largo;;
8409;Phoenix Usa Impex, Inc.;23;4;Largo;;
2753;Photo-Sonics;12;1;Largo;;
4245;Pi Mobility;11;2;Largo;;
12805;Piaggio;7;1;Medio;;
2678;Piaggio And Vespa;17;3;Largo;;
9469;Piccoli Motori;14;2;Largo;;
2759;Pick A Spot;11;3;Largo;;
11239;Pickman;7;1;Medio;;
7472;Pid Transit;11;2;Largo;;
2762;Piedmont Custom Trailers;24;3;Largo;;
8822;Piedmont Service Trucks;23;3;Largo;;
560;Pierce Manufacturing;20;2;Largo;;
4260;Pierce Manufacturing Company;28;3;Largo;;
9803;Piggyback Smokers;17;2;Largo;;
2767;Pik Rite;8;2;Medio;;
4261;Pike Equipment & Supply;23;4;Largo;;
12867;Pike Overland Llc;17;3;Largo;;
2773;Pilgrim International;21;2;Largo;;
7780;Pilgrim International, Inc.;27;3;Largo;;
8880;Pilgrim Manufacturing Co., Inc.;31;4;Largo;;
8710;Pilling'S F.R.P., Inc.;22;3;Largo;;
12229;Pilot;5;1;Medio;;
10359;Pilot View Golf Carts;21;4;Largo;;
11262;Pilotcar;8;1;Medio;;
10003;Pin Drop Travel Trailer;23;4;Largo;;
2783;Pin Oak Service;15;3;Largo;;
2787;Pine Cone Low Speed;19;4;Largo;;
13748;Pine Hill;9;2;Medio;;
9202;Pine Hill Trailers, Inc.;24;4;Largo;;
10247;Pine Hill/Bauxlite;18;2;Largo;;
6368;Pine Ridge;10;2;Largo;;
7047;Pines;5;1;Medio;;
11614;Pines Trailers;14;2;Largo;;
12193;Pingandayun;11;1;Largo;;
5661;Pininfarina;11;1;Largo;;
11673;Pinnacle;8;1;Medio;;
4262;Pinnacle Industrial Services;28;3;Largo;;
2788;Pinnacle Manufacturing;22;2;Largo;;
4912;Pinnacle Power Services Inc.;28;4;Largo;;
9777;Pintail Duck Boats, Llc;23;4;Largo;;
8884;Piona'S Machine & Fab;21;4;Largo;;
4521;Pioneer;7;1;Medio;;
7974;Pioneer Fabricating Inc;23;3;Largo;;
7266;Pioneer Metal Works, Inc;24;4;Largo;;
2819;Pioneer Pump;12;2;Largo;;
12104;Pioneer Truckweld;17;2;Largo;;
11903;Pioneer, Prowler, & Prowler Lnyx;32;5;Largo;;
4958;Pipehunter;10;1;Largo;;
8600;Pipeline Manufacturing;22;2;Largo;;
2825;Pitbull Fabrication;19;2;Largo;;
4270;Pitbull Motorsports Ltd;23;3;Largo;;
2789;Pits By Jj;10;3;Largo;;
7623;Pitt Steel;10;2;Largo;;
2828;Pitt'S & Spitt'S;16;3;Largo;;
2831;Pitts Trailers;14;2;Largo;;
8844;Pittsburgh Motorcycle Works;27;3;Largo;;
5876;Pittsville Homes;16;2;Largo;;
13737;Pivot Power Inc.;16;3;Largo;;
6060;Pj;2;1;Corto;;
11137;Pj Trailers Company, S.A. De C.V.;33;6;Largo;;
8626;Pj Woodwork Llc;15;3;Largo;;
9955;Pj'S;4;1;Corto;;
2836;Placer Fire Equipment;21;3;Largo;;
13593;Plainscraft;11;1;Largo;;
2854;Platinum Cottages;17;2;Largo;;
7712;Platinum Manufacturing Llc;26;3;Largo;;
13403;Platinumstar;12;1;Largo;;
7333;Play Pen Products;17;3;Largo;;
7057;Playbuoy Pontoon Mfg. Inc;25;4;Largo;;
8747;Playmaker Rv, Inc.;18;3;Largo;;
4271;Pleasant Hills;14;2;Largo;;
5014;Pleasant Valley Homes, Inc.;27;4;Largo;;
2861;Pleasant Valley Teardrop Trailers;33;4;Largo;;
7437;Pleasant Valley Trailers, Inc.;30;4;Largo;;
5877;Pleasant View Mfg;17;3;Largo;;
10891;Plh;3;1;Corto;;
2879;Plot Usa Inc (Zero Engineering);31;5;Largo;;
7197;Pls Trailer Manufacturing;25;3;Largo;;
13757;Plum;4;1;Corto;;
12477;Plumettaz America Corp;22;3;Largo;;
5878;Plunkett;8;1;Medio;;
2409;Plymouth;8;1;Medio;;
4453;Pmd Motorcycles;15;2;Largo;;
5875;Pmi;3;1;Corto;;
11485;Pmi Inc.;8;2;Medio;;
12895;Pmrv;4;1;Corto;;
10540;Pn Motors Llc;13;3;Largo;;
2890;Poe Const. & Mfg;16;4;Largo;;
8079;Poke Tote;9;2;Medio;;
2927;Pol-Tech Manufactory;20;2;Largo;;
4989;Polar Corporation;17;2;Largo;;
12166;Polar Fox;9;2;Medio;;
9184;Polar King International, Inc.;30;4;Largo;;
2921;Polar Tank Trailer;18;3;Largo;;
13679;Polar Texas;11;2;Largo;;
566;Polaris;7;1;Medio;;
10224;Polestar;8;1;Medio;;
10720;Polestar Trailers, Inc.;23;3;Largo;;
8104;Polk'S Farm & Fab;17;4;Largo;;
5075;Poly Cal Plastics;17;3;Largo;;
5451;Polycoat Systems;16;2;Largo;;
10104;Polydrops Inc.;14;2;Largo;;
2929;Polyjohn Trailer;16;2;Largo;;
9121;Pomona Sheet Metal Works, Inc.;30;5;Largo;;
4272;Pond King;9;2;Medio;;
11240;Ponderay;8;1;Medio;;
9405;Ponderosa Trailers;18;2;Largo;;
9724;Ponti-Load;10;1;Largo;;
536;Pontiac;7;1;Medio;;
2931;Pool Trailer Design;19;3;Largo;;
11187;Pool Water Purification Products;32;4;Largo;;
4784;Pop'S Lsv'S;11;2;Largo;;
10714;Pop-Top;7;1;Medio;;
2942;Porkys Chopper;14;2;Largo;;
584;Porsche;7;1;Medio;;
2952;Port-A-Cool;11;1;Largo;;
12352;Portable Car Hoist;18;3;Largo;;
12043;Portable Cedar Cabins;21;3;Largo;;
6621;Portaboards;11;1;Largo;;
12782;Portacams;9;1;Medio;;
2958;Portaframe;10;1;Largo;;
2962;Porteon Electric Vehicles;25;3;Largo;;
11492;Porter Overland Llc;19;3;Largo;;
14064;Portillos;9;1;Medio;;
9567;Posey Lumber & Mfg.;19;4;Largo;;
8528;Posi-Plus;9;1;Medio;;
12744;Posi-Plus Mfg., Llc;19;3;Largo;;
4817;Pothole Patrol;14;2;Largo;;
8902;Potomac Rv;10;2;Largo;;
7071;Potter & Son Trailer Fabricating Inc;36;6;Largo;;
12847;Pourter;7;1;Medio;;
12927;Powell Safety Solutions;23;3;Largo;;
5729;Power;5;1;Medio;;
8653;Power & Chrome;14;3;Largo;;
2979;Power Dynamics;14;2;Largo;;
9015;Power Equipment Co.;19;3;Largo;;
2987;Power Factory;13;2;Largo;;
13408;Power House;11;2;Largo;;
10530;Power Line Cargo Llc;20;4;Largo;;
8170;Power Manufacturing Inc;23;3;Largo;;
2991;Power Play Rv;13;3;Largo;;
2992;Power Products;14;2;Largo;;
6846;Power Sled Motorcycles, Inc.;28;4;Largo;;
4473;Power Sports Factory Dba Yamati Motorcycles;43;6;Largo;;
12832;Power Trailers;14;2;Largo;;
9704;Power Trip Rentals, Llc;23;4;Largo;;
2993;Power Up Mobile;15;3;Largo;;
4529;Power, Process & Industrial;27;4;Largo;;
13448;Powerbase Solar;15;2;Largo;;
3001;Powerfab;8;1;Medio;;
13834;Powerhaul Trailers;18;2;Largo;;
13355;Powerlink Energy Tech (Shanghai) Co.,Ltd.;41;5;Largo;;
13356;Powerlink Energy, Inc;21;3;Largo;;
2995;Powers Auto & Custom Bikes;26;5;Largo;;
4298;Powersecure;11;1;Largo;;
7176;Powertek;8;1;Medio;;
3006;Prairie Creek Mfg;17;3;Largo;;
11907;Prairie Fire;12;2;Largo;;
3012;Pratt & Whitney Power Systems;29;5;Largo;;
3015;Pratt Industries;16;2;Largo;;
11380;Pratt Intermodal Chassis Llc;28;4;Largo;;
13001;Pratt Utility Trailers;22;3;Largo;;
3021;Prebola Products;16;2;Largo;;
5771;Precedent;9;1;Medio;;
7758;Precious Metal Customs Inc.;27;4;Largo;;
3023;Precise Metal Welding;21;3;Largo;;
7813;Precision;9;1;Medio;;
3026;Precision Boatworks;19;2;Largo;;
5053;Precision Chassis & Engineering, Inc.;37;5;Largo;;
6847;Precision Coach Inc.;20;3;Largo;;
12704;Precision Custom Services Llc;29;4;Largo;;
3029;Precision Custom Trailers;25;3;Largo;;
3033;Precision Custom Trailers Llc;29;4;Largo;;
3041;Precision Cycle Works;21;3;Largo;;
6857;Precision Equipment Company, Inc.;33;4;Largo;;
3045;Precision Equipment Manufacturing;33;3;Largo;;
10474;Precision Fab;13;2;Largo;;
10809;Precision Fabricating;21;2;Largo;;
6854;Precision Fabricating & Cleaning;32;4;Largo;;
8392;Precision Husky Corporation;27;3;Largo;;
3048;Precision Laser & Mfg Llc;25;5;Largo;;
7423;Precision Metal Works & Fabrication;35;5;Largo;;
3068;Precision Motorcycle Concepts;29;3;Largo;;
3072;Precision Performance Motorcycles;33;3;Largo;;
3140;Precision Solar Controls;24;3;Largo;;
3076;Precision Trailer;17;2;Largo;;
7182;Precision Welding;17;2;Largo;;
3077;Precision Welding And Fabrication;33;4;Largo;;
8197;Precision-Bilt;14;1;Largo;;
3081;Predator Custom Trailers;24;3;Largo;;
6276;Predator Eagle;14;2;Largo;;
8814;Predator Motorcycle Company;27;3;Largo;;
8576;Preferred Cycles, Inc.;22;3;Largo;;
4300;Premco Products;15;2;Largo;;
12850;Premia Group(Enduratrailer);27;2;Largo;;
5631;Premier;7;1;Medio;;
5652;Premier Coachbuilders Inc;25;3;Largo;;
8347;Premier Coil;12;2;Largo;;
11443;Premier Cryogenic Services;26;3;Largo;;
3085;Premier Fabricating Inc;23;3;Largo;;
3087;Premier Fabricators Llc;23;3;Largo;;
4301;Premier Northwest;17;2;Largo;;
3090;Premier Pump And Power;22;4;Largo;;
3092;Premier Pump Company;20;3;Largo;;
3095;Premier Trailer;15;2;Largo;;
6861;Premier Trailer Manufacturing, Inc.;35;4;Largo;;
12290;Premier Trailer Solutions Llc;29;4;Largo;;
7971;Premier Trailers;16;2;Largo;;
11174;Premier Trailers Inc;20;3;Largo;;
5880;Presidential Arm;16;2;Largo;;
11047;Prestige;8;1;Medio;;
10786;Prestige Trailers;17;2;Largo;;
4148;Prevost;7;1;Medio;;
3097;Priefert Mfg;12;2;Largo;;
7861;Priest Motor Corp.;18;3;Largo;;
12404;Prime B.H.;10;2;Largo;;
12116;Prime Food Trailers;19;3;Largo;;
9929;Prime Manufacturing;19;2;Largo;;
12651;Prime Manufacturing (Ultraquip, Llc);36;4;Largo;;
8795;Prime Trailer Products;22;3;Largo;;
13135;Prime Trailers Llc;18;3;Largo;;
14105;Primeline Industries;20;2;Largo;;
13951;Primo;5;1;Medio;;
8240;Primo Trailers;14;2;Largo;;
3100;Primus Steel Solutions;22;3;Largo;;
12107;Pritchard Metalfab;18;2;Largo;;
13236;Private Label;13;2;Largo;;
9420;Pro Auto Sales & Salvage, Inc.;30;6;Largo;;
3103;Pro Cycles & Accessories;24;4;Largo;;
3104;Pro Dog Creations;17;3;Largo;;
3107;Pro Fab Ind;11;3;Largo;;
3110;Pro Fish Enterprises;20;3;Largo;;
8473;Pro Lite Trailers Inc;21;4;Largo;;
6766;Pro Pull;8;2;Medio;;
13424;Pro R66 Usa Food Trailers;25;5;Largo;;
10078;Pro Sport Trailers;18;3;Largo;;
11267;Pro Stands;10;2;Largo;;
4316;Pro Tilt;8;2;Medio;;
5220;Pro Welding & Fabricating;25;4;Largo;;
5418;Pro West Mechanical, Inc;24;4;Largo;;
4317;Pro X Trailers;14;3;Largo;;
6004;Pro-Craft;9;1;Medio;;
13082;Pro-Fab Trailers;16;2;Largo;;
3135;Pro-Formance Manufacturing;26;2;Largo;;
2659;Pro-One;7;1;Medio;;
2540;Pro-Par;7;1;Medio;;
8081;Pro-Street Frameworks;21;2;Largo;;
10119;Pro-Tainer;10;1;Largo;;
7866;Pro-Tec;7;1;Medio;;
2551;Pro-Tech;8;1;Medio;;
4319;Pro-Trak Trailers;17;2;Largo;;
3113;Proaxis;7;1;Medio;;
3114;Probilt Body & Trailer;22;4;Largo;;
9076;Probuilt;8;1;Medio;;
7864;Proc;4;1;Corto;;
5346;Process Engineering Inc;23;3;Largo;;
11375;Production Technologies, Inc;28;3;Largo;;
6864;Production Welding;18;2;Largo;;
3116;Productos Y Servicios Regger;28;4;Largo;;
3118;Profab Mex Sa De Cv;19;5;Largo;;
13249;Professional Trailers;21;2;Largo;;
3120;Professional Welding;20;2;Largo;;
6868;Profile Trailers;16;2;Largo;;
11734;Profood And Wheels;18;3;Largo;;
3130;Proform Trailers;16;2;Largo;;
11645;Proform Trailers, Inc.;22;3;Largo;;
8087;Progress;8;1;Medio;;
3136;Progress Solar Solutions;24;3;Largo;;
6429;Progress Tank;13;2;Largo;;
4318;Progressive Designs;19;2;Largo;;
836;Progressive Products;20;2;Largo;;
2534;Progressive Trailers;20;2;Largo;;
9828;Progressive Trailers Inc.;25;3;Largo;;
2537;Prohauler;9;1;Medio;;
7814;Project X Choppers;18;3;Largo;;
2538;Proline Products;16;2;Largo;;
2666;Proline Trailers;16;2;Largo;;
2996;Prolite;7;1;Medio;;
7313;Prolite Trailers;16;2;Largo;;
9000;Promark Products Inc.;21;3;Largo;;
13568;Promatec;8;1;Medio;;
10505;Promise Land;12;2;Largo;;
10922;Propel;6;1;Medio;;
12522;Propell;7;1;Medio;;
2545;Proper Chopper;14;2;Largo;;
12637;Propped Up Motors;17;3;Largo;;
3124;Proservice;10;1;Largo;;
1933;Prospector;10;1;Largo;;
9033;Prosportsman;12;1;Largo;;
2547;Prostar;7;1;Medio;;
2558;Protected Vehicles;18;2;Largo;;
2672;Proterra;8;1;Medio;;
7657;Protow Trailers;15;2;Largo;;
12672;Proud Trailers;14;2;Largo;;
4320;Proweld;7;1;Medio;;
11561;Prowler;7;1;Medio;;
12747;Proworks Llc;12;2;Largo;;
12179;Prs Holdings, Llc. Dba Rhino Trailers;37;6;Largo;;
6870;Pryco, Inc.;11;2;Largo;;
12932;Psc;3;1;Corto;;
4780;Pst;3;1;Corto;;
2560;Psycles;7;1;Medio;;
4321;Pt Welding;10;2;Largo;;
4689;Puck Custom Enterprises;23;3;Largo;;
10740;Pud Pro;7;2;Medio;;
7252;Puffy Boy;9;2;Medio;;
13432;Pulada;6;1;Medio;;
9592;Pull Proven Products;20;3;Largo;;
6377;Pull-Wright;11;1;Largo;;
2567;Pullman Modular;15;2;Largo;;
5221;Pullright Trailer Inc;21;3;Largo;;
6871;Pulver Race Fab;15;3;Largo;;
2572;Pulverisateur;13;1;Largo;;
9583;Pumps Incorporated;18;2;Largo;;
13674;Punch Trailers;14;2;Largo;;
6530;Purdy Adventure Teardrop Trailers Llc;37;5;Largo;;
2675;Purdybilt;9;1;Medio;;
12952;Pure;4;1;Corto;;
2578;Pure Hell;9;2;Medio;;
6598;Purgatory Towing Inc.;21;3;Largo;;
2584;Puro Remolque S.A. De C.V.;26;5;Largo;;
2677;Purple Chopper;14;2;Largo;;
4951;Purple Line Llc;15;3;Largo;;
8462;Pursuit;7;1;Medio;;
9324;Putnam Manufacturing;20;2;Largo;;
6334;Putzmeister;11;1;Largo;;
11876;Puviter;7;1;Medio;;
11525;Pwrw;4;1;Corto;;
5881;Pyramid;7;1;Medio;;
10531;Qc Cart Craft Llc;17;4;Largo;;
2685;Qianjiang Motorcycles;21;2;Largo;;
13069;Qijue;5;1;Medio;;
2592;Qingdao Singamas;16;2;Largo;;
2696;Qingqi;6;1;Medio;;
2703;Qingqi Group Ningbo Rhon Motorcycle;35;5;Largo;;
4819;Qipai;5;1;Medio;;
11535;Qjmotor;7;1;Medio;;
13591;Qjtec;5;1;Medio;;
10111;Qmc Cranes;10;2;Largo;;
2593;Qme;3;1;Corto;;
2722;Qps;3;1;Corto;;
14095;Qronge;6;1;Medio;;
9972;Qsb Trailers;12;2;Largo;;
10563;Qtc;3;1;Corto;;
8778;Quadra Manufacturing;20;2;Largo;;
2598;Qualitech;9;1;Medio;;
6335;Quality Building Systems, L.L.C.;32;4;Largo;;
10185;Quality Cargo;13;2;Largo;;
2710;Quality Concession Trailers;27;3;Largo;;
9108;Quality Craft Corp.;19;3;Largo;;
8008;Quality Discount Trailers;25;3;Largo;;
8583;Quality Electric Systems;24;3;Largo;;
2712;Quality Industrial Construction;31;3;Largo;;
2713;Quality Machine Company;23;3;Largo;;
8164;Quality Manufacturing Co;24;3;Largo;;
2717;Quality Manufacturing Corporation;33;3;Largo;;
8165;Quality Modular Structures;26;3;Largo;;
3478;Quality Performance Trailers;28;3;Largo;;
7131;Quality Products;16;2;Largo;;
2725;Quality Rebuilt Autos & Manufacturing;37;5;Largo;;
6310;Quality Specialty Products;26;3;Largo;;
6476;Quality Specialty Trailers;26;3;Largo;;
2728;Quality Steel & Aluminum Products;33;5;Largo;;
14012;Quality Tow, Llc;16;3;Largo;;
7991;Quality Trailer & Rv'S;22;4;Largo;;
2730;Quality Trailer Enterprises;27;3;Largo;;
2743;Quality Trailers Inc;20;3;Largo;;
11268;Quality Trailers Ohio, Inc.;27;4;Largo;;
10861;Quality Trailers, Inc.;22;3;Largo;;
8126;Quality Truck Bodies & Repair, Inc;34;6;Largo;;
2750;Quality Welding & Fabrication, Inc.;35;5;Largo;;
6168;Quality Welding Service Inc;27;4;Largo;;
2736;Qualitytrailer Manufactury, Inc.;32;3;Largo;;
2617;Quantum Leap;12;2;Largo;;
10912;Quantum-Xe;10;1;Largo;;
2619;Quantya Sa;10;2;Largo;;
7645;Queens Motor Company;20;3;Largo;;
479;Quest Manufacturing;19;2;Largo;;
4328;Quick Silver Custom Trailers;28;4;Largo;;
11407;Quickloadz;10;1;Largo;;
4590;Quickloadz Container Delivery System;36;4;Largo;;
4551;Quik Manufacturing Dba Qmc;26;4;Largo;;
2622;Quitman Tank Solutions, Llc.;28;4;Largo;;
2634;Quixote Mm Llc;14;3;Largo;;
2637;Qunsheng Group;14;2;Largo;;
11528;Qwf;3;1;Corto;;
7587;Qws Trailer Inc.;16;3;Largo;;
8166;"R "" 2"" Ltd";10;4;Largo;;
2679;R & A Manufacturing;19;4;Largo;;
7730;R & B Aluminum Fabricators;26;5;Largo;;
2640;R & B Industries;16;4;Largo;;
2642;R & D Baker Trailers;20;5;Largo;;
7912;R & D Design And Fabrication;28;6;Largo;;
10397;R & H;5;3;Medio;;
2647;R & H Specialties;17;4;Largo;;
9994;R & J Builders Of Aiken, S.C., Inc.;35;8;Largo;;
7308;R & J Trading;13;4;Largo;;
2651;R & J Trailers;14;4;Largo;;
7439;R & J Trailers, Inc.;20;5;Largo;;
8908;R & K Precision Grind;21;5;Largo;;
2769;R & M Trailer Mfg. Inc.;23;6;Largo;;
5774;R & R;5;3;Medio;;
6342;R & R Custom Trailers & Parts Inc;33;8;Largo;;
8051;R & R Farms, Mfg;16;5;Largo;;
8123;R & R Welding;13;4;Largo;;
13751;R & S;5;3;Medio;;
2654;R & W Enterprises;17;4;Largo;;
9497;R And I Holdings, Inc;21;5;Largo;;
13226;R And R;7;3;Medio;;
9237;R And S Trailers Inc.;21;5;Largo;;
12486;R E V;5;3;Medio;;
2656;R Jenkins Trailers;18;3;Largo;;
11706;R Tiny Homes Llc;16;4;Largo;;
11634;R Venture;9;2;Medio;;
2754;R Way Trailer;13;3;Largo;;
8662;R&B Fabrication;15;2;Largo;;
2763;R&D Machine Of Marlboro County;30;5;Largo;;
2752;R&D Precision Machine & Fab Inc;31;6;Largo;;
8558;R&D Trailer Service Dba Merlot Tarpaulin & Sidekit Mfg. Co. Inc.;64;11;Largo;;
11140;R&H;3;1;Corto;;
8674;R&J Industries, Plus Inc.;25;4;Largo;;
8808;R&J Trailers;12;2;Largo;;
6964;R&S Custom Cycles;17;3;Largo;;
2771;R&S Custom Trailers;19;3;Largo;;
2774;R&S Trailers;12;2;Largo;;
6383;R&W Trailers Inc;16;3;Largo;;
4338;R-Anell Housing Group;21;3;Largo;;
2695;R-Vision;8;1;Medio;;
9265;R-Way Corporation;17;2;Largo;;
2777;R. E. Plante Company;20;4;Largo;;
8945;R. M. Welding;13;3;Largo;;
6172;R.A.M. Trailers;15;2;Largo;;
9847;R.C. Lyon & Co. Llc.;20;5;Largo;;
7889;R.E. Prescott Co. Inc;21;4;Largo;;
7141;R.G. Hood Welding Service;25;4;Largo;;
8957;R.H. Manufacturing;18;2;Largo;;
9440;R.J. Cox Co.;12;3;Largo;;
2778;R.J. Stroup Tool And Die;24;5;Largo;;
2781;R.K. Cycles;11;2;Largo;;
2782;R.M. Johnson Company;20;3;Largo;;
7904;R.M. Warren Manufacturing;25;3;Largo;;
4337;R.N.R. Custom Cycles;20;3;Largo;;
12809;R.U.Trailer;11;1;Largo;;
9303;R.V. Mini Mart, Inc.;20;4;Largo;;
8334;R/C Scooters, Inc.;18;3;Largo;;
9245;Rab Trailer Manufacturers;25;3;Largo;;
10418;Rac;3;1;Corto;;
6496;Race City Rv Products, Llc.;27;5;Largo;;
6956;Race Coaches Llc;16;3;Largo;;
7844;Race Rigs & Trailers, L.L.C;27;5;Largo;;
5775;Race Tech;9;2;Medio;;
5286;Race Trailers;13;2;Largo;;
6923;Racemaster Engineering Tire And Performance;43;5;Largo;;
2784;Raceport Custom Trailers;24;3;Largo;;
11936;Racer Chaser;12;2;Largo;;
9986;Racersrig;9;1;Medio;;
11589;Racetek;7;1;Medio;;
2786;Racing Lizard Chopper;21;3;Largo;;
8839;Rackley Bilt Custom Trailers, Inc.;34;5;Largo;;
10913;Rad;3;1;Corto;;
10221;Rad Customs Central Florida Choppers;36;5;Largo;;
12674;Rad Dog Customs Motor Corp;26;5;Largo;;
11873;Rad Rydz;8;2;Medio;;
13458;Radiance;8;1;Medio;;
12997;Radiance Inc;12;2;Largo;;
2820;Radical Curves Custom Motorcycles;33;4;Largo;;
6449;Radioactive Cycles;18;2;Largo;;
7231;Radley Custom Trailers;22;3;Largo;;
11468;Raft Trailer;12;2;Largo;;
9961;Rage;4;1;Corto;;
2823;Rage'N, Inc.;12;2;Largo;;
2865;Raging Iron Choppers;20;3;Largo;;
5223;Raglan Industries Inc;21;3;Largo;;
9750;Railpod, Inc.;13;2;Largo;;
13492;Rain;4;1;Corto;;
8958;Rainbow Industries;18;2;Largo;;
2824;Rainbow Trailers Inc;20;3;Largo;;
8075;Rainier Enterprises;19;2;Largo;;
8544;Rainier Hydraulics, Inc.;24;3;Largo;;
2830;Rainier Truck And Chassis;25;4;Largo;;
5438;Raja Trailer;12;2;Largo;;
10898;Rally;5;1;Medio;;
6265;Rally Sport;11;2;Largo;;
4983;Rally Time;10;2;Largo;;
2832;Rallytime Trailers;18;2;Largo;;
496;Ram;3;1;Corto;;
5224;Ram Enterprises, Llc;20;3;Largo;;
8069;Ram Fabrication;15;2;Largo;;
9050;Ram Oem Trailer;15;3;Largo;;
2834;Ram Transcorp;13;2;Largo;;
6177;Ram-Lin;7;1;Medio;;
10509;Rambler;7;1;Medio;;
5883;Ramika;6;1;Medio;;
7405;Ramirez;7;1;Medio;;
6173;Ramp Age Trailer Co.;20;4;Largo;;
3391;Ramp Champ;10;2;Largo;;
4827;Rampless;8;1;Medio;;
4952;Rampless Motorcycle Trailers;28;3;Largo;;
5559;Ramptek;7;1;Medio;;
12487;Ramsa;5;1;Medio;;
2837;Ramsey Fabrication;18;2;Largo;;
6431;Ramshorn Welding;16;2;Largo;;
5492;Ramvac;6;1;Medio;;
6200;Rance Aluminum Fabrication Inc;30;4;Largo;;
12124;Ranch Land Solutions;20;3;Largo;;
7885;Rancher Trailer Company, Inc.;29;4;Largo;;
6657;Randco Tanks;12;2;Largo;;
9263;Randi And Assoc. Corp. Dba Trans Spec;37;7;Largo;;
11702;Randon;6;1;Medio;;
11865;Randon North America Llc;24;4;Largo;;
5884;Range;5;1;Medio;;
7635;Ranger;6;1;Medio;;
2839;Ranger Boat;11;2;Largo;;
11234;Ranger Trailer;14;2;Largo;;
2843;Ranger Trailers;15;2;Largo;;
2849;Rankin Industries;17;2;Largo;;
11801;Rankins Uniques;15;2;Largo;;
2859;Ransom Motorsports;18;2;Largo;;
12484;Rap;3;1;Corto;;
11543;Rap / R Antonio’S P;19;5;Largo;;
8686;Rapid Hook Transportation Systems Inc.;38;5;Largo;;
2862;Rapid Power;11;2;Largo;;
7505;Rapid Tool & Equipment;22;4;Largo;;
10362;Raptor;6;1;Medio;;
10991;Raptor Design & Engineering Llc;31;5;Largo;;
12902;Raptor Mfg.;11;2;Largo;;
2869;Ras Internation Llc;19;3;Largo;;
2876;Rat King Kustomz Motorcycle;27;4;Largo;;
2874;Rat King Kustomz Trailer;24;4;Largo;;
2882;Rat Race Trikes;15;3;Largo;;
6204;Rat Trailer Mfg;15;3;Largo;;
10439;Rattlecan;9;1;Medio;;
6532;Raven Motorcycle;16;2;Largo;;
12985;Ravenna Boat Works;18;3;Largo;;
2885;Raw Iron Choppers;17;3;Largo;;
13227;Rawatron;8;1;Medio;;
7580;Rawmaxx;7;1;Medio;;
11983;Rawrr;5;1;Medio;;
9256;Ray Gaskin Service;18;3;Largo;;
2901;Ray'S Body Shop;15;3;Largo;;
2905;Ray'S Custom Trailers;21;3;Largo;;
14118;Ray-Tech Infrared;17;2;Largo;;
7050;Rayco;5;1;Medio;;
11396;Rayco Trailers;14;2;Largo;;
8829;Rayfab Inc.;11;2;Largo;;
2887;Raymond'S Utility Trailers;26;3;Largo;;
2892;Rayner Equipment Systems;24;3;Largo;;
13661;Raystar;7;1;Medio;;
5379;Rayttle;7;1;Medio;;
2912;Razorback Industries;20;2;Largo;;
2923;Rb Components;13;2;Largo;;
4999;Rb Fabrication Llc;18;3;Largo;;
2924;Rb Trailer Manufacturing;24;3;Largo;;
10228;Rbd;3;1;Corto;;
7543;Rbg Inc.;8;2;Medio;;
6161;Rc;2;1;Corto;;
4365;Rc Motorsports;14;2;Largo;;
9807;Rc Trailers;11;2;Largo;;
5509;Rcm;3;1;Corto;;
12009;Rcm Manufacturing;17;2;Largo;;
5387;Rcm Motorcycles;15;2;Largo;;
13003;Rco;3;1;Corto;;
12086;Rd Trailers;11;2;Largo;;
12499;Rdb;3;1;Corto;;
13915;Rdm Enterprises;15;2;Largo;;
8841;Rdm Products;12;2;Largo;;
14108;Rdtrailer;9;1;Medio;;
2925;Rdvehicles;10;1;Largo;;
7192;Re-Tech;7;1;Medio;;
2926;Ready Customs;13;2;Largo;;
11475;Ready2Go;8;1;Medio;;
10596;Readyfab;8;1;Medio;;
5750;Real-Lite;9;1;Medio;;
7954;Reality'S Edge Inc.;19;3;Largo;;
13189;Reansol;7;1;Medio;;
7831;Rears Manufacturing Co.;23;3;Largo;;
2928;Rebel Custom Trailers;21;3;Largo;;
2930;Rebel Equipment;15;2;Largo;;
4655;Rebel Manufacturing;19;2;Largo;;
9008;Rebel Manufacturing Inc.;24;3;Largo;;
5432;Rebel West;10;2;Largo;;
4362;Rebell Innovation;17;2;Largo;;
5885;Rebuilders & Sandblasters, Inc;30;4;Largo;;
12608;Recamza;7;1;Medio;;
10371;Reconnect;9;1;Medio;;
10458;Reconview;9;1;Medio;;
12561;Rectangle;9;1;Medio;;
2974;Red Baron Choppers;18;3;Largo;;
2990;Red Baron Motors;16;3;Largo;;
2981;Red Baron Trailers;18;3;Largo;;
7590;Red Dawg Trailers;17;3;Largo;;
5365;Red Ewald;9;2;Medio;;
5135;Red Fern Dynamics;17;3;Largo;;
2994;Red Horse Motorworks;20;3;Largo;;
8426;Red Hot Customs;15;3;Largo;;
10660;Red Mountain;12;2;Largo;;
3014;Red Oak Mfg;11;3;Largo;;
8078;Red Ox;6;2;Medio;;
8077;Red Rhino;9;2;Medio;;
7682;Red Rhino Manufacturing;23;3;Largo;;
5886;Red River;9;2;Medio;;
11700;Red River Fabrication;21;3;Largo;;
7235;Red River M Trailer Sales;25;5;Largo;;
10145;Red Rock Trailer Mfg, Llc;25;5;Largo;;
13298;Red Runner Processors;21;3;Largo;;
14004;Redeemed Trailers;17;2;Largo;;
5393;Redi-Haul;9;1;Medio;;
2997;Redland Manufacturing Company;29;3;Largo;;
7564;Redline;7;1;Medio;;
11743;Redline Custom Trailers / Crownline;35;5;Largo;;
11740;Redline Custom Trailers / Redline;33;5;Largo;;
4538;Redman Manufacturas, S.A. De C.V.;33;5;Largo;;
3000;Redman Welding & Trailer;24;4;Largo;;
11105;Redwood;7;1;Medio;;
4363;Redwood Metal Works;19;3;Largo;;
12636;Ree;3;1;Corto;;
3004;Reeb Manufacturing;18;2;Largo;;
10128;Reed;4;1;Corto;;
6735;Reed'S Welding Inc;18;3;Largo;;
11280;Reede;5;1;Medio;;
13447;Reel Deal Trailers;18;3;Largo;;
8614;Reel Ez Trailers;16;3;Largo;;
3007;Reelstrong Inc;14;2;Largo;;
10372;Reeves Welding;14;2;Largo;;
13446;Reflex;6;1;Medio;;
9757;Refuge Rock Trailers;20;3;Largo;;
3009;Regal Mobile Solutions, Llc;27;4;Largo;;
13267;Regal Raptor;12;2;Largo;;
13083;Rehab Garage;12;2;Largo;;
3013;Rehme Manufacturing;19;2;Largo;;
2793;Reid'S Trailer;14;2;Largo;;
13148;Reign;5;1;Medio;;
2794;Reilley Welding & Metal Fabrication;35;5;Largo;;
9030;Reilly Incorporated;19;2;Largo;;
13332;Reinco;6;1;Medio;;
7228;Reinco Inc;10;2;Largo;;
2795;Reinert Mfg.;12;2;Largo;;
2796;Reinke Manufacturing Company, Inc;33;4;Largo;;
5101;Reiser;6;1;Medio;;
5594;Reitnouer Inc;13;2;Largo;;
3377;Reitz'S Custom Trailers;23;3;Largo;;
1520;Reliance;8;1;Medio;;
10678;Reliance Repair;15;2;Largo;;
13195;Reliance Trailer;16;2;Largo;;
2797;Reliance Trailer Sales;22;3;Largo;;
8179;Reliance Trailers;17;2;Largo;;
11546;Reliance, Alloy, Comet, Sturdyweld;34;4;Largo;;
5002;Relic Custom Trailers, Llc;26;4;Largo;;
11130;Remackel Trailers;17;2;Largo;;
11397;Remeq;5;1;Medio;;
7499;Remolques Agamar C.A.;21;3;Largo;;
11859;Remolques Del Corredr;21;3;Largo;;
2798;Remolques Di-Kar;16;2;Largo;;
12011;Remolques El Aguila 602;23;4;Largo;;
2799;Remolques Enmar;15;2;Largo;;
13347;Remolques Ftm De Monclova;25;4;Largo;;
11840;Remolques Guha;14;2;Largo;;
4683;Remolques Narizon;17;2;Largo;;
12423;Remolques Qusem;15;2;Largo;;
11839;Remolques San Juan;18;3;Largo;;
10815;Remolsa Remolques Saldua;24;3;Largo;;
8112;Remorques;9;1;Medio;;
8487;Remorques Action Air Trailers International Inc.;48;6;Largo;;
13652;Remorques Packet Inc.;21;3;Largo;;
11402;Remorques Savage;16;2;Largo;;
6313;Renaissance;11;1;Largo;;
7715;Renaldo Sales & Service Inc;27;5;Largo;;
13647;Renault;7;1;Medio;;
7015;Renco;5;1;Medio;;
12574;Rendon Trailers;15;2;Largo;;
9878;Renegade;8;1;Medio;;
2800;Renegade Motorcycles;20;2;Largo;;
10729;Renegade Trailers Llc;21;3;Largo;;
9697;Rennworks Trailers Manufacturing;32;3;Largo;;
11031;Rental Trailers;15;2;Largo;;
5879;Replica Mini Trailer;20;3;Largo;;
2801;Repoman Choppers;16;2;Largo;;
11106;Residence;9;1;Medio;;
5378;Respo;5;1;Medio;;
2802;Retesa;6;1;Medio;;
9581;Retract-O-Craft, Inc.;21;2;Largo;;
11107;Retreat;7;1;Medio;;
1819;Retriever Motorcycles;21;2;Largo;;
10251;Retriever Trailers;18;2;Largo;;
11749;Retro;5;1;Medio;;
10643;Retro Ride Teardrop;19;3;Largo;;
12718;Retroride;9;1;Medio;;
2803;Retting Enterprises, Inc. Dba Retco;35;5;Largo;;
6314;Retzer Custom Design Trailers;29;4;Largo;;
9601;Reube'S Welding;15;2;Largo;;
12448;Rev;3;1;Corto;;
6426;Revel 42;8;2;Medio;;
11059;Revel Off Grid;14;3;Largo;;
4859;Revology;8;1;Medio;;
12474;Revolution Built;16;2;Largo;;
7654;Revolution Cycle Company;24;3;Largo;;
7661;Revtech Industries;18;2;Largo;;
13169;Revue;5;1;Medio;;
7720;Rewaco;6;1;Medio;;
2804;Rewaco Spezialfahrzeuge Gmbh Dba Rewaco;39;5;Largo;;
13709;Reward Catering Ltd;19;3;Largo;;
2805;Rexhall Industries, Inc.;24;3;Largo;;
6315;Rexmont Products, L.L.C.;24;3;Largo;;
13666;Rexton Trailers;15;2;Largo;;
9346;Rexworks, Inc.;14;2;Largo;;
12756;Rey Cargo;9;2;Medio;;
5887;Rezner;6;1;Medio;;
14106;Rfn;3;1;Corto;;
14000;Rgm;3;1;Corto;;
11893;Rgn Manufacturing;17;2;Largo;;
11378;Rgr Trailers;12;2;Largo;;
10822;Rgs;3;1;Corto;;
11587;Rgv Trailer Sales, Llc;22;4;Largo;;
2806;Rhc Specialni Privesy;21;3;Largo;;
9091;Rhea'S Trailer Sales, Inc.;26;4;Largo;;
6410;Rhino;5;1;Medio;;
12923;Rhino Building;14;2;Largo;;
12686;Rhino Chassis;13;2;Largo;;
8015;Rhino Corporation;17;2;Largo;;
11066;Rhino Food;10;2;Largo;;
4368;Rhino Marine;12;2;Largo;;
6316;Rhino Metals Inc;16;3;Largo;;
2807;Rhino Motorcycles;17;2;Largo;;
8875;Rhino Services Llc;18;3;Largo;;
2808;Rhino Trailers;14;2;Largo;;
9962;Rhino Trailers Llc;18;3;Largo;;
10637;Rhino, Prime Cargo;18;3;Largo;;
3235;Rhm;3;1;Corto;;
13683;Rhyno;5;1;Medio;;
2809;Ricco Trailers S.A. De C.V.;27;5;Largo;;
5888;Rice;4;1;Corto;;
2810;Rice Trailer;12;2;Largo;;
8107;Rice Trailers;13;2;Largo;;
7516;Rich'S Vacation Cottages;24;3;Largo;;
2811;Richard Carter Mfg.;19;3;Largo;;
7630;Richard Glaves;14;2;Largo;;
8315;Richardson Rice Trailers Ltd;28;4;Largo;;
8134;Richcreek Muffler, Inc;22;3;Largo;;
2812;Richway Industries;18;2;Largo;;
1338;Rick'S Fabrication & Design;27;4;Largo;;
10352;Ricks Truck And Trailer Repair;30;5;Largo;;
12659;Riddle Metal Works;18;3;Largo;;
12552;Ride;4;1;Corto;;
10835;Ride On Ride Off;16;4;Largo;;
2813;Ride-Rite Motorcycle Trailers;29;3;Largo;;
3523;Ridge & Valley Metalcraft;25;4;Largo;;
2814;Ridge Runner Trailers;21;3;Largo;;
10060;Ridgefield Custom Trailers;26;3;Largo;;
12868;Ridgeline;9;1;Medio;;
2815;Ridgestone Cabins;17;2;Largo;;
6235;Ridgeview Racing Inc;20;3;Largo;;
13210;Ridgeway;8;1;Medio;;
6236;Ridley;6;1;Medio;;
2816;Riecher'S Truck Body & Equipment;32;5;Largo;;
2817;Rief Design & Manufacturing;27;4;Largo;;
13199;Rif Performance;15;2;Largo;;
2818;Rig Works;9;2;Medio;;
12305;Riit;4;1;Corto;;
7523;Riley Design & Fabrication;26;4;Largo;;
2933;Riley Technologies;18;2;Largo;;
11586;Rileybilt;9;1;Medio;;
11921;Rimac;5;1;Medio;;
2934;Ring-O-Matic Manufacturing Co.;30;3;Largo;;
5408;Ringo;5;1;Medio;;
5889;Ringtown;8;1;Medio;;
12203;Rinnai;6;1;Medio;;
7143;Rioned;6;1;Medio;;
2935;Ripple Effects;14;2;Largo;;
8396;Rising Star Trailers;20;3;Largo;;
2936;Risk Investments Dba Vanderhoff Speed And Chrome;48;7;Largo;;
13946;Rite-Way;8;1;Medio;;
13926;Rival;5;1;Medio;;
12887;River Basin;11;2;Largo;;
2937;River Bend Choppers;19;3;Largo;;
2938;River Depot;11;2;Largo;;
12665;River Rider;11;2;Largo;;
5108;River Rim Teardrops, Llc;24;4;Largo;;
6328;River Run Enterprises, Inc.;27;4;Largo;;
4664;River Steel;11;2;Largo;;
7249;River Valley Sales;18;3;Largo;;
4909;River Valley Trailer Llc;24;4;Largo;;
2939;Riverbed;8;1;Medio;;
2941;Riverbend Equipment Leasing;27;3;Largo;;
13731;Rivercraft;10;1;Largo;;
13904;Rivers Edge Boatworks;21;3;Largo;;
2944;Riverside Cruiser;17;2;Largo;;
6329;Riverside Hitch & Trailer;25;4;Largo;;
2945;Riverside Rv;12;2;Largo;;
2946;Riverside Travel Trailer;24;3;Largo;;
4587;Riverside Welding And Fabrication;33;4;Largo;;
5445;Riverview Manufacturing Inc;27;3;Largo;;
2947;Riverwolf Boats;15;2;Largo;;
10887;Rivian;6;1;Medio;;
12667;Rizon;5;1;Medio;;
5388;Rj Distribution Inc.;20;3;Largo;;
13673;Rj Trailers;11;2;Largo;;
6331;Rjk&H Inc;9;2;Medio;;
8127;Rkb Inc.;8;2;Medio;;
10392;Rks;3;1;Corto;;
11020;Rlc Welding;11;2;Largo;;
11917;Rm Thune Llc;12;3;Largo;;
10358;Rmart;5;1;Medio;;
6295;Rmc;3;1;Corto;;
2948;Rmd Technologies;16;2;Largo;;
13423;Rmf;3;1;Corto;;
13388;Rms;3;1;Corto;;
11040;Rms Trailers;12;2;Largo;;
2949;Ro Drift Boats;14;3;Largo;;
11649;Ro-Me;5;1;Medio;;
11874;Ro7;3;1;Corto;;
3066;Road Boss Trailer Mfg.;22;4;Largo;;
9428;Road Boss Trailers, Inc.;24;4;Largo;;
7376;Road Builders Trailers;22;3;Largo;;
11515;Road Dog;8;2;Medio;;
8601;Road Dog Trailers;17;3;Largo;;
3065;Road King Trailers;18;3;Largo;;
3064;Road King Trailers Of Florida;29;5;Largo;;
3063;Road Rash Trailers;18;3;Largo;;
8962;Road Ready Trailers, Inc.;25;4;Largo;;
6332;Road Runner;11;2;Largo;;
11884;Road Tramps Mc;14;3;Largo;;
3715;Road Truck Engineering;22;3;Largo;;
3062;Road Warrior Sports Llc;23;4;Largo;;
9987;Roadclipper Enterprises, Inc.;29;3;Largo;;
7069;Roadhog Trailer Mfg;19;3;Largo;;
14113;Roadhound;9;1;Medio;;
12664;Roadhouse Cycles;16;2;Largo;;
3061;Roadman Campers;15;2;Largo;;
2476;Roadmaster;10;1;Largo;;
7056;Roadmaster Industries, Inc;26;3;Largo;;
4396;Roadmaster Llc;14;2;Largo;;
7370;Roadmaster Motor Cycles, Inc;28;4;Largo;;
10629;Roadrunner;10;1;Largo;;
8293;Roadrunner Mfg. Llc;19;3;Largo;;
13692;Roadrunner Teardrops;20;2;Largo;;
3060;Roadrunner Trailers, Llc;24;3;Largo;;
4397;Roadstertec;11;1;Largo;;
3059;Roadway Utility Trailers;24;3;Largo;;
6333;Roadworks Manufacturing Inc;27;3;Largo;;
13550;Roam;4;1;Corto;;
9220;Roamer Corporation;18;2;Largo;;
3058;Roar Motorcycles Llc;20;3;Largo;;
9431;Rob'S Inc.;10;2;Largo;;
8244;Rob'S Welding & Fabrication;27;4;Largo;;
3057;Robb Technologies Llc;21;3;Largo;;
5283;Robbins Mfg.;12;2;Largo;;
6918;Robcol, Inc.;12;2;Largo;;
12287;Roberson Technologies Llc;25;3;Largo;;
4639;Robert Allen Mowery Ramco;25;4;Largo;;
3964;Robert E. King Equipment, Inc. Dba King Equipment Co.;53;9;Largo;;
3167;Robert L. Barr Enterprises, Inc. Dba Timeless Tear Drop Trailers;64;10;Largo;;
4470;Robert Van Fleet Dba Cash Wagons;32;6;Largo;;
13095;Roberts;7;1;Medio;;
8649;Roberts Auto Sales;18;3;Largo;;
8930;Roberts Metal Manufacturing Company;35;4;Largo;;
3168;Robin Construction;18;2;Largo;;
3169;Robinson Metal Inc. Dba Robinson Custom Enclosures;50;7;Largo;;
3170;Robinson Vacuum Tanks;21;3;Largo;;
9178;Robison Manufacturing Trailer Sales;35;4;Largo;;
10431;Robson Xtt;10;2;Largo;;
9363;Rochelle Steel Fabricating, Inc.;32;4;Largo;;
11883;Rock And Roll Trailers;22;4;Largo;;
3171;Rock Bottom Choppers;20;3;Largo;;
3172;Rock City Trailers;18;3;Largo;;
13218;Rock Climber;12;2;Largo;;
6432;Rock Creek Custom Trailer Inc.;30;5;Largo;;
3173;Rock Island Manufacturing;25;3;Largo;;
4308;Rock Line Products;18;3;Largo;;
5891;Rock Rapids Repair;18;3;Largo;;
8360;Rock Solid Cargo;16;3;Largo;;
6244;Rock-N Diamond;14;2;Largo;;
3174;Rockandrod Llc Dba Terrain Campers;34;5;Largo;;
12507;Rockbar;7;1;Medio;;
13555;Rockbuilt Trailers;18;2;Largo;;
4309;Rockem & Sockem Motorcycle;26;4;Largo;;
13746;Rocket;6;1;Medio;;
8809;Rocket City Cycles;18;3;Largo;;
6245;Rocket Fiberglass;17;2;Largo;;
5539;Rocket International, Inc.;26;3;Largo;;
11636;Rocket Marine;13;2;Largo;;
579;Rocket Rogers Victory Old 97 Choppers;37;6;Largo;;
3176;Rocket Sled Motors;18;3;Largo;;
12752;Rocketruck, Inc.;16;2;Largo;;
9292;Rockin H;8;2;Medio;;
12117;Rockin' S Trailer;17;3;Largo;;
6246;Rocking Chair Manufacturing;27;3;Largo;;
6814;Rocking R Enterprises Inc;25;4;Largo;;
4310;Rockland Coach Works;20;3;Largo;;
3177;Rockland Custom Trailers;24;3;Largo;;
4613;Rockwood;8;1;Medio;;
7474;Rocky Atv Trailers Inc;22;4;Largo;;
10686;Rocky Mountain Chalet;21;3;Largo;;
3178;Rocky Mountain Choppers;23;3;Largo;;
3179;Rocky Mountain Manufacturing;28;3;Largo;;
3180;Rocky Mountain Trailer Company;30;4;Largo;;
3181;Rocky Mountain Trailers;23;3;Largo;;
3182;Rocky Mountain Welding & Fabricating;36;5;Largo;;
7888;Rocky Top Trailers;18;3;Largo;;
3183;Rod Chomper;11;2;Largo;;
10023;Rod Iron Custom;15;3;Largo;;
9032;Rodco Manufacturing Incorporated;32;3;Largo;;
3184;Rods & Rides By Td;18;5;Largo;;
3185;Roehr Motorcycles;17;2;Largo;;
13641;Rog;3;1;Corto;;
11828;Rog/Venu;8;1;Medio;;
3186;Roger King Dba Myers Welding;28;5;Largo;;
10226;Rogers;6;1;Medio;;
13119;Rogers Welding;14;2;Largo;;
10566;Rogue;5;1;Medio;;
7578;Rogue Choppers;14;2;Largo;;
8810;Rogue Industries, Inc.;22;3;Largo;;
13296;Rogue Truck Body;16;3;Largo;;
6237;Rohr Mfg. Group, Inc.;21;4;Largo;;
12710;Roi Specialties Llc;19;3;Largo;;
3187;Roketa;6;1;Medio;;
13524;Rokit;5;1;Medio;;
4763;Rokon;5;1;Medio;;
3188;Roland Curtains U.S.A.;22;3;Largo;;
2390;Rolco Trailers;14;2;Largo;;
4311;Roll-A-Home;11;1;Largo;;
10139;Rollies Trailers;16;2;Largo;;
13011;Rollin Kitchens Llc;19;3;Largo;;
8852;Rollin' Custom Cycle;20;3;Largo;;
4312;Rollin-S Trailers;17;2;Largo;;
9946;Rolling Acres Cabins;20;3;Largo;;
3189;Rolling Boat;12;2;Largo;;
3190;Rolling Industries;18;2;Largo;;
3191;Rolling Thunder;15;2;Largo;;
3192;Rollingstar Manufacturing;25;2;Largo;;
3193;Rollinoak;9;1;Medio;;
3194;Rolloff Systems;15;2;Largo;;
3195;Rollon Trailer Corporation;26;3;Largo;;
8084;Rollrite Trailer Manufacturing;30;3;Largo;;
6238;Rolls Rite Trailers Inc;23;4;Largo;;
445;Rolls-Royce;11;1;Largo;;
3196;Rollz Fabrication;17;2;Largo;;
3197;Roman Wrosz Dba Romans Design;29;5;Largo;;
12070;Romarco;7;1;Medio;;
2961;Ron'S Trailers;14;2;Largo;;
6503;Ron'S Trailers, Inc.;20;3;Largo;;
3198;Ronald J. Menard Dba Ron'S Fix-It Shop;38;7;Largo;;
8062;Ronco Trailer, Inc;18;3;Largo;;
3199;Rondar Raceboats;16;2;Largo;;
6568;Ronnie Akery Welding;20;3;Largo;;
3002;Ronred Customs;14;2;Largo;;
2963;Ronson Mfg;10;2;Largo;;
9355;Roose Manufacturing Co.;23;3;Largo;;
2965;Rooster Custom Cycles;21;3;Largo;;
6545;Roper Manufacturing;19;2;Largo;;
11797;Roque Trailers Llc;18;3;Largo;;
9861;Rosa;4;1;Corto;;
11850;Rose City Canopy Inc.;21;4;Largo;;
9609;Rose Welding & Trailers;23;4;Largo;;
2970;Roseburg Trailer Works;22;3;Largo;;
11696;Rosenbauer;10;1;Largo;;
9893;Rosenbauer Arff;15;2;Largo;;
9894;Rosenbauer Chassis;18;2;Largo;;
9890;Rosenbauer Minnesota;20;2;Largo;;
5358;Rosenbauer Motors,Llc;21;2;Largo;;
9892;Rosenbauer Nebraska;19;2;Largo;;
9891;Rosenbauer South Dakota;23;3;Largo;;
5766;Rosewood;8;1;Medio;;
8564;Ross Hill Llc;13;3;Largo;;
2972;Ross Motorcycles;16;2;Largo;;
4603;Ross Technology Corporation;27;3;Largo;;
11229;Rostam;6;1;Medio;;
10389;Rotair;6;1;Medio;;
12930;Roto-Mix;8;1;Medio;;
12545;Rotofab Inc;11;2;Largo;;
2977;Rough V.A.C. Trailers;21;3;Largo;;
10644;Roughcut;8;1;Medio;;
3125;Round 2 Motorcycles;19;3;Largo;;
12084;Round House;11;2;Largo;;
3126;Route 6 Trailers;16;3;Largo;;
7511;Route Sixty Six Motorcycles Llc;31;5;Largo;;
13856;Route17;7;1;Medio;;
5225;Route2Trailers.Com;18;1;Largo;;
11997;Rove Lite;9;2;Medio;;
10652;Rover;5;1;Medio;;
10459;Roving Pony Campers;19;3;Largo;;
12242;Rowamerica;10;1;Largo;;
7803;Roy'S Custom Trailers Inc;25;4;Largo;;
9831;Royal Alloy;11;2;Largo;;
11459;Royal Bengal Engineering;24;3;Largo;;
12491;Royal Built;11;2;Largo;;
6582;Royal Cargo, Llc;16;3;Largo;;
12143;Royal Carts;11;2;Largo;;
10700;Royal Electric Vehicle;22;3;Largo;;
3128;Royal Enfield;13;2;Largo;;
10600;Royal Enfield Highway Motorcycle;32;4;Largo;;
10662;Royal Enfield Highway Motorcycle And J Product Family;53;8;Largo;;
4818;Royals;6;1;Medio;;
10902;Royalty Fabrication, Llc.;25;3;Largo;;
10545;Royco;5;1;Medio;;
2911;Roygatti;8;1;Medio;;
11980;Rpb;3;1;Corto;;
13705;Rpg Brands;10;2;Largo;;
5299;Rpm;3;1;Corto;;
4315;Rpm Custom Choppers;19;3;Largo;;
13105;Rrev;4;1;Corto;;
11658;Rrr;3;1;Corto;;
13078;Rrr (Triple R);14;3;Largo;;
12172;Rs;2;1;Corto;;
9740;Rs Manufacturing;16;2;Largo;;
6263;Rs Spider;9;2;Medio;;
13074;Rs Universal Manufactura;24;3;Largo;;
13938;Rsrct;5;1;Medio;;
3132;Rssi Barriers;13;2;Largo;;
14099;Rsts Trailers;13;2;Largo;;
3237;Rta Trailers;12;2;Largo;;
5597;Rtd Manufacturing;17;2;Largo;;
6404;Rtdi;4;1;Corto;;
3133;Rtm Group;9;2;Medio;;
6797;Rtm Trailers;12;2;Largo;;
9981;Ru2 Systems, Inc.;17;3;Largo;;
13817;Rude Boy;8;2;Medio;;
5226;Rude Dog Trailers;17;3;Largo;;
4347;Rudes Riggs;11;2;Largo;;
6206;Rudy'S Truck Body Repair;24;4;Largo;;
12550;Ruf;3;1;Corto;;
3137;Ruff & Tuff Electric Vehicles;29;5;Largo;;
3138;Ruffneck Custom Trailers;24;3;Largo;;
6388;Ruffneck Trailer Company, Inc.;30;4;Largo;;
12879;Rugged Tough Trailers;21;3;Largo;;
11292;Rugged Trailers;15;2;Largo;;
5227;Ruggedbilt-Usa, Inc;19;2;Largo;;
3141;Rullo Custom Cycles;19;3;Largo;;
4348;Run Roader;10;2;Largo;;
3143;Runaway Trailers;16;2;Largo;;
12187;Runhorse;8;1;Medio;;
11196;Rupp Overland Campers, Llc;26;4;Largo;;
13754;Rush;4;1;Corto;;
6207;Rush & Son Inc;14;4;Largo;;
3144;Rush Creek Welding And Manufacturing;36;5;Largo;;
9940;Russ Welding And Machine, Inc.;30;5;Largo;;
9341;Russell H Sonnenberg;20;3;Largo;;
3146;Russell Marlowe Custom Cycles;29;4;Largo;;
11342;Rustic Trail Campers;20;3;Largo;;
11927;Rustic Trail Rv;15;3;Largo;;
9667;Rutana;6;1;Medio;;
3148;Ruthless Motorcycle Company;27;3;Largo;;
3150;Rv Direct;9;2;Medio;;
12105;Rv Element, Llc;15;3;Largo;;
11036;Rva Carts;9;2;Medio;;
3151;Rvc Trailers;12;2;Largo;;
4349;Rvsquared;9;1;Medio;;
3228;Rw Welding;10;2;Largo;;
7853;Rwci, Inc.;10;2;Largo;;
3229;Rwn Contractors;15;2;Largo;;
11783;Rxv;3;1;Corto;;
4350;Ry-Chase;8;1;Medio;;
8132;Ryan Trailers;13;2;Largo;;
14055;Rydon;5;1;Medio;;
13617;Rydz;4;1;Corto;;
11924;Ryvid;5;1;Medio;;
6420;S & B Trailers;14;4;Largo;;
3244;S & C Trailer Sales & Manufacturer;34;7;Largo;;
7413;S & D Manufacturing;19;4;Largo;;
6211;S & J Mfg;9;4;Medio;;
9003;S & M Equipment Corp.;21;5;Largo;;
8992;S & R Industries;16;4;Largo;;
8119;S & R King;10;4;Largo;;
3260;S & S Lite Line;15;5;Largo;;
6208;S & S Manufacturing Inc;23;5;Largo;;
3250;S & S Trailer & Truck Equipment;31;7;Largo;;
8368;S & S Trailers;14;4;Largo;;
6209;S & S Welding;13;4;Largo;;
10308;S & S Welding, Inc.;19;5;Largo;;
6210;S & W Welding Inc;17;5;Largo;;
8161;S * S Company;13;4;Largo;;
3252;S And C Enterprises Of Tarboro;30;6;Largo;;
4351;S C Trailers;12;3;Largo;;
13580;S Outdoors;10;2;Largo;;
14075;S&G Trailers;12;2;Largo;;
13618;S&S Cable, Llc;14;3;Largo;;
9426;S&S Custom Trailers;19;3;Largo;;
3253;S&S Cycle;9;2;Medio;;
3246;S&S Motorsports;15;2;Largo;;
11521;S&S Trailers;12;2;Largo;;
3262;S&S Worldwide;13;2;Largo;;
4724;S&V Fabrication & Steel Llc;27;5;Largo;;
7383;S.A.P Trailers;14;2;Largo;;
9285;S.D. Pitman, Inc.;17;3;Largo;;
6220;S.D.P. Manufacturing Inc;24;3;Largo;;
3316;S.I.C. Choppers;15;2;Largo;;
9610;S.T.I;5;1;Medio;;
3318;S/C Choppers;12;2;Largo;;
13160;S3;2;1;Corto;;
572;Saab;4;1;Corto;;
11860;Saber;5;1;Medio;;
3319;Sabers Specialties;18;2;Largo;;
3325;Sabertooth;10;1;Largo;;
9626;Sabre Bus & Coach Corporation;29;5;Largo;;
9344;Sabre Luxury Coach Inc.;23;4;Largo;;
3333;Sabre Trailers;14;2;Largo;;
1840;Sacin;5;1;Medio;;
2606;Safari Condo;12;2;Largo;;
10399;Safe Room Designs;17;3;Largo;;
9384;Safe-Ride Trailers Inc.;23;3;Largo;;
9071;Safe-T-Pull Inc.;16;2;Largo;;
4354;Safe-T-Tank Corp.;17;2;Largo;;
3334;Safety Technologies;19;2;Largo;;
3336;Safety Trailers;15;2;Largo;;
12357;Saftcart;8;1;Medio;;
12882;Sag;3;1;Corto;;
11941;Sage;4;1;Corto;;
3337;Sage Industries;15;2;Largo;;
5372;Sage Oil Vac, Inc;17;4;Largo;;
8520;Sage Pump Services, Llc;23;4;Largo;;
12668;Saginaw Products Corporation;28;3;Largo;;
6629;Sai Gon Chan Phat Joint Stock Company;37;7;Largo;;
3338;Sail Trailers;13;2;Largo;;
6222;Sako Corporation;16;2;Largo;;
2726;Salboattransporter Trailers Llc;31;3;Largo;;
4355;Saleen;6;1;Medio;;
2732;Salsco Inc;10;2;Largo;;
2738;Salty'S Manufacturing, Ltd;26;3;Largo;;
6068;Salvation Trailers;18;2;Largo;;
5765;Sam'S;5;1;Medio;;
2757;Samhell Choppers;16;2;Largo;;
6223;Sammy;5;1;Medio;;
5892;Samson;6;1;Medio;;
7627;Samson Trailers Inc;19;3;Largo;;
6939;San Clemente Golf Carts;23;4;Largo;;
7302;San Diego Custom Trailer & Liquid Tank Mfg.;43;8;Largo;;
10010;San Jose Conservation Corps + Charter School;44;7;Largo;;
5637;San-Jo Trailer;14;2;Largo;;
7710;Sanchez And Son Manufacturing;29;4;Largo;;
4607;Sanchez Brothers Enterprises Inc.;33;4;Largo;;
2765;Sanchez Trailers;16;2;Largo;;
13797;Sand Shark Trailers;19;3;Largo;;
6296;Sand'S Welding Inc;18;3;Largo;;
7745;Sandbagger Corporation;22;2;Largo;;
5895;Sanden;6;1;Medio;;
7532;Sanders Trailer Service;23;3;Largo;;
6297;Sandpoint Custom Iron;21;3;Largo;;
2776;Sankepally Motor Company Llc;28;4;Largo;;
13765;Santana;7;1;Medio;;
3093;Santek Trailers;15;2;Largo;;
2780;Santiago Chopper Specialties, Llc;33;4;Largo;;
13157;Sany;4;1;Corto;;
2785;Sany Heavy Industry Co., Ltd;28;5;Largo;;
5320;Sanyou;6;1;Medio;;
8515;Sapper Trailers, Inc;20;3;Largo;;
2790;Sapphire Scientific;19;2;Largo;;
2791;Saratoga Custom Cycles;22;3;Largo;;
11063;Saro Camper;11;2;Largo;;
2792;Sas Group Llc;13;3;Largo;;
6229;Saskarc Industries Inc;22;3;Largo;;
11432;Sasquatch Campers;17;2;Largo;;
11659;Sasquatch Iii;13;2;Largo;;
10137;Satellite Industries Dba Satellite Suites;41;5;Largo;;
1056;Saturn;6;1;Medio;;
12576;Saturn Industries;17;2;Largo;;
10170;Saturn Machine & Welding Co Inc.;32;6;Largo;;
4356;Sauber Mfg. Co.;15;3;Largo;;
5893;Saucier'S Welding Inc;21;3;Largo;;
6427;Sauk Technologies;17;2;Largo;;
12808;Sauttis Llc;11;2;Largo;;
5783;Savage;6;1;Medio;;
4357;Savage Cycles;13;2;Largo;;
5719;Savannah;8;1;Medio;;
7982;Savannah Machine Shop & Loader Co;33;6;Largo;;
9634;Saw;3;1;Corto;;
12856;Saw Manufacturing;17;2;Largo;;
2846;Saw Manufacturing Llc;21;3;Largo;;
11791;Saws;4;1;Corto;;
10971;Sawtooth Cargo Carrier;22;3;Largo;;
13530;Sawyer Trailers;15;2;Largo;;
11374;Sawyer Trailers Llc;19;3;Largo;;
9752;Saxon Enterprises;17;2;Largo;;
4341;Saxon Motorcycle;16;2;Largo;;
13266;Sbs;3;1;Corto;;
12738;Sc Autosports;13;2;Largo;;
2857;Sc Trailers Inc.;16;3;Largo;;
12062;Scaf Pak;8;2;Medio;;
2866;Scag Giant-Vac;14;2;Largo;;
9865;Scag Power Equipment;20;3;Largo;;
5899;Scammell;8;1;Medio;;
10103;Scamp;5;1;Medio;;
9587;Scamper Canada Ltd.;19;3;Largo;;
5107;Scania;6;1;Medio;;
2873;Scar, Inc;9;2;Medio;;
2956;Scarab;6;1;Medio;;
9443;Scarab Manufacturing And Leasing, Inc.;38;5;Largo;;
2877;Sceadu Design;13;2;Largo;;
4358;Scelzi Equipment;16;2;Largo;;
2909;Scenic View Welding;19;3;Largo;;
11028;Scf Trailers;12;2;Largo;;
1013;Schaben Industries;18;2;Largo;;
2953;Schantz & Sons, Inc;19;4;Largo;;
7280;Schell Manufacturing;20;2;Largo;;
6259;Schien Trailers;15;2;Largo;;
2960;Schlagel Manufacturing Inc;26;3;Largo;;
10035;Schloer;7;1;Medio;;
2964;Schneller Manufacturing Inc.;28;3;Largo;;
5066;Schodorf;8;1;Medio;;
2969;Schoolhouse Motorcycle Accessories, Inc.;40;4;Largo;;
5900;Schoon Backhoe Service;22;3;Largo;;
2975;Schramm, Inc.;13;2;Largo;;
9796;Schroeder Machine;17;2;Largo;;
2985;Schuh Shop, Llc;15;3;Largo;;
3011;Schutt Industries;17;2;Largo;;
9226;Schutt'S Welding;16;2;Largo;;
7561;Schwartz, Indy, Inc.;20;3;Largo;;
3016;Schwartzkopf Exclusive Customs;30;3;Largo;;
3017;Schwarz'S Custom Trailers, Llc;30;4;Largo;;
7465;Schwarze Industries;19;2;Largo;;
8984;Schweigers Inc.;15;2;Largo;;
13504;Schwel;6;1;Medio;;
2676;Scona;5;1;Medio;;
12485;Scoobic;7;1;Medio;;
11158;Scooper Company;15;2;Largo;;
1994;Scooterbilt Manufacturing;25;2;Largo;;
12158;Scootercar;10;1;Largo;;
12917;Scorpion;8;1;Medio;;
3018;Scorpion Choppers;17;2;Largo;;
3020;Scorpion Choppers Inc.;22;3;Largo;;
7680;Scorpion Customs;16;2;Largo;;
3025;Scorpion Motorsports, Inc.;26;3;Largo;;
13132;Scorpion Rides;14;2;Largo;;
12299;Scorpion Trailers;17;2;Largo;;
13922;Scorpion Trailers Usa;21;3;Largo;;
9282;Scott Equipment Co.;19;3;Largo;;
8291;Scott Heavy Equipment, Inc.;27;4;Largo;;
8379;Scott Industry;14;2;Largo;;
3028;Scott Manufacturing, Inc;24;3;Largo;;
6260;Scott'S Custom Trailers;23;3;Largo;;
3039;Scott'S Insane Choppers;23;3;Largo;;
4589;Scott'S Welding & Fabrication;29;4;Largo;;
5293;Scotties;8;1;Medio;;
9026;Scottsman Manufacturing Co., Inc.;33;4;Largo;;
14112;Scotty D;8;2;Medio;;
12642;Scout;5;1;Medio;;
6261;Scranton Manufacturing Company Inc;34;4;Largo;;
4359;Scrap Iron Kustoms;18;3;Largo;;
10017;Screen-Led;10;1;Largo;;
3042;Scruggs Trailer & Equipment Wse Leasing, Inc.;45;7;Largo;;
9236;Scs Machine & Fabricating, Inc.;31;5;Largo;;
9759;Scuderia Cameron Glickenhaus (Scg);34;4;Largo;;
7761;Sculpture Cycles;16;2;Largo;;
10943;Sd Customs;10;2;Largo;;
10146;Sdl;3;1;Corto;;
11456;Sea;3;1;Corto;;
8303;Sea-Bow International Inc.;26;3;Largo;;
10927;Seagrave;8;1;Medio;;
11809;Seahisun;8;1;Medio;;
7398;Seahorse;8;1;Medio;;
6589;Sealcoaters Depot , Inc.;24;4;Largo;;
3047;Sealion Metal Fabricators;25;3;Largo;;
13986;Seangles;8;1;Medio;;
3049;Seattle Tiny Homes;18;3;Largo;;
6378;Sebasto Welding;15;2;Largo;;
5901;Sebring;7;1;Medio;;
5091;Sebring Auto-Cycle Inc.;23;3;Largo;;
4360;Second Trunk Trailers;21;3;Largo;;
11940;Second Wind Trailers Llc;24;4;Largo;;
10639;Security2Go;11;1;Largo;;
10045;Seed Cargo;10;2;Largo;;
13489;Seedcart;8;1;Medio;;
8283;Seedling Homes, Llc;19;3;Largo;;
11324;Segway;6;1;Medio;;
9176;Sei A Division Of Stovall Fab & Machine, Inc.;45;9;Largo;;
11674;Seismic;7;1;Medio;;
3050;Selec Trailers, Llc;19;3;Largo;;
5902;Self-Loading Systems;20;2;Largo;;
3051;Sellner Manufacturing Company;29;3;Largo;;
12001;Sels;4;1;Corto;;
3165;Semeredy Imperial;17;2;Largo;;
9794;Semiremolques El Paisano;24;3;Largo;;
3166;Semiremolques El Puma;21;3;Largo;;
11131;Senling;7;1;Medio;;
11247;Sentinel Trailers;17;2;Largo;;
13280;Sequoiacat;10;1;Largo;;
10297;Sequor Trailer;14;2;Largo;;
8734;Sequoyah Trailer Sales Inc.;27;4;Largo;;
11808;Serendipitous Endeavors / Natura;32;4;Largo;;
11302;Serf-Rite;9;1;Medio;;
3209;Service King Manufacturing;26;3;Largo;;
7066;Services & Materials Company;28;4;Largo;;
4849;Setra;5;1;Medio;;
14078;Setri Barrel Saunas;19;3;Largo;;
3211;Seven Custom Cycles;19;3;Largo;;
3219;Severe Trailers;15;2;Largo;;
13250;Sevic;5;1;Medio;;
5493;Sewer Equipment Co. Of America;30;5;Largo;;
8308;Sexton Customs;14;2;Largo;;
9515;Sexton Incorporated;19;2;Largo;;
5903;Seymour Welding;15;2;Largo;;
9720;Sf Motors Inc.;14;3;Largo;;
3213;Sfc Industries;14;2;Largo;;
3214;Sfs Truck Sales;15;3;Largo;;
11549;Sg Echo;7;2;Medio;;
11600;Sg Trailer Sales And Rentals;28;5;Largo;;
13980;Sg Trailers;11;2;Largo;;
3217;Sh Distributing;15;2;Largo;;
5228;Shaddo International;20;2;Largo;;
12394;Shade Haven;11;2;Largo;;
8185;Shadetree Automotive Equipment;30;3;Largo;;
13456;Shadow Cruiser;14;2;Largo;;
6027;Shadow Custom;13;2;Largo;;
3283;Shadow Trailers;15;2;Largo;;
3284;Shafer And Shafer Welding;25;4;Largo;;
12006;Shaffer Trailers;16;2;Largo;;
9206;Shaffer'S Muffler Shops Inc.;28;4;Largo;;
10873;Shalom;6;1;Medio;;
13948;Shandong Ante Special Vehicles Manufacturing Co.,Ltd;52;6;Largo;;
3427;Shandong Baoya New Energy Vehicle;33;5;Largo;;
4637;Shandong Liangzi Power Co. Ltd.;31;5;Largo;;
3324;Shandong Zhongtong Feiyan Automobile;36;4;Largo;;
10447;Shanghai Fu Quan Automobile Manufactory Co., Ltd.;49;7;Largo;;
3428;Shanghai Honling Motorcycle Manufacture;39;4;Largo;;
3327;Shanghai Howhit Machinery Manufacture;37;4;Largo;;
3429;Shanghai Huizhong Automotive Manufacturing;42;4;Largo;;
3430;Shanghai Jmstar Motorcycle;26;3;Largo;;
4377;Shanghai Meitian Motorcycle Company;35;4;Largo;;
4378;Shanghai Shenke Motorcycle Co.;30;4;Largo;;
11242;Shannon Brothers Llc;20;3;Largo;;
7194;Shannon Custom Trailers;23;3;Largo;;
11164;Shansu;6;1;Medio;;
14093;Shansu Hi Moto;14;3;Largo;;
13402;Shaolin Bus;11;2;Largo;;
4845;Shark Cart;10;2;Largo;;
3431;Shark Trailers;14;2;Largo;;
4380;Sharp Companies, Llc Dba Stumphouse Scoots;42;6;Largo;;
4379;Sharp Mfg.;10;2;Largo;;
9973;Shasta;6;1;Medio;;
5479;Shasta Trailer;14;2;Largo;;
8827;Shaull Equipment And Supply Co.;31;5;Largo;;
3432;Shaver Manufacturing;20;2;Largo;;
13018;Shay Reproduction;17;2;Largo;;
11832;Shelby;6;1;Medio;;
7711;Shelf Above, Inc.;17;3;Largo;;
3433;Shellbourne Reynolds Engineering;32;3;Largo;;
5121;Sheller-Globe Corporation;25;2;Largo;;
7152;Shenqi;6;1;Medio;;
5230;Shenzhen Cimc Heavy Industries Co., Ltd;39;6;Largo;;
3506;Shenzhen Greenwheel Electric Vehicle;36;4;Largo;;
6823;Shepherd Mfg & Dist;19;4;Largo;;
13054;Sherco;6;1;Medio;;
10082;Sherman + Reilly;16;3;Largo;;
12017;Sherpa;6;1;Medio;;
6510;Sherpa Trailers;15;2;Largo;;
3550;Shetron Custom Trailers;23;3;Largo;;
3551;Shetron Manufacturing;21;2;Largo;;
4578;Sheyenne Tooling & Mfg.;23;4;Largo;;
9472;Shieldsafe;10;1;Largo;;
7149;Shift;5;1;Medio;;
3553;Shiloh Custom Karts;19;3;Largo;;
3554;Shiloh Manufacturing;20;2;Largo;;
4945;Shindaiwa;9;1;Medio;;
4737;Shineray;8;1;Medio;;
5981;Shinn Fu;8;2;Medio;;
3555;Shipshe Welding;15;2;Largo;;
5425;Shivers Utility Trailer;23;3;Largo;;
7850;Shoal Runner Boats Inc;22;4;Largo;;
3557;Shockwave Motors;16;2;Largo;;
11445;Shonuff Trailers;16;2;Largo;;
6250;Shook Electroncis Usa, Inc.;27;4;Largo;;
8725;Shook Mobile Technology;23;3;Largo;;
13774;Shore Haven;11;2;Largo;;
6317;Shoreland'R;11;1;Largo;;
9870;Shoreline Fuel Products;23;3;Largo;;
7412;Shoremaster;11;1;Largo;;
5413;Short Go, Inc;13;3;Largo;;
8892;Shortstop Enterprises;21;2;Largo;;
12726;Shoulder Master;15;2;Largo;;
6271;Show Trucks Usa;15;3;Largo;;
10937;Show-Time Trailers;18;2;Largo;;
11398;Showalter;9;1;Medio;;
3559;Showhauler Trucks;17;2;Largo;;
8203;Showliner Trailers Inc;22;3;Largo;;
3560;Showoff Trailers;16;2;Largo;;
5905;Shreveport;10;1;Largo;;
8091;Shrum Trailers Manufacturing Llc;32;4;Largo;;
10090;Shubert;7;1;Medio;;
7187;Shuffett Machine & Welding, Inc;31;5;Largo;;
3561;Siberian Trailers;17;2;Largo;;
3562;Sic Cycles;10;2;Largo;;
3563;Sic Metals & Fabrication;24;4;Largo;;
3080;Sic Trailers;12;2;Largo;;
3565;Sick Pigs Motorcycle Company;28;4;Largo;;
3566;Sickasso Cycle Creations;24;3;Largo;;
3568;Sicon;5;1;Medio;;
4381;Side Kick Rv;12;3;Largo;;
8076;Sidekick Trailers, Inc;22;3;Largo;;
3569;Sideshow'S Cycles;17;2;Largo;;
13216;Sidewinder;10;1;Largo;;
8224;Sidewinders;11;1;Largo;;
7688;Sie, Inc;8;2;Medio;;
5906;Siebert;7;1;Medio;;
13204;Sienna;6;1;Medio;;
10346;Sierra;6;1;Medio;;
12811;Sierra Lsv;10;2;Largo;;
3589;Sierra Motor Corporation;24;3;Largo;;
7306;Sierra Precision Tool;21;3;Largo;;
5537;Sierra Welding & Fabricating;28;4;Largo;;
3590;Sigel Welding;13;2;Largo;;
13988;Sigma;5;1;Medio;;
5038;Sigma Metals, Inc.;18;3;Largo;;
8353;Signalisation Ver-Mac Inc;25;3;Largo;;
6396;Signalmasters, Inc.;19;2;Largo;;
4786;Signatour Campers, Llc;22;3;Largo;;
7631;Signature Motor Company;23;3;Largo;;
3591;Signco;6;1;Medio;;
3592;Sik N Twisted Psycles;21;4;Largo;;
7090;Sikeston Fence & Construction Inc;33;5;Largo;;
3593;Sikeston Fender;15;2;Largo;;
9255;Sikeston Trailer Sales;22;3;Largo;;
11446;Silang;6;1;Medio;;
3594;Silent Drive;12;2;Largo;;
3595;Silos Y Tanques Gonzalez;24;4;Largo;;
12514;Silver Armor;12;2;Largo;;
10559;Silver Bullet Mfg.;18;3;Largo;;
4382;Silver Creek Homes;18;3;Largo;;
3596;Silver Eagle Bus Manufacturing;30;4;Largo;;
6251;Silver Eagle Coach, Inc.;24;4;Largo;;
3597;Silver Eagle Manufacturing;26;3;Largo;;
3598;Silver Eagle Manufacturing Company;34;4;Largo;;
7076;Silver Motor Coach;18;3;Largo;;
12222;Silver Ox;9;2;Medio;;
3599;Silver Ranch Industries;23;3;Largo;;
9774;Silver Special Trailers Llc;27;4;Largo;;
5907;Silver Star Mfg;15;3;Largo;;
3601;Silver Star Trailers;20;3;Largo;;
3602;Silver State Industries Division;32;4;Largo;;
9851;Silver Streak;13;2;Largo;;
3677;Silver Wraith Choppers;22;3;Largo;;
12673;Silverback;10;1;Largo;;
12843;Silverback Trailer;18;2;Largo;;
11552;Silvercat Trailer Company Llc;29;4;Largo;;
11306;Silverlight;11;1;Largo;;
3678;Silverlite Trailers;19;2;Largo;;
11255;Silvermountain Trailers;23;2;Largo;;
12046;Silverstar;10;1;Largo;;
6063;Silverwing;10;1;Largo;;
8824;Simmons Trailers;16;2;Largo;;
9069;Simms Bros.;11;2;Largo;;
9620;Simon Aerials Inc.;18;3;Largo;;
7288;Simon-Duplex;12;1;Largo;;
14026;Simple Injection;16;2;Largo;;
7091;Simplex, Inc;12;2;Largo;;
10551;Simplified Fabricators Inc;26;3;Largo;;
5758;Simpson;7;1;Medio;;
13698;Sin Trans;9;2;Medio;;
13357;Siner Ag;8;2;Medio;;
3679;Sinful Cycleworks;17;2;Largo;;
11277;Singletary Trailers;19;2;Largo;;
3680;Sinister Custom Cycles;22;3;Largo;;
8397;Sinkhole Customs Llc;20;3;Largo;;
11571;Sinoswan;8;1;Medio;;
12633;Sinotech;8;1;Medio;;
12018;Sinski;6;1;Medio;;
9141;Sioux Steam Cleaner Corporation;31;4;Largo;;
9193;Sioux Veneer Panel Co.;22;4;Largo;;
7125;Siouxland Trailer Sales Inc;27;4;Largo;;
5674;Sirchie;7;1;Medio;;
13351;Sivo;4;1;Corto;;
3681;Six Gun Welding;15;3;Largo;;
6025;Six Wheel Wonder;16;3;Largo;;
3682;Sixth Street Choppers;21;3;Largo;;
3683;Sizemore Welding;16;2;Largo;;
11450;Sj;2;1;Corto;;
3684;Sj Park Models;14;3;Largo;;
10218;Sjt Trailers;12;2;Largo;;
6352;Skeeter Products;16;2;Largo;;
8611;Skiles Industries Inc;21;3;Largo;;
12573;Skinny Guy Campers;18;3;Largo;;
13079;Skinny River Customs;20;3;Largo;;
6183;Skipper B;9;2;Medio;;
5231;Skorczewski Welding;19;2;Largo;;
3685;Skullbone Welding;17;2;Largo;;
3686;Skunk Motorsports;17;2;Largo;;
9276;Skwatter Trailer Co.;20;3;Largo;;
14023;Sky Plate;9;2;Medio;;
12269;Skyblue;7;1;Medio;;
5908;Skycoach International Inc;26;3;Largo;;
8470;Skylift;7;1;Medio;;
5007;Skyline;7;1;Medio;;
3216;Skyline Corporation;19;2;Largo;;
14063;Skyline Metal Work;18;3;Largo;;
13220;Skyline Mobility, Inc.;22;3;Largo;;
10538;Skyteam;7;1;Medio;;
6863;Skytop Brewster Co.;19;3;Largo;;
11717;Slacklander;11;1;Largo;;
7403;Slagel;6;1;Medio;;
13251;Slant Bar Ag, Llc;17;4;Largo;;
13771;Slate;5;1;Medio;;
3688;Slater Incorporated;19;2;Largo;;
3689;Sled Shed Enterprises;21;3;Largo;;
9131;Sleek Craft, Inc.;17;3;Largo;;
4384;Sleeping Giant Mfg.;19;3;Largo;;
594;Slingshot;9;1;Medio;;
7300;Slip Stream;11;2;Largo;;
3690;Slnyc;5;1;Medio;;
11027;Sloanebuilt Trailers;20;2;Largo;;
7367;Sloth Truck Equipment Co;24;4;Largo;;
5232;Slusarski Mfg.;14;2;Largo;;
4385;Smack Trailers;14;2;Largo;;
3691;Small Car Solutions;19;3;Largo;;
11819;Smarda;6;1;Medio;;
11823;Smarda Scooter;14;2;Largo;;
11826;Smarda Soversky;15;2;Largo;;
504;Smart;5;1;Medio;;
3692;Smart Manufacturing;19;2;Largo;;
4765;Smart Trailer;13;2;Largo;;
4965;Smart Trailers;14;2;Largo;;
6882;Smart Trailers, Inc.;20;3;Largo;;
3753;Smart Transport Solutions;25;3;Largo;;
11401;Smartfeed;9;1;Medio;;
10152;Smc Trailers;12;2;Largo;;
13520;Smi;3;1;Corto;;
3754;Smi & Hydraulics;16;3;Largo;;
3755;Smiley Riley'S Trailer;22;3;Largo;;
8145;Smit;4;1;Corto;;
8651;Smitbuilt Mfg.;14;2;Largo;;
3757;Smith Electric Vehicles;23;3;Largo;;
7460;Smith Farm Equipment Co;23;4;Largo;;
11207;Smith Industries Llc;20;3;Largo;;
6886;Smith Trailers;14;2;Largo;;
8382;Smith-Mcdaniel Inc.;19;2;Largo;;
6887;Smithco Manufacturing;21;2;Largo;;
7503;Smitty-Built Trailers;21;2;Largo;;
9887;Smittybilt;10;1;Largo;;
3756;Smj Trailers;12;2;Largo;;
10089;Smok'D;6;1;Medio;;
8477;Smoke Dog Llc;13;3;Largo;;
9047;Smokercraft;11;1;Largo;;
12551;Smokey Mt Greenway;18;3;Largo;;
3763;Smokin Concepts Composites;26;3;Largo;;
3761;Smokin' Barbeque;16;2;Largo;;
10959;Smort Fabrication;17;2;Largo;;
6188;Smp;3;1;Corto;;
11627;Smyrna Truck & Cargo;20;4;Largo;;
3764;Snake Alley Customs;19;3;Largo;;
3765;Snake River Trailer;19;3;Largo;;
3767;Snapco Incorporated;19;2;Largo;;
12130;Snh Golf Carts Llc;18;4;Largo;;
5289;Sniderbuilt Trailers;20;2;Largo;;
11617;Sno Trailers;12;2;Largo;;
6184;Sno-Bird;8;1;Medio;;
5702;Snorkel;7;1;Medio;;
6888;Snow Manufacturing Inc;22;3;Largo;;
2833;Snowbear;8;1;Medio;;
9509;Snowblast-Sicard, Inc.;22;2;Largo;;
5768;Snowco;6;1;Medio;;
13324;So Cal Trailer Builders;23;4;Largo;;
2835;So-Cal Teardrops;16;2;Largo;;
12131;Soderblooms;11;1;Largo;;
12270;Sodo;4;1;Corto;;
10773;Sola;4;1;Corto;;
12505;Sola Motors Corp.;17;3;Largo;;
10575;Solalsa;7;1;Medio;;
13541;Solana;6;1;Medio;;
10689;Solar;5;1;Medio;;
8212;Solar Guide;11;2;Largo;;
13099;Solar Motors Inc.;17;3;Largo;;
13718;Solar Rig;9;2;Medio;;
8162;Solar Technology, Inc;21;3;Largo;;
2838;Solares Trailers;16;2;Largo;;
4410;Solectria;9;1;Medio;;
13416;Solguard Trailers;17;2;Largo;;
11385;Solid Point;11;2;Largo;;
5233;Solid Steel Fabrication;23;3;Largo;;
4811;Solight;7;1;Medio;;
5442;Somerset;8;1;Medio;;
7891;Somerset Axle Company, Llc;26;4;Largo;;
14043;Somerset Industrial Service;27;3;Largo;;
10550;Somev;5;1;Medio;;
9911;Sonbuilt;8;1;Medio;;
11072;Sondors;7;1;Medio;;
13202;Sonic;5;1;Medio;;
3672;Sooner;6;1;Medio;;
2842;Sooner Manufacturing, Llc;25;3;Largo;;
5090;Sooner Trailer Mfg;18;3;Largo;;
13880;Sopilotes Trailers;18;2;Largo;;
9234;Sopko Manufacturing Company;27;3;Largo;;
11160;South Atlanta Golf Carts;24;4;Largo;;
2845;South Bay Choppers;18;3;Largo;;
4957;South Central Industrial;24;3;Largo;;
5234;South Coast Choppers, Inc.;26;4;Largo;;
13270;South Coast Trailers;20;3;Largo;;
2848;South Dade Choppers, Llc.;25;4;Largo;;
7900;South East Body Corporation;27;4;Largo;;
2852;South East Industries, Llc;26;4;Largo;;
11774;South Florida;13;2;Largo;;
2853;South Florida Choppers Inc.;27;4;Largo;;
8514;South Florida Trailers Of Fl, Inc.;34;6;Largo;;
12780;South Georgia Cargo;19;3;Largo;;
10759;South River Cargo Llc.;22;4;Largo;;
4399;South Shore Iron Works;22;4;Largo;;
2867;South Side Kustoms;18;3;Largo;;
2878;South Valley Manufacturing;26;3;Largo;;
9811;South Walton;12;2;Largo;;
9427;Southco Industries, Inc.;24;3;Largo;;
9790;Southcoast;10;1;Largo;;
8097;Southeastern Seating;20;2;Largo;;
13662;Southeastern Steel;18;2;Largo;;
2888;Southeastern Steel Choppers, Inc.;33;4;Largo;;
8905;Southeastern Truck Body & Equipment, Inc.;41;6;Largo;;
5466;Southern Cartz;14;2;Largo;;
2893;Southern Cycle Works, Inc.;26;4;Largo;;
3739;Southern Dimensions Group;25;3;Largo;;
2895;Southern Field Welding, Llc;27;4;Largo;;
2897;Southern Frac, Llc;18;3;Largo;;
8915;Southern Heritage Trailers Llc;30;4;Largo;;
6252;Southern Indiana Materials Co Inc;33;5;Largo;;
9262;Southern Iowa Manufacturing Co.;31;4;Largo;;
5928;Southern Legacy;15;2;Largo;;
11806;Southern Made;13;2;Largo;;
10220;Southern Metal Choppers;23;3;Largo;;
2903;Southern Motorcycle Works;25;3;Largo;;
4591;Southern Ohio Chassis;21;3;Largo;;
7576;Southern Pride Distributing, Llc;32;4;Largo;;
13579;Southern Sky;12;2;Largo;;
7200;Southern Specialty Welding;26;3;Largo;;
10958;Southern St;11;2;Largo;;
8561;Southern Star Trailers, Inc.;28;4;Largo;;
8623;Southern Style Trailers & Truck Accessories;43;6;Largo;;
2914;Southern Texas Industrial Service Company Inc.;46;6;Largo;;
11022;Southern Utility Trailers;25;3;Largo;;
2922;Southern Vac Trailers Llc;25;4;Largo;;
2966;Southern Yankee Bar-B-Q;23;3;Largo;;
8848;Southernrio Industries, Inc.;28;3;Largo;;
13341;Southfield Classics;19;2;Largo;;
13462;Southfork;9;1;Medio;;
12038;Southland Lsv;13;2;Largo;;
11281;Southland Tool Mfg. Inc.;24;4;Largo;;
10622;Southtrail Fabrications;23;2;Largo;;
2967;Southwest Cmf, Llc;18;3;Largo;;
6351;Southwest Georgia Wholesale Builders Supply, Inc.;49;6;Largo;;
4411;Southwest Golf Cars;19;3;Largo;;
9997;Southwest Products;18;2;Largo;;
9218;Southwest Sales;15;2;Largo;;
5473;Southwest Signs Llc;19;3;Largo;;
7961;Southwest Specialty Trailers;28;3;Largo;;
2968;Southwest Trailers;18;2;Largo;;
6903;Southwest Truck Rigging & Equip.;32;5;Largo;;
7570;Southwest Welding;17;2;Largo;;
7292;Southwest/Tcp;13;1;Largo;;
11338;Soversky;8;1;Medio;;
9967;Sowal Beach Buggys;18;3;Largo;;
10865;Space;5;1;Medio;;
2971;Space Coast Industries, Inc.;28;4;Largo;;
10808;Space Trailers;14;2;Largo;;
8654;Spar Roofing & Metal Supplies Limited;37;6;Largo;;
10279;Spark;5;1;Medio;;
9959;Spark Intermodal Equipment Inc.;31;4;Largo;;
12942;Spark Shop Llc;14;3;Largo;;
14119;Sparks Trailer;14;2;Largo;;
6159;Sparta;6;1;Medio;;
10025;Spartan;7;1;Medio;;
4768;Spartan Cargo;13;2;Largo;;
10668;Spartan Fabrication Inc.;24;3;Largo;;
10565;Spartan Fire;12;2;Largo;;
13703;Spartan Intimidator;19;2;Largo;;
13732;Spartan Manufacturing;21;2;Largo;;
5669;Spartan Motors;14;2;Largo;;
3758;Spartan Motors Chassis;22;3;Largo;;
12890;Spartan Performance;19;2;Largo;;
10713;Spartan Rv Chassis;18;3;Largo;;
12219;Spartan Techs;13;2;Largo;;
2998;Spartan Tool, Llc.;18;3;Largo;;
4754;Spartan Trailer Mfg Inc;23;4;Largo;;
12717;Spartan Trailers;16;2;Largo;;
2999;Spartan Truck Company, Inc.;27;4;Largo;;
11890;Spartan-Ev;10;1;Largo;;
3003;Spaulding Manufacturing, Inc.;29;3;Largo;;
3005;Spearman Manufacturing;22;2;Largo;;
13237;Special;7;1;Medio;;
6570;Special Construction Motorcycles;32;3;Largo;;
3008;Special Equipment Manufacturing;31;3;Largo;;
8506;Special T Trailer Manufacturing Llp;35;5;Largo;;
9073;Specialized Equipment Company, Llc;34;4;Largo;;
3010;Specialized Hauling Concepts Llc;32;4;Largo;;
9177;Specialized Products Inc.;25;3;Largo;;
7656;Specialized Trailers;20;2;Largo;;
11966;Specialized Trailers Sa De Cv;29;5;Largo;;
3079;Specialized Truck Equipment;27;3;Largo;;
3074;Specialized Truck Equipment Manufacturing, Llc.;47;5;Largo;;
4403;Specialty Aluminum Works - Trailers;35;5;Largo;;
7324;Specialty Auto Transport;24;3;Largo;;
7124;Specialty Bristow Sales, Inc.;29;4;Largo;;
3083;Specialty Bus Manufacturing, Llc.;33;4;Largo;;
3106;Specialty Fabrication, Inc.;27;3;Largo;;
3105;Specialty Fabrication, Ltd.;27;3;Largo;;
7122;Specialty Iron Works;20;3;Largo;;
8974;Specialty Machine & Manufacturing, Inc.;39;5;Largo;;
4404;Specialty Metal Fab.;20;3;Largo;;
9045;Specialty Models (Ezl);22;3;Largo;;
5001;Specialty Performance Llc;25;3;Largo;;
8424;Specialty Steel Incorporated;28;3;Largo;;
11178;Specialty Trailer;17;2;Largo;;
13651;Specialty Trailers;18;2;Largo;;
7789;Specialty Trailers Corporation;30;3;Largo;;
5910;Specialty Vehicle Mfg Corp;26;4;Largo;;
2369;Specialty Vehicles & Equipment;30;4;Largo;;
8057;Specialty Welding;17;2;Largo;;
3112;Specsys, Inc.;13;2;Largo;;
4409;Spector Manufacturing;21;2;Largo;;
6667;Spectrac;8;1;Medio;;
3117;Spectre Manufacturing, Inc.;27;3;Largo;;
7092;Spectrum Engineering Hawaii;27;3;Largo;;
13813;Spectrum Sports Intl.;21;3;Largo;;
8901;Spectrum Steel Inc.;19;3;Largo;;
3119;Speed & Precision Cycles Llc;28;5;Largo;;
4402;Speed And Custom Enterprises;28;4;Largo;;
3131;Speed Driven Supply;19;3;Largo;;
8595;Speed Motorsports Llc;21;3;Largo;;
3134;Speed Street Custom Builds;26;4;Largo;;
13851;Speed Tender;12;2;Largo;;
12421;Speedwagon;10;1;Largo;;
3153;Speedwagon Manufacturing;24;2;Largo;;
5235;Speedy Bleacher Corp;20;3;Largo;;
13783;Speedy Food Trailers;20;3;Largo;;
4400;Spencer Bowman Customs;22;3;Largo;;
11060;Sphinx;6;1;Medio;;
6670;Spi Manufacturing, Inc.;23;3;Largo;;
7549;Spika Welding & Manufacturing;29;4;Largo;;
3305;Spindletop;10;1;Largo;;
4599;Spira;5;1;Medio;;
3389;Spirit Carts;12;2;Largo;;
13908;Spirit Of America;17;3;Largo;;
6456;Spirit Trailer Manufacturing;28;3;Largo;;
9295;Spirit Trailer Mfg.;19;3;Largo;;
7875;Spirit Trailers;15;2;Largo;;
9871;Spitfire Vintage Caravans;25;3;Largo;;
5236;Splash Marine, Llc;18;3;Largo;;
11531;Splash Sales;12;2;Largo;;
6929;Spm Customs, Inc;16;3;Largo;;
13691;Spog Trailers;13;2;Largo;;
3390;Sport Boat Trailers;19;3;Largo;;
13776;Sport Club;10;2;Largo;;
13773;Sport Haven;11;2;Largo;;
7365;Sport King Llc;14;3;Largo;;
12509;Sport Trail;11;2;Largo;;
8364;Sport Trailers, Inc;19;3;Largo;;
6673;Sportrunner Trailers, Llc;25;3;Largo;;
3392;Sports Hauler Inc.;18;3;Largo;;
9974;Sportscoach;11;1;Largo;;
6186;Sportsman;9;1;Medio;;
6187;Sportsman Trailers;18;2;Largo;;
13214;Sportsmen (Kz);14;2;Largo;;
7692;Sportsrig.Com, Llc;18;2;Largo;;
13741;Sportster X;11;2;Largo;;
13201;Sporttrek;9;1;Medio;;
3399;Sportworks Northwest, Inc.;26;3;Largo;;
6848;Spoutvac Usa Inc;16;3;Largo;;
12110;Sprayer Depot;13;2;Largo;;
7544;Sprayer Specialties Inc;23;3;Largo;;
3402;Spraying Devices, Inc.;22;3;Largo;;
13217;Spree;5;1;Medio;;
4401;Spreuer & Son;13;3;Largo;;
11108;Springdale;10;1;Largo;;
3403;Springers Custom Cycles, Llc;28;4;Largo;;
9154;Sprint Manufacturing, Inc.;26;3;Largo;;
580;Sprinter (Dodge Or Freightliner);32;4;Largo;;
13149;Sprout;6;1;Medio;;
11604;Sprout Motor Co.;16;3;Largo;;
13957;Sprout Motors Inc;17;3;Largo;;
7305;Sps;3;1;Corto;;
5064;Spudnik Equipment Company Llc;29;4;Largo;;
2920;Spur K Custom Trailers;22;4;Largo;;
8925;Spur Trailers;13;2;Largo;;
3413;Spurlock Vehicles, Inc.;23;3;Largo;;
3108;Spv;3;1;Corto;;
5759;Spyder;6;1;Medio;;
9949;Spyder Extras;13;2;Largo;;
3766;Spyker;6;1;Medio;;
6160;Spykgaard;9;1;Medio;;
9219;Squatdown Mfg., Inc.;20;3;Largo;;
3740;Sr Products;11;2;Largo;;
8913;Sr Trailers;11;2;Largo;;
13909;Sr. Remoltrail;14;2;Largo;;
13419;Srfab;5;1;Medio;;
13858;Srpnt;5;1;Medio;;
8299;Srts Company Inc;16;3;Largo;;
3418;Ss Trike, Llc;13;3;Largo;;
12771;Ssc North America;17;3;Largo;;
8225;Ssi Shredding Systems. Inc;26;4;Largo;;
3419;Ssinster Choppers;17;2;Largo;;
3285;Ssr;3;1;Corto;;
4892;Ssr Motorsports;15;2;Largo;;
8878;Sst Trailers;12;2;Largo;;
13200;St;2;1;Corto;;
7968;St Certification Service (Usa) Co., Ltd.;40;6;Largo;;
13153;St Croix Trailers;17;3;Largo;;
7927;Sta Corporation;15;2;Largo;;
8948;Stafford'S Trailers;19;2;Largo;;
4711;Stag Trailers Mfg Llc.;22;4;Largo;;
6851;Stagecoach Industries Inc;25;3;Largo;;
4408;Stagecoach Trailers;19;2;Largo;;
10210;Stageline;9;1;Medio;;
3421;Stahl/Scott Fetzer Company;26;3;Largo;;
11441;Stahley Enterprises Inc.;24;3;Largo;;
13727;Stairs;6;1;Medio;;
4778;Stallion Interiors;18;2;Largo;;
11477;Stallion Manufacturing Llc;26;3;Largo;;
11214;Stallion Oilfield Services Ltd;30;4;Largo;;
3423;Stallion Trailers, Inc.;23;3;Largo;;
10666;Stampede;8;1;Medio;;
5913;Standard;8;1;Medio;;
13306;Standard Iron;13;2;Largo;;
3461;Standard Motor Corporation;26;3;Largo;;
6792;Stanford Customs;16;2;Largo;;
13527;Stanger Fab;11;2;Largo;;
5237;Stanley Emergency Products, Inc.;32;4;Largo;;
8082;Stanley Trailer & Mfg;21;4;Largo;;
12526;Stanley Trailers;16;2;Largo;;
8748;Stanton Dynamics;16;2;Largo;;
13930;Star;4;1;Corto;;
9054;Star City Teardrops;19;3;Largo;;
5915;Star Custom;11;2;Largo;;
7773;Star Custom Creations, Llc;26;4;Largo;;
3773;Star Electric Cars;18;3;Largo;;
7416;Star Ev;7;2;Medio;;
3463;Star Fabrication Llc;20;3;Largo;;
10234;Star Lake Fabrication, Llc;26;4;Largo;;
13810;Star Manufacturing;18;2;Largo;;
7384;Star Manufacturing Inc;22;3;Largo;;
10758;Star Trailers;13;2;Largo;;
6987;Star Waggons;12;2;Largo;;
4407;Star-Trans Equipment Manufacturing;34;3;Largo;;
6247;Starboard;9;1;Medio;;
5784;Starcraft;9;1;Medio;;
12854;Starfire;8;1;Medio;;
13224;Starfire America Llc;20;3;Largo;;
3465;Starfire Trailer Systems;24;3;Largo;;
12358;Stark;5;1;Medio;;
13452;Stark Future;12;2;Largo;;
5858;Starlight;9;1;Medio;;
8400;Starlite Trailers;17;2;Largo;;
8780;Starr Manufacturing;19;2;Largo;;
1039;Stars;5;1;Medio;;
5769;Stauffer Mfg.;13;2;Largo;;
12170;Stayman;7;1;Medio;;
6059;Stc;3;1;Corto;;
13358;Stcc;4;1;Corto;;
5781;Ste;3;1;Corto;;
7277;Stealth;7;1;Medio;;
3467;Stealth Trailers;16;2;Largo;;
9649;Stealthcraft Boats;18;2;Largo;;
11350;Steamboat;9;1;Medio;;
3475;Steamroller Motorcycle Company Llc;34;4;Largo;;
7475;Steco, Inc;10;2;Largo;;
6205;Steeds;6;1;Medio;;
5544;Steel Bone Trailer Mfg;22;4;Largo;;
13362;Steel Boyz Llc;14;3;Largo;;
11805;Steel Creek;11;2;Largo;;
14086;Steel Magnolia;14;2;Largo;;
4406;Steel Ponies;12;2;Largo;;
4405;Steel Prep;10;2;Largo;;
8198;Steel Technologies;18;2;Largo;;
7779;Steel Trailers Of Colorado;26;4;Largo;;
12979;Steel X Metal Transformation;28;4;Largo;;
6312;Steel-Tech;10;1;Largo;;
5753;Steelbro;8;1;Medio;;
4333;Steele Enterprises;18;2;Largo;;
11042;Steelwater Trailers;19;2;Largo;;
3528;Steelweld Equipment Co., Inc;28;4;Largo;;
7278;Steelwright;11;1;Largo;;
3533;Stehl Tow;9;2;Medio;;
3541;Stein Metal Fab;15;3;Largo;;
9483;Stella Specialty;16;2;Largo;;
5131;Stellar Industies Inc.;22;3;Largo;;
8813;Stelter Repair, Inc.;20;3;Largo;;
6442;Stephenville Trailers & Truck Accessories;41;5;Largo;;
3817;Stepp Manufacturing Co;22;3;Largo;;
8986;Sterling Corporation Dba Homecorp, Inc.;39;5;Largo;;
3543;Sterling Fabrication, Inc.;26;3;Largo;;
5555;Sterling Motor Car;18;3;Largo;;
9271;Sterling Truck;14;2;Largo;;
8980;Steve'S Welding & Fabrication;29;4;Largo;;
9434;Steve'S Welding Service & Machine Shop;38;6;Largo;;
7547;Stevenson'S Cycle;17;2;Largo;;
3544;Steves Welding;14;2;Largo;;
7714;Stewart & Stevenson Services Inc.;33;5;Largo;;
3663;Stewart'S Fabrication And Welding;33;4;Largo;;
5238;Stiles Trailer Company;22;3;Largo;;
3664;Stiletto Rides;14;2;Largo;;
11290;Still Shot Cart;15;3;Largo;;
5239;Still Trailer Manufacturing;27;3;Largo;;
4335;Stingers;8;1;Medio;;
12763;Stingray;8;1;Medio;;
13283;Stingray Trailers;17;2;Largo;;
5540;Stirling;8;1;Medio;;
12350;Stl Industrial;14;2;Largo;;
10245;Stm;3;1;Corto;;
6165;Stock Car Fabrications;22;3;Largo;;
3666;Stock'S Garage, Inc.;20;3;Largo;;
6166;Stockton Truck And Welding;26;4;Largo;;
7562;Stoess Manufacturing Inc;24;3;Largo;;
8230;Stohl Trailers;14;2;Largo;;
7592;Stoll Trailers, Inc.;20;3;Largo;;
12129;Stone Canyon Homes;18;3;Largo;;
7763;Stone Cold;10;2;Largo;;
7958;Stone Construction Equipment;28;3;Largo;;
8095;Stone River;11;2;Largo;;
8762;Stone'S Motorcycle Company, Inc.;32;4;Largo;;
13219;Stoneridge;10;1;Largo;;
3667;Stones;6;1;Medio;;
11166;Stones River Trailer Company, Llc;33;5;Largo;;
3777;Stonewell Bodies & Machine;26;4;Largo;;
2155;Storm;5;1;Medio;;
1157;Storms Welding;14;2;Largo;;
8100;Storri;6;1;Medio;;
9338;Stotler Welding;15;2;Largo;;
3414;Stoughton Trailers;18;2;Largo;;
10483;Stout Conveyors;15;2;Largo;;
5929;Stoutbilt;9;1;Medio;;
7406;Stovall Equipment Inc;21;3;Largo;;
5240;Stratos Boats Inc;17;3;Largo;;
13203;Stratus;7;1;Medio;;
4339;Stream Industries;17;2;Largo;;
3818;Streamline Designs;18;2;Largo;;
8850;Streamline International;24;2;Largo;;
3819;Streamline Precision Llc;24;3;Largo;;
4340;Streamliner Motorcycles;23;2;Largo;;
3820;Streator Dependable;19;2;Largo;;
7529;Street Car;10;2;Largo;;
3821;Street Cars By Volla'S Carts & Service;38;7;Largo;;
4900;Street Carts On 12;18;4;Largo;;
3822;Street Golf Carts;17;3;Largo;;
10766;Street Legal;12;2;Largo;;
3823;Street Legal Carts;18;3;Largo;;
12185;Street Legal Carts (Slc);24;4;Largo;;
12136;Street Life;11;2;Largo;;
4306;Street Only;11;2;Largo;;
3824;Street Smart Performance;24;3;Largo;;
3825;Street Steel Motorsports;24;3;Largo;;
11831;Street Trailers;15;2;Largo;;
5551;Streetrod;9;1;Medio;;
7890;Streetrod Productions Inc;25;3;Largo;;
2535;Streetster Golf Cars;20;3;Largo;;
4342;Streight Motorcycles;20;2;Largo;;
3826;Streme Trailer Mfg;18;3;Largo;;
6661;Stretch Chassis International;29;3;Largo;;
4977;Strick Commercial Trailer;25;3;Largo;;
8098;Strict Development;18;2;Largo;;
8609;Strictly Choppers;17;2;Largo;;
13539;Strobel;7;1;Medio;;
6327;Strohl Corporation;18;2;Largo;;
8446;Stroker Cycles Inc;18;3;Largo;;
6954;Strokers Manufacturing;22;2;Largo;;
11282;Strong Arm Trailers, Llc;24;4;Largo;;
13669;Strong Blue;11;2;Largo;;
4932;Strong Built Trailers Llc;25;4;Largo;;
3019;Strong Island Cycles;20;3;Largo;;
3022;Strong Manufacturing;20;2;Largo;;
10120;Strongarm;9;1;Medio;;
2218;Strongback Trailers;19;2;Largo;;
3027;Strother Welding;16;2;Largo;;
3031;Structural Metal Fabricators;28;3;Largo;;
7697;Structural Steel Supply Inc;27;4;Largo;;
3032;Struk;5;1;Medio;;
13459;Stryker;7;1;Medio;;
6169;Stuart Scotsman;15;2;Largo;;
8845;Studebaker Motor Company;24;3;Largo;;
3038;Stump Smokers;13;2;Largo;;
3040;Stunata Customs;15;2;Largo;;
3044;Stunterx Stuntshop;18;2;Largo;;
3046;Stupid Choppers;15;2;Largo;;
3396;Sturd.S. Trailer;16;2;Largo;;
3067;Sturdy Built Services, Llc;26;4;Largo;;
9160;Sturdy Built, Inc.;18;3;Largo;;
9232;Sturdyweld Equipment & Design, Inc.;35;5;Largo;;
7909;Sub Culture Cycles;18;3;Largo;;
523;Subaru;6;1;Medio;;
6409;Suburban Manufacturing Co.;26;3;Largo;;
3069;Suckerpunch Sallys;18;2;Largo;;
6761;Sudenga Industries, Inc.;24;3;Largo;;
3071;Sugarloaf Fabricators, Inc.;27;3;Largo;;
7062;Suggs Manufacturing Company;27;3;Largo;;
3073;Suicide Jack Choppers;21;3;Largo;;
8459;Suite;5;1;Medio;;
14025;Sukuli;6;1;Medio;;
10207;Sulfur Creek Cycles;19;3;Largo;;
3075;Sullivan'S Garage;17;2;Largo;;
3156;Sullivans Motorcycles;21;2;Largo;;
12146;Sumec;5;1;Medio;;
12567;Summer Ice Cream;16;3;Largo;;
5916;Summerset Homes;15;2;Largo;;
3078;Summit;6;1;Medio;;
9641;Summit Expedition Trailers Llc;30;4;Largo;;
3082;Summit Industries Incorporated;30;3;Largo;;
10063;Summit Sales;12;2;Largo;;
5382;Summit Trailer;14;2;Largo;;
12905;Summit Trailers;15;2;Largo;;
4808;Summit Truck Bodies;19;3;Largo;;
12221;Sumo Trailers Usa;17;3;Largo;;
5519;Sumstad Mfg;11;2;Largo;;
12900;Sun;3;1;Corto;;
8641;Sun Classic (Boylan Golf Cars);30;5;Largo;;
4343;Sun Coast Trailer;17;3;Largo;;
3310;Sun Country;11;2;Largo;;
3307;Sun Country Trailers;20;3;Largo;;
9917;Sun Devil Trailer Manufacturing Llc;35;5;Largo;;
6201;Sun International Holdings Inc;30;4;Largo;;
13608;Sun Lite;8;2;Medio;;
9853;Sun Moon;8;2;Medio;;
6266;Sun Ray Mfg;11;3;Largo;;
8896;Sun Set Trailer Manufactory;27;4;Largo;;
5241;Sun West Engineering, Inc.;26;4;Largo;;
5917;Sun-Land Express;16;2;Largo;;
4346;Sun-Lite;8;1;Medio;;
3084;Sunbeam Motorsports;19;2;Largo;;
3086;Sunbeam Rentals;15;2;Largo;;
3088;Sunbelt Equipment Marketing;27;3;Largo;;
3089;Suncoast Choppers & Fab;23;4;Largo;;
10311;Suncoast Fabrication Llc;24;3;Largo;;
4344;Suncor;6;1;Medio;;
11821;Suncycle;8;1;Medio;;
11557;Sundance;8;1;Medio;;
3091;Sundance Equipment;18;2;Largo;;
6066;Sundance Golf Cars;18;3;Largo;;
11565;Sundance Tt;11;2;Largo;;
12316;Sunday Carts Llc;16;3;Largo;;
7351;Sundiro  Honda Motorcycle Co. Ltd;33;5;Largo;;
10097;Sundowner;9;1;Medio;;
4922;Sundrop Solar Trailers;22;3;Largo;;
13760;Sunhou;6;1;Medio;;
11361;Sunlite Trailers Inc.;21;3;Largo;;
13549;Sunnybrook;10;1;Largo;;
10599;Sunnyside Offroad;17;2;Largo;;
9680;Sunpulse;8;1;Medio;;
1853;Sunra;5;1;Medio;;
13607;Sunray;6;1;Medio;;
7973;Sunridge Industries Inc;23;3;Largo;;
5918;Sunrise;7;1;Medio;;
11849;Sunset Choppers Inc.;20;3;Largo;;
3157;Sunset Liberty;14;2;Largo;;
13383;Sunset Lsv Innovations;22;3;Largo;;
10588;Sunset Manufacturing;20;2;Largo;;
11110;Sunset Trail;12;2;Largo;;
8690;Sunset Trailer Sales;20;3;Largo;;
11596;Sunshine;8;1;Medio;;
7595;Sunshine Piping , Inc.;22;4;Largo;;
5919;Sunshine Stainless Tank & Equip;31;5;Largo;;
9207;Sunshine Wholesale;18;2;Largo;;
4835;Suntera;7;1;Medio;;
7420;Suntera (The Solar Electric Chariot Company);44;6;Largo;;
14090;Suntrek;7;1;Medio;;
14034;Sunwize;7;1;Medio;;
11529;Super Champion;14;2;Largo;;
11731;Super Lite;10;2;Largo;;
3094;Super Lite Pro Trailers And Equipment;37;6;Largo;;
3159;Super Vacuum Mfg Co;19;4;Largo;;
5072;Super X Products;16;3;Largo;;
7061;Superbus;8;1;Medio;;
12400;Supercar System;15;2;Largo;;
11354;Superior;8;1;Medio;;
9036;Superior Aluminum Trailer Mfg.;30;4;Largo;;
12478;Superior Chassis;16;2;Largo;;
5366;Superior Coaches;16;2;Largo;;
8128;Superior Fabrication, Inc.;26;3;Largo;;
12424;Superior Flatdecks;18;2;Largo;;
6014;Superior Handling Equipment;27;3;Largo;;
5567;Superior Industries;19;2;Largo;;
5585;Superior Manufacturing & Engineering Cor;40;5;Largo;;
7518;Superior Metal Works;20;3;Largo;;
8954;Superior Mfg.;13;2;Largo;;
10621;Superior Mfg., Inc.;19;3;Largo;;
5419;Superior Steel Products;23;3;Largo;;
3096;Superior Steel Sales, Llc;25;4;Largo;;
12779;Superior Storage Tanks & Trailers;33;5;Largo;;
6693;Superior Trailer Inc.;21;3;Largo;;
5505;Superior Trailer Manufacturing;30;3;Largo;;
9258;Superior Trailer Works;22;3;Largo;;
14033;Superior Trailers & Parts;25;4;Largo;;
3109;Superior Trailers Llc;21;3;Largo;;
3098;Superior Trailers Of Georgia;28;4;Largo;;
8106;Superior Transport Inc;22;3;Largo;;
7624;Superior Welding And Manufacturing, Inc.;40;5;Largo;;
4366;Superlite;9;1;Medio;;
12035;Supermach;9;1;Medio;;
12294;Superstar;9;1;Medio;;
9034;Supertrail Manufacturing Co., Inc.;34;4;Largo;;
5920;Supreme;7;1;Medio;;
550;Supreme Corporation;19;2;Largo;;
3102;Sure Tech Engineering;21;3;Largo;;
3111;Sure-Load Trailers;18;2;Largo;;
2410;Sure-Trac;9;1;Medio;;
4015;Sureride Trailer Manufacturing;30;3;Largo;;
12310;Surron;6;1;Medio;;
9966;Susitna Teardrops;17;2;Largo;;
3311;Sussex Welding, Llc;19;3;Largo;;
10211;Sutphen;7;1;Medio;;
3121;Sutter Manufacturing;20;2;Largo;;
3123;Suwanee Camper;14;2;Largo;;
3129;Suzhou Eagle Electric Vehicle;29;4;Largo;;
509;Suzuki;6;1;Medio;;
13840;Sv Trailer;10;2;Largo;;
13315;Svenn;5;1;Medio;;
3315;Svi, Inc;8;2;Medio;;
13269;Svifflug;8;1;Medio;;
12399;Svn-Cart;8;1;Medio;;
8187;Swab Wagon Company Inc;22;4;Largo;;
10568;Swamp Daddy;11;2;Largo;;
10502;Swap-N-Dump;11;1;Largo;;
13098;Swaploader Usa Ltd.;19;3;Largo;;
12475;Swartz Mfg;10;2;Largo;;
8891;Sway-A-Way Inc.;15;2;Largo;;
9532;Sway-Tamer Mfg.;15;2;Largo;;
3139;Sweat'S Portable Buildings;26;3;Largo;;
3142;Swede Built;11;2;Largo;;
5923;Sweet Home;10;2;Largo;;
9470;Sweet Way Trailers;18;3;Largo;;
11415;Sweet-Haus;10;1;Largo;;
7037;Sweitzer Companies;18;2;Largo;;
7618;Swenson Steel Products Co. Inc.;31;5;Largo;;
12163;Swf;3;1;Corto;;
13648;Swfl Trailers;13;2;Largo;;
3320;Swift;5;1;Medio;;
6162;Swift Enterprises;17;2;Largo;;
12437;Swift Ev;8;2;Medio;;
6163;Swinford Mfg;12;2;Largo;;
13877;Swinglift Transport Services Llc;32;4;Largo;;
8133;Swinglift Usa Inc;17;3;Largo;;
8512;Swink Metal Works. Llc;22;4;Largo;;
10988;Switch;6;1;Medio;;
4680;Swm Enterprises;15;2;Largo;;
12414;Swt Trailers;12;2;Largo;;
3145;Sylvansport;11;1;Largo;;
11623;Sylver Motor Corporation;24;3;Largo;;
3122;Sym;3;1;Corto;;
10384;Symmetry Trailers;17;2;Largo;;
10817;Syner-G;7;1;Medio;;
3147;Synergy Technology, Llc;23;3;Largo;;
3149;Synergy Trailer;15;2;Largo;;
10900;Sys Welding;11;2;Largo;;
5930;Systems Technology Company;26;3;Largo;;
4367;T & B Welding & Trailers;24;6;Largo;;
3152;T & D Enterprises;17;4;Largo;;
8818;T & D Manufacturing, Llc;24;5;Largo;;
7441;T & G Sales;11;4;Largo;;
12777;T & G Trailers;14;4;Largo;;
3154;T & J Welding;13;4;Largo;;
3210;T & M Mfg;9;4;Medio;;
7791;T & R Enterprises;17;4;Largo;;
7072;T & R Racing And Fabrication;28;6;Largo;;
6453;T & S Cycles;12;4;Largo;;
8044;T & T Enterprises & Mfg., Llc;29;7;Largo;;
3202;T & T Unlimited;15;4;Largo;;
13913;T And Jr’S Trailers Llc;23;5;Largo;;
8857;T Bar J Trailers;16;4;Largo;;
11642;T Bar Trailers;14;3;Largo;;
3203;T C Trailers;12;3;Largo;;
3204;T R Welding;11;3;Largo;;
12823;T Series Llc;12;3;Largo;;
8846;T&A Double Tilt Trailers;24;4;Largo;;
4801;T&D Trailer Supplies;20;3;Largo;;
6772;T&E Enterprises Of Herscher, Inc.;33;5;Largo;;
10838;T&H Welding;11;2;Largo;;
8943;T&L Manufacturing Co., Inc.;27;4;Largo;;
7480;T&M Custom Trailers Llc;23;4;Largo;;
13161;T&M Metal Works;15;3;Largo;;
9097;T&R Trailer Manufacturing;25;3;Largo;;
3205;T&R Trailer Mfg;15;3;Largo;;
8909;T&R'S Used Cars;15;3;Largo;;
8264;T&T Sales Of Elberton Inc;25;5;Largo;;
3267;T-Built Trailer Company;23;3;Largo;;
3637;T-N-A Custom Motorcycles;24;3;Largo;;
3522;T-Raxx Systems Inc;18;3;Largo;;
10386;T-Rex Trailers;14;2;Largo;;
8479;T-Trike;7;1;Medio;;
6435;T. & W. Pease, Llc;18;5;Largo;;
9264;T. Rome Ent.;12;3;Largo;;
3323;T.A. Pelsue Company;19;3;Largo;;
9510;T.D. Trailers;13;2;Largo;;
7491;T.H.E. Machine Company;22;3;Largo;;
6736;T.H.S. Products, Inc;20;3;Largo;;
4832;T.J. Clark International, Llc;29;4;Largo;;
7782;T.L.R. S.P.A;12;2;Largo;;
7663;T.M.M;5;1;Medio;;
7011;T.S.I;5;1;Medio;;
9261;T.W.G. Machine, Inc.;20;3;Largo;;
6592;T2 Services, Inc.;17;3;Largo;;
11278;T3;2;1;Corto;;
7638;Taboo Motorcycle Co.;20;3;Largo;;
9018;Tabsa Trailer Company;21;3;Largo;;
5933;Tac Trailer;11;2;Largo;;
3206;Tag-A-Long Trailers;19;2;Largo;;
5830;Tag-Along;9;1;Medio;;
8937;Tagger Trailers;15;2;Largo;;
13826;Tago;4;1;Corto;;
10039;Tail Gunner;11;2;Largo;;
9712;Tailgate Pop Up, Llc;20;4;Largo;;
5242;Tailgater Party Trailers;24;3;Largo;;
10127;Tailgater Trailers;18;2;Largo;;
3207;Tailgator Concepts;18;2;Largo;;
8349;Tailgator Trailers;18;2;Largo;;
9333;Tailored Trailers;17;2;Largo;;
12016;Tailwind Designs Inc;20;3;Largo;;
3208;Tailwinds Trailers;18;2;Largo;;
3309;Taiwan Golden Bee;17;3;Largo;;
3212;Taiwan Helio Technology Co.;27;4;Largo;;
3215;Taixing Sandi Motorcycle;24;3;Largo;;
4761;Taizhou Chuanl Motorcycle Manufacturing;39;4;Largo;;
4524;Taizhou Chuanl Motorcycle Manufacturing Co.;43;5;Largo;;
3386;Taizhou City Kaitong Motorcycle Manufacture Co.,Ltd;51;6;Largo;;
3220;Taizhou Jiaojiang Zhiwei Motorcycle;35;4;Largo;;
7195;Taizhou Nebula Power Co., Ltd;29;5;Largo;;
3223;Taizhou Oming Motorcycle;24;3;Largo;;
6498;Takati Motorcycles Llc;22;3;Largo;;
3225;Take 3 Trailers Inc;19;4;Largo;;
5932;Talbert;7;1;Medio;;
10827;Taliah;6;1;Medio;;
3226;Talleres De La Garza, S.A. De C.V;33;7;Largo;;
3227;Talleres Lozano;15;2;Largo;;
6933;Talon Trailers;14;2;Largo;;
3231;Talon Trikes;12;2;Largo;;
3232;Tamarack Ind.;13;2;Largo;;
6302;Tamco;5;1;Medio;;
3236;Tammy'S Trailers;16;2;Largo;;
9730;Tampa Armature Works, Inc.;26;4;Largo;;
8947;Tampa Trailerworks, Inc.;24;3;Largo;;
11833;Tan Thanh;9;2;Medio;;
11835;Tan Thanh / Superior;20;4;Largo;;
3238;Tanfield Engineering Systems Us;31;4;Largo;;
8061;Tanglewood Management Llc;25;3;Largo;;
3240;Tank Master;11;2;Largo;;
3241;Tank Sports;11;2;Largo;;
8536;Tankcon Frp Inc.;16;3;Largo;;
3245;Tankko Llc;10;2;Largo;;
3330;Tanom Motors;12;2;Largo;;
12816;Tanq;4;1;Corto;;
3247;Tanques Y Equipos Industriales;30;4;Largo;;
10066;Tanques Y Remolques Guerra, Sa De Cv;36;7;Largo;;
3249;Tanques Y Remolques Silmex;26;4;Largo;;
5934;Tansa;5;1;Medio;;
4369;Tantric Cycles;14;2;Largo;;
3350;Taotao;6;1;Medio;;
11487;Taquerias Mobiles;17;2;Largo;;
13558;Tara;4;1;Corto;;
5031;Tarasport Trailers;18;2;Largo;;
3255;Tarelite Trailer;16;2;Largo;;
10164;Tarform;7;1;Medio;;
4386;Target Trailer;14;2;Largo;;
8590;Tarnel Usa;10;2;Largo;;
10949;Taro;4;1;Corto;;
4370;Tarrant Manufacturing Co., Inc.;31;4;Largo;;
3256;Tarter Industries;17;2;Largo;;
3257;Tarter Industries (Tarter West);31;4;Largo;;
10779;Task;4;1;Corto;;
10034;Tat, Inc.;9;2;Medio;;
3258;Tate'S Customizations;21;2;Largo;;
5595;Tatsa;5;1;Medio;;
3259;Tattoo Yachts, Llc.;19;3;Largo;;
11695;Tauro;5;1;Medio;;
3261;Tavasci;7;1;Medio;;
3343;Taxa Inc.;9;2;Medio;;
6225;Taylor;6;1;Medio;;
13785;Taylor And Ard Equipment;24;4;Largo;;
6958;Taylor Made Choppers Inc.;25;4;Largo;;
4376;Taylor Made Equipment;21;3;Largo;;
13363;Taylor Made Metal Works;23;4;Largo;;
5243;Taylor Power Systems;20;3;Largo;;
13587;Taylor Rig And Equipment, Llc;29;5;Largo;;
4375;Taylor Tide-Land Trailers;25;3;Largo;;
4374;Taylor Trailers;15;2;Largo;;
5244;Taylor'S Fab & Mechanical Svc'S;31;5;Largo;;
4373;Taylor'S Manufacturing;22;2;Largo;;
3263;Taylor-Dunn;11;1;Largo;;
9885;Taylor-Wharton;14;1;Largo;;
11041;Tayson;6;1;Medio;;
12933;Tazzari;7;1;Medio;;
3346;Tazzari Gl Spa;14;3;Largo;;
3264;Tbei;4;1;Corto;;
9022;Tbg Equipment Division Of Cushion Cut;37;6;Largo;;
8811;Tbm Mfg.;8;2;Medio;;
3266;Tbm Sand & Storage Logistic Llc;31;6;Largo;;
13275;Tbt Trailers;12;2;Largo;;
13262;Tcb;3;1;Corto;;
3270;Tcb Choppers;12;2;Largo;;
13075;Tcm;3;1;Corto;;
3271;Tcm Llc;7;2;Medio;;
3272;Tcs Bagger Chassis;18;3;Largo;;
9185;Tcs Cable, Inc.;15;3;Largo;;
13943;Tcteardrops Llc;15;2;Largo;;
5323;Td Manufacturing, Llc;21;3;Largo;;
8033;Tdm;3;1;Corto;;
4372;Tds Disposal Services;21;3;Largo;;
10021;Tdsl;4;1;Corto;;
12762;Team;4;1;Corto;;
3383;Team Fenex;10;2;Largo;;
8021;Team Spirit Trailers Of Elkhart, Inc.;37;6;Largo;;
9832;Teardrop;8;1;Medio;;
1401;Teardrop Camper;15;2;Largo;;
4605;Teardrops Nw;12;2;Largo;;
3273;Tebben Enterprises;18;2;Largo;;
3348;Tebco Of Ky, Inc;16;4;Largo;;
13720;Tecam Makina Otomotiv Tekstil Cadir Insaat Enerji Dis Ticaret;61;9;Largo;;
3288;Techline Engineering;20;2;Largo;;
9251;Technical Mobile Structures, Inc.;33;4;Largo;;
7274;Technology Development Group Inc;32;4;Largo;;
8836;Technology Plus Trailers, Inc.;30;4;Largo;;
7347;Technology Systems;18;2;Largo;;
8692;Techsun Trailers;16;2;Largo;;
8023;Techsys Chassis, Inc.;21;3;Largo;;
7199;Techweld Equipment Co. Inc;26;4;Largo;;
6720;Tedson Trailer & Equipment Repair Llc;37;6;Largo;;
6189;Tee Nee;7;2;Medio;;
12231;Teemak;6;1;Medio;;
10799;Teems Fabrication;17;2;Largo;;
3289;Tejas Trailers;14;2;Largo;;
12583;Tekiar;6;1;Medio;;
13559;Teko Inc.;9;2;Medio;;
8288;Teksol Inc;10;2;Largo;;
11661;Teleric;7;1;Medio;;
13184;Telluride;9;1;Medio;;
13150;Telo;4;1;Corto;;
13857;Telstar;7;1;Medio;;
5246;Temisko;7;1;Medio;;
3381;Temp-Air;8;1;Medio;;
6651;Tempest Cycles;14;2;Largo;;
6997;Temples Trailer Sales Inc;25;4;Largo;;
563;Temsa;5;1;Medio;;
10176;Ten Speed Tears Llc;19;4;Largo;;
11633;Tenco;5;1;Medio;;
3385;Tennessee Trailers;18;2;Largo;;
3291;Tennfab;7;1;Medio;;
9201;Tensas Machine & Manufacturing;30;4;Largo;;
11406;Tensik;6;1;Medio;;
3293;Tentrax;7;1;Medio;;
12150;Terberg Benschop B.V.;21;3;Largo;;
13325;Terberg Taylor;14;2;Largo;;
3294;Terco Manufacturing;19;2;Largo;;
3335;Terex Advance Mixer;19;3;Largo;;
3295;Terex Usa Llc;13;3;Largo;;
7947;Terminal Service Co;19;3;Largo;;
13724;Tern;4;1;Corto;;
12389;Terra Bikes;11;2;Largo;;
10954;Terracraft Outdoors;19;2;Largo;;
7772;Terradyne Equipment Company;27;3;Largo;;
3378;Terrafugia;10;1;Largo;;
8825;Terramarc Industries;20;2;Largo;;
12457;Terrapin Trailers;17;2;Largo;;
7132;Terrapod;8;1;Medio;;
11857;Terrarover Overland Company;27;3;Largo;;
5936;Terrell;7;1;Medio;;
10578;Terry'S Southern Automotive;27;3;Largo;;
3298;Terry'S Trailers;16;2;Largo;;
8777;Terry'S Trailers, Inc.;22;3;Largo;;
9398;Tesh & Sons;11;3;Largo;;
3300;Teske Manufacturing;19;2;Largo;;
441;Tesla;5;1;Medio;;
3301;Teton Buildings;15;2;Largo;;
8006;Teton Homes;11;2;Largo;;
4658;Teton International;19;2;Largo;;
10783;Teton Trailers;14;2;Largo;;
6381;Tetonx;6;1;Medio;;
5084;Tevco Manufacturing Llc;23;3;Largo;;
10456;Tex Fab Mfg, Llc;16;4;Largo;;
1131;Tex Hill Auto And Trailer Sales;31;6;Largo;;
9169;Tex Mex Trailers;16;3;Largo;;
9317;Tex Star Mfg.;13;3;Largo;;
3303;Tex-All;7;1;Medio;;
11111;Texan;5;1;Medio;;
7285;Texan Truck Body Co;19;4;Largo;;
10706;Texas Best;10;2;Largo;;
7805;Texas Best Trailer Sales & Service;34;6;Largo;;
8265;Texas Bragg Enterprises;23;3;Largo;;
3155;Texas Custom Choppers;21;3;Largo;;
3158;Texas Iron Designs;18;3;Largo;;
12218;Texas Metal Works;17;3;Largo;;
8615;Texas Novachem Corp;19;3;Largo;;
8423;Texas Precision;15;2;Largo;;
10148;Texas Pride Trailers;20;3;Largo;;
10692;Texas Push Off;14;3;Largo;;
3290;Texas Roll-Back Trailers;24;3;Largo;;
9806;Texas Select;12;2;Largo;;
12790;Texas Sidecar;13;2;Largo;;
3292;Texas Star Fabrications;23;3;Largo;;
10519;Texas Strong Trailers By Jca;28;5;Largo;;
12701;Texas Trailer;13;2;Largo;;
6465;Texas Trailer Cabin;19;3;Largo;;
6820;Texas Trailer Company;21;3;Largo;;
7286;Texas Trailer Corporation;25;3;Largo;;
13961;Texas Trailer Ranch;19;3;Largo;;
6822;Texas Trailer Service;21;3;Largo;;
7358;Texas Trailers;14;2;Largo;;
6821;Texas Trailers Inc.;19;3;Largo;;
3296;Texas Trailers Sales And Service;32;5;Largo;;
4371;Texas Truck And Trailer;23;4;Largo;;
3299;Texas Underground Aka Pipehunter;32;4;Largo;;
4718;Texas Wide Welding & Services;29;5;Largo;;
11298;Texino;6;1;Medio;;
7276;Texline;7;1;Medio;;
3304;Texmo Manufacturing;19;2;Largo;;
4582;Texoma Trailers;15;2;Largo;;
8043;Texoma Waste Control, Inc.;26;4;Largo;;
3306;Texstar Rv And Trailers;23;4;Largo;;
9875;Textron;7;1;Medio;;
10134;Teyin;5;1;Medio;;
7101;Tfk Custom Trailer;18;3;Largo;;
8872;Tfs Co;6;2;Medio;;
10983;Tgc;3;1;Corto;;
3314;Tgmi Inc;8;2;Medio;;
13919;Tgt Manufacturers;17;2;Largo;;
12308;Th Trailers;11;2;Largo;;
1755;Th!Nk;5;1;Medio;;
10065;Thaco;5;1;Medio;;
12453;Thaco Trailers;14;2;Largo;;
10821;Thamlev;7;1;Medio;;
8500;Thatta Enterprises Llc;22;3;Largo;;
5937;Thayco;6;1;Medio;;
3317;The Advance Metalworking Co;27;4;Largo;;
7106;The Allied Group;16;3;Largo;;
3322;The American Road Machinery Company;35;5;Largo;;
3326;The Bag Lady;12;3;Largo;;
8936;The Beevers, Inc.;17;3;Largo;;
10683;The Boxenstopp Inc.;19;3;Largo;;
3328;The Brinkmann Corporation;25;3;Largo;;
6241;The Brown Co.;13;3;Largo;;
11198;The Burly;9;2;Medio;;
9014;The Canopy Man;14;3;Largo;;
4387;The Chariot;11;2;Largo;;
12277;The Chop Shop;13;3;Largo;;
5247;The Chop Shop Llc;17;4;Largo;;
8699;The Chopper Shop Llc;20;4;Largo;;
3331;The Concrete Edge Co;20;4;Largo;;
7579;The Cycle Exchange;18;3;Largo;;
3332;The Dickirson Corporation;25;3;Largo;;
9708;The Dog House;13;3;Largo;;
13013;The Dump Trailer Company, Llc;29;5;Largo;;
7887;The Egg Ranch Of Oregon;23;5;Largo;;
3344;The Electric Vehicle Company;28;4;Largo;;
8670;The Fab Shop;12;3;Largo;;
3347;The Factory Metal Works;23;4;Largo;;
12451;The Fast Foodtrailers;21;3;Largo;;
12675;The Food Truck Factory;22;4;Largo;;
11154;The Fud Trailer;15;3;Largo;;
3352;The Glass Hand;14;3;Largo;;
9460;The Graham Co.;14;3;Largo;;
3355;The Hog Farm;12;3;Largo;;
6606;The Hydroseeding Company Llc;28;4;Largo;;
9625;The Job Shop, Inc.;18;4;Largo;;
9585;The Kuker Line;14;3;Largo;;
9465;The Lee Co;10;3;Largo;;
13385;The Little Car Company;22;4;Largo;;
5248;The Little Trailer Co, Inc.;27;5;Largo;;
11379;The Metal Guys;14;3;Largo;;
9248;The Nolan Company;17;3;Largo;;
13222;The Off-Road Trailers;21;3;Largo;;
5249;The Perfection Company;22;3;Largo;;
3356;The Piggy Backer Co;19;4;Largo;;
13979;The Raymath Company;19;3;Largo;;
3379;The Riverman Boatworks;22;3;Largo;;
3380;The Rv Factory;14;3;Largo;;
9576;The Scotty Company;18;3;Largo;;
12643;The Shak Fish Houses;20;4;Largo;;
5250;The Sholar Co, Inc.;19;4;Largo;;
4514;The Shop;8;2;Medio;;
11057;The Torch Chariot;17;3;Largo;;
3384;The Toro Company;16;3;Largo;;
10243;The Toy Barn;12;3;Largo;;
13870;The Trailer Factory Llc;23;4;Largo;;
5656;The Trailer Shop Puerto Rico Mfg;32;6;Largo;;
3393;The Trailer Shop, Inc;21;4;Largo;;
13646;The Utility Bike Company;24;4;Largo;;
3394;The Vehicle Production Group;28;4;Largo;;
3398;Therm Dynamics Mfg;18;3;Largo;;
6213;Thermal Trek Inc;16;3;Largo;;
12259;Thermo King Of Fargo;20;4;Largo;;
9462;Theurer, Inc.;13;2;Largo;;
6760;Thielen Machine & Welding, Inc;30;5;Largo;;
3400;Thigpen Metalworks;18;2;Largo;;
10064;Things Done Cycles;18;3;Largo;;
11818;Think Big;9;2;Medio;;
10421;Thml;4;1;Corto;;
6138;Tho;3;1;Corto;;
535;Thomas Built;12;2;Largo;;
7318;Thomas Fabricating Inc;22;3;Largo;;
537;Thomas Grinding;15;2;Largo;;
10274;Thomas Humphries Innovative Solutions;37;4;Largo;;
3410;Thompson & Zaber'S Garage, Inc;30;5;Largo;;
3411;Thompson Choppers;17;2;Largo;;
6458;Thompson Choppers Inc;21;3;Largo;;
5041;Thompson Manufacturing Company Wexford Ltd.;43;5;Largo;;
7743;Thompson Pump & Manufacturing Co., Inc.;39;6;Largo;;
7870;Thompson Tank Inc;17;3;Largo;;
14031;Thompson Trailers;17;2;Largo;;
5939;Thomsen;7;1;Medio;;
7742;Thomson Projects Ltd;20;3;Largo;;
12503;Thor;4;1;Corto;;
10836;Thor Built;10;2;Largo;;
13443;Thor Indiana, Inc.;18;3;Largo;;
10282;Thor Industries West;20;3;Largo;;
547;Thor Manufacturing Llc;22;3;Largo;;
7915;Thor Trailers, Inc;18;3;Largo;;
3412;Thoroughbred Motorsports Inc;28;3;Largo;;
5251;Thorp Equipment, Inc;20;3;Largo;;
3417;Three Feathers Manufacturing;28;3;Largo;;
9096;Three Kit;9;2;Medio;;
3422;Three Rivers Welding;20;3;Largo;;
3424;Three Two Choppers;18;3;Largo;;
13671;Throne Cycles;13;2;Largo;;
12928;Throwing Fitz;13;2;Largo;;
3425;Thru-Air Trailer;16;2;Largo;;
3426;Thru-Way Trailers Centre Limited;32;4;Largo;;
13571;Thrust Innovation;17;2;Largo;;
3457;Tht Manufacturing;17;2;Largo;;
3458;Thug Custom Cycles;18;3;Largo;;
3459;Thule Trailers;14;2;Largo;;
4523;Thule Trailers A Division Of Thule Towing Systems Llc;53;9;Largo;;
8350;Thule Trailers, Inc/C & C Distributors, Inc.;44;7;Largo;;
8508;Thumper;7;1;Medio;;
7611;Thunder Chopper Works;21;3;Largo;;
4656;Thunder Mountain Custom Cycles;30;4;Largo;;
6256;Thunder Trikes Inc;18;3;Largo;;
6257;Thunderbolt;11;1;Largo;;
10741;Thunderbolt Industries Llc;26;3;Largo;;
6385;Thunderdome Enterprises;23;2;Largo;;
3460;Thunderstruck Custom Bikes;26;3;Largo;;
5353;Thundervolt;11;1;Largo;;
7148;Thuro-Bilt, Inc.;16;2;Largo;;
4802;Thurston Manufacturing Company;30;3;Largo;;
5940;Ti-Brook;8;1;Medio;;
3462;Tianjin Qingyuan Electric Vehicle Co;36;5;Largo;;
1477;Tianma Motorcycle Co., Ltd.;27;4;Largo;;
13273;Tianzong;8;1;Medio;;
3469;Tibban Mfg;10;2;Largo;;
3382;Tico Manufacturing Division;27;3;Largo;;
13874;Tiderite;8;1;Medio;;
3471;Tidewater Trailers;18;2;Largo;;
10874;Tidwells;8;1;Medio;;
9012;Tie Down Engineering, Inc.;26;4;Largo;;
10388;Tier 1 Fabrication;18;3;Largo;;
10642;Tiernan;7;1;Medio;;
3481;Tiffin Motorhomes, Inc;22;3;Largo;;
9555;Tiger Line;10;2;Largo;;
3489;Tiger Motor Co., Ltd.;21;4;Largo;;
3492;Tiger Truck;11;2;Largo;;
11227;Tigertx;7;1;Medio;;
3494;Tight Lines Trailers Llc;24;4;Largo;;
3496;Tightline Fish House;20;3;Largo;;
13763;Tillery Auto;12;2;Largo;;
3498;Tilman Dump Trailers;20;3;Largo;;
3500;Tim Nobles Trailers;19;3;Largo;;
9105;Timber Creek Recreational Vehicle;33;4;Largo;;
9884;Timber Ridge Country Cabins;27;4;Largo;;
14069;Timber Sauna Co.;16;3;Largo;;
5484;Timberleaf;10;1;Largo;;
7012;Timberline Enterprises;22;2;Largo;;
8643;Timberline Range Camps Inc.;27;4;Largo;;
3503;Timberwolf Manufacturing Corporation;36;3;Largo;;
3505;Timbery Llc;11;2;Largo;;
13487;Timbren X;9;2;Medio;;
10229;Time Out;8;2;Medio;;
7571;Timelee'S;9;1;Medio;;
3508;Timeless Travel Trailers;24;3;Largo;;
11544;Timen;5;1;Medio;;
5331;Timpte, Inc;11;2;Largo;;
10032;Tinbot;6;1;Medio;;
5409;Tinitron Motors;15;2;Largo;;
5410;Tinitron Trailers;17;2;Largo;;
13477;Tiny;4;1;Corto;;
5560;Tiny Camper Company;19;3;Largo;;
6994;Tiny Home;9;2;Medio;;
11719;Tiny Home Rv;12;3;Largo;;
5501;Tiny Home Trailer;17;3;Largo;;
10049;Tiny Homes Of Maine;19;4;Largo;;
6541;Tiny Homes Of Ohio;18;4;Largo;;
6502;Tiny Homes Of Oklahoma Llc;26;5;Largo;;
5448;Tiny House Chattanooga;22;3;Largo;;
9689;Tiny House Cribs, Llc;21;4;Largo;;
4580;Tiny Idahomes;13;2;Largo;;
11163;Tiny Mountain Houses;20;3;Largo;;
9063;Tiny Smart House;16;3;Largo;;
3510;Tiny Trailer;12;2;Largo;;
3511;Tioga Air Heaters;17;3;Largo;;
13525;Tipsy Trash Trailers;20;3;Largo;;
4391;Tisdell'S Implements;20;2;Largo;;
6898;Titan;5;1;Medio;;
10925;Titan Electric Vehicles;23;3;Largo;;
8393;Titan Fabrication & Welding;27;4;Largo;;
11169;Titan Food Trailers Llc;23;4;Largo;;
3516;Titan Haul Usa;14;3;Largo;;
3612;Titan Imports;13;2;Largo;;
12425;Titan Intelligence Technology Llc;33;4;Largo;;
3613;Titan Manufacturing;19;2;Largo;;
12860;Titan Manufacturing Llc;23;3;Largo;;
3614;Titan Marine Llc;16;3;Largo;;
3623;Titan Trailer Mfg;17;3;Largo;;
3631;Titan Trailers;14;2;Largo;;
6999;Titan Trailers Inc.;19;3;Largo;;
11994;Titan Truss;11;2;Largo;;
3632;Titan Utv;9;2;Medio;;
11404;Titanium Cargo Trailers;23;3;Largo;;
4682;Titanium Trailer Mfg;20;3;Largo;;
13991;Titansis;8;1;Medio;;
13788;Titaone;7;1;Medio;;
5295;Tj Oilfield Services,Llc.;25;3;Largo;;
7664;Tj Raese And Company Llc;24;5;Largo;;
5532;Tjc;3;1;Corto;;
12210;Tjs Welding;11;2;Largo;;
8357;Tjw Welding Trailer Supply & Steel;34;6;Largo;;
8585;Tk Trailers;11;2;Largo;;
10947;Tkb Manufacturing;17;2;Largo;;
10872;Tko Equipment Sales & Rental Llc;32;6;Largo;;
7399;Tl Engineering;14;2;Largo;;
7291;Tl Enterprises;14;2;Largo;;
14011;Tlc;3;1;Corto;;
8761;Tlc Of Tx. Inc.;15;4;Largo;;
3633;Tlr Welding & Fabricating;25;4;Largo;;
7469;Tm Industries, Llc;18;3;Largo;;
4392;Tm Marine Group;15;3;Largo;;
3860;Tmc;3;1;Corto;;
4393;Tmc Design;10;2;Largo;;
8831;Tmc Trailers, Llc;17;3;Largo;;
3634;Tmc, Inc;8;2;Medio;;
4679;Tmco;4;1;Corto;;
4441;Tmec;4;1;Corto;;
12903;Tmg Trailer;11;2;Largo;;
3635;Tmp Out West;12;3;Largo;;
5368;Tmp Truck & Trailer;19;4;Largo;;
5252;Tms, Inc;8;2;Medio;;
3636;Tmt Manufacturing;17;2;Largo;;
3638;Tna Customs;11;2;Largo;;
11006;Tnps;4;1;Corto;;
8254;Tns Trailers;12;2;Largo;;
10765;Tnt;3;1;Corto;;
8266;Tnt Aluminum Trailers Inc;25;4;Largo;;
3641;Tnt Choppers;12;2;Largo;;
7006;Tnt Jet Tech, Inc;17;4;Largo;;
6513;Tnt Trailer, Inc;16;3;Largo;;
3645;Tnt Trailers;12;2;Largo;;
8223;Tnt, A Division Of Banks Trailer Group;38;7;Largo;;
3709;Toa Usa;7;2;Medio;;
7083;Toby'S Mechanical;17;2;Largo;;
13862;Today Sunshine;14;2;Largo;;
7138;Todd Geisert;12;2;Largo;;
9222;Todd'S Welding Service, Inc.;28;4;Largo;;
8102;Toe-Me Trailers;15;2;Largo;;
10934;Toedrop Trailer 02;18;3;Largo;;
10935;Toedrop Trailer 03;18;3;Largo;;
9113;Tom'S Sales & Service, Inc.;27;5;Largo;;
8048;Tom'S Trailer Works;19;3;Largo;;
9039;Tom'S Trailers, Inc.;20;3;Largo;;
10363;Tomahawk;8;1;Medio;;
3652;Tomahawk Custom Choppers;24;3;Largo;;
7804;Tomahawk Fabricating;20;2;Largo;;
13038;Tomahawk Trailers;17;2;Largo;;
7258;Tomahawk Trailers Inc;21;3;Largo;;
3655;Tomberlin;9;1;Medio;;
3656;Tombstone Hearse & Trikes;25;4;Largo;;
3659;Tomcar Usa;10;2;Largo;;
6535;Tomken Machine Inc.;19;3;Largo;;
3662;Tommy 2-Way Trailer;19;3;Largo;;
3665;Tommy Boy Racing;16;3;Largo;;
3668;Tommy Tow Trailers;18;3;Largo;;
3669;Tomos;5;1;Medio;;
6359;Tonkawa Trailers & Steel Fabricators;36;5;Largo;;
3670;Toocylinder;11;1;Largo;;
13688;Tookcar;7;1;Medio;;
12523;Tool Trailer Usa;16;3;Largo;;
13232;Tool Trailer Usa (Jinhua Better Trailer Manufacturing Co., Ltd);63;9;Largo;;
13221;Toolcrest, Llc;14;2;Largo;;
5465;Top Brand;9;2;Medio;;
6953;Top Deck Trailers And Motorhome Inc.;36;6;Largo;;
3693;Top Dog Aluminum;16;3;Largo;;
7895;Top Enterprises Inc;19;3;Largo;;
9846;Top Gun Trailers;16;3;Largo;;
5660;Top Hat Industries;18;3;Largo;;
4469;Top Notch Manufacturing;23;3;Largo;;
7241;Top Notch Trailers;18;3;Largo;;
3694;Top Notch Trailers Manufacturing Inc;36;5;Largo;;
13245;Top Shelf;9;2;Medio;;
9821;Top Shelf Mfg.;14;3;Largo;;
10504;Top Tier Trailers;17;3;Largo;;
8697;Top Tow Trailers;16;3;Largo;;
9287;Top Trailers;12;2;Largo;;
3697;Topeka Metal Specialties (Tms Trailers);39;5;Largo;;
13563;Torera;6;1;Medio;;
10547;Tork Trailers Llc;17;3;Largo;;
10794;Toro;4;1;Corto;;
10175;Toro Cargo, Llc;15;3;Largo;;
11922;Toro Design And Manufacturing Llc;33;5;Largo;;
13702;Toro Workman;12;2;Largo;;
11996;Torres-Castaneda Trailer Llc;28;3;Largo;;
4714;Torrid T.G.;11;2;Largo;;
9053;Torrot Electric Eupoa, S.L.;27;4;Largo;;
6824;Torsion Trailers, Llc;21;3;Largo;;
10593;Tortoise;8;1;Medio;;
3698;Tortured Steel Choppers;23;3;Largo;;
3704;Total E&S Dba Total Equipment And Service;41;7;Largo;;
3706;Total Electric Vehicles;23;3;Largo;;
3711;Tote 'Em Trailers;17;3;Largo;;
7240;Tote'Em Trailright Trailers;27;3;Largo;;
3713;Totem Equipment & Supply;24;4;Largo;;
3717;Toter Industries;16;2;Largo;;
6477;"Touch ""A"" Class Mfg.";20;4;Largo;;
10749;Touch Of Redland;16;3;Largo;;
3720;Tour De Taverns;15;3;Largo;;
3724;Touringproducts.Com;19;1;Largo;;
3727;Tournier Mfg.;13;2;Largo;;
3729;Tourtec Trailers;16;2;Largo;;
8341;Tow Pro Llc;11;3;Largo;;
3730;Tow Rite Mfg;12;3;Largo;;
13590;Tow Smart;9;2;Medio;;
6825;Tow True Trailers;17;3;Largo;;
3731;Tow Zone Trailer;16;3;Largo;;
4477;Tow-It-All;10;1;Largo;;
3737;Tow-Rite;8;1;Medio;;
3732;Towblazer;9;1;Medio;;
8255;Tower Sign & Signal Co;22;5;Largo;;
3734;Tower Solutions;15;2;Largo;;
3735;Tower Trailers;14;2;Largo;;
4712;Tower Trikes;12;2;Largo;;
3736;Towerworx;9;1;Medio;;
9174;Towmaster Inc.;14;2;Largo;;
4461;Towmaxx Speciality Trailer;26;3;Largo;;
6616;Towmore;7;1;Medio;;
12066;Towyo;5;1;Medio;;
3218;Toxic Cycles Llc;16;3;Largo;;
3222;Toy Carriers, Inc;17;3;Largo;;
7007;Toy Dolly;9;2;Medio;;
4462;Toy Toters;10;2;Largo;;
5253;Toyhoyst Inc.;13;2;Largo;;
448;Toyota;6;1;Medio;;
12907;Tpws;4;1;Corto;;
9644;Tra/Rem;7;1;Medio;;
7175;Trac Vac;8;2;Medio;;
12286;Track Trailer;13;2;Largo;;
10061;Trackabout Off Road Campers;27;4;Largo;;
10191;Tracker;7;1;Medio;;
4939;Trackmaster;11;1;Largo;;
7352;Trackmaster Trailers;20;2;Largo;;
6849;Trackstar Inc.;14;2;Largo;;
12297;Tracpac;7;1;Medio;;
12535;Tractec;7;1;Medio;;
3224;Tracto De Monterrey Y Asociados Sa De Cv;40;8;Largo;;
11238;"Tractocamiones Y Carrocerias ""Remada""";37;4;Largo;;
3230;Tractoremolques Y Adaptaciones, Sa De Cv;40;6;Largo;;
10159;Tradco;6;1;Medio;;
5941;Traders Mfg. Group Inc;22;4;Largo;;
4921;Tradesman Company;17;2;Largo;;
4704;Tradewinds Power Corp;21;3;Largo;;
12418;Tradition;9;1;Medio;;
3234;Trafcon Industries Inc.;23;3;Largo;;
8210;Traffic Advisor;15;2;Largo;;
8998;Traffic Transport Engineering;29;3;Largo;;
5568;Trafficalm Systems;18;2;Largo;;
11296;Traialdi;8;1;Medio;;
5996;Trail A Board;13;3;Largo;;
9746;Trail Campers;13;2;Largo;;
6154;Trail Craft;11;2;Largo;;
3239;Trail Creek Rv. Llc;19;4;Largo;;
3251;Trail King Industries;21;3;Largo;;
4463;Trail Maker Trailers;20;3;Largo;;
14036;Trail Marshal;13;2;Largo;;
3243;Trail Master, Inc.;18;3;Largo;;
4464;Trail Mate Products;19;3;Largo;;
12340;Trail Maxx;10;2;Largo;;
3248;Trail One Llc;13;3;Largo;;
13955;Trail R Blazer;14;3;Largo;;
9280;Trail Rite Trailers;19;3;Largo;;
11556;Trail Runner;12;2;Largo;;
5446;Trail Star Trailer;18;3;Largo;;
12431;Trail Trailer;13;2;Largo;;
8694;Trail-A-Long;12;1;Largo;;
3265;Trail-A-Toy Manufacturing Corporation;37;3;Largo;;
6830;Trail-Et;8;1;Medio;;
7392;Trail-Rite;10;1;Largo;;
6565;Trail-Rite Llc;14;2;Largo;;
6829;Trail-Rite Trailers;19;2;Largo;;
7558;Trailalong Trailer Inc.;23;3;Largo;;
14060;Trailblaze Motors;17;2;Largo;;
7879;Trailblazer Trailers;20;2;Largo;;
3269;Trailblazer, Inc;16;2;Largo;;
5942;Trailboss;9;1;Medio;;
5944;Trailboss Boat Trailers Inc;27;4;Largo;;
8797;Trailco Equipment Sales;23;3;Largo;;
8344;Trailduster Trailers Inc.;25;3;Largo;;
5254;Trailer & Truck;15;3;Largo;;
3275;Trailer Baron Of S.C., Inc.;27;5;Largo;;
8633;Trailer Builders Inc.;21;3;Largo;;
9855;Trailer Central;15;2;Largo;;
9546;Trailer Components Of Florida, Inc.;35;5;Largo;;
3276;Trailer Components, Inc.;24;3;Largo;;
8434;Trailer Corporation Of America, Inc.;36;5;Largo;;
3277;Trailer Creations Llc;21;3;Largo;;
3278;Trailer Daddy Mfg;17;3;Largo;;
9599;Trailer Distributors Incorporated;33;3;Largo;;
8966;Trailer Engineering Co.;23;3;Largo;;
7880;Trailer Force;13;2;Largo;;
3279;Trailer Franchise;17;2;Largo;;
3280;Trailer Fx Custom Manufacturing;31;4;Largo;;
3282;Trailer In A Bag, Inc.;22;5;Largo;;
7296;Trailer Industries, Inc;23;3;Largo;;
10877;Trailer King Custom Design And Build;36;6;Largo;;
12800;Trailer Made;12;2;Largo;;
10261;Trailer Made Custom Trailers;28;4;Largo;;
11779;Trailer Mania;13;2;Largo;;
3302;Trailer Manufacturers Of Toledo, Llc;36;5;Largo;;
10048;Trailer Manufacturers, Inc.;27;3;Largo;;
10733;Trailer Master;14;2;Largo;;
11592;Trailer Pro;11;2;Largo;;
7130;Trailer Rebuilders, Inc.;24;3;Largo;;
10594;Trailer Repairs Of Nw Florida Llc;33;6;Largo;;
3308;Trailer Rush, Inc.;18;3;Largo;;
8681;Trailer Sales And Supply Of Chattahoochee;41;6;Largo;;
3312;Trailer Sales Of Mi;19;4;Largo;;
12724;Trailer Source Manufacturing, Llc;33;4;Largo;;
9194;Trailer Source, Inc.;20;3;Largo;;
12076;Trailer Sources Manufacturer, Llc;33;4;Largo;;
10598;Trailer Specialists Of Knoxville Llc;36;5;Largo;;
3313;Trailer Specialties, Inc.;25;3;Largo;;
11516;Trailer Tech;12;2;Largo;;
8156;Trailer Tech, Inc;17;3;Largo;;
11916;Trailer Technologies;20;2;Largo;;
6631;Trailer Time Trailers;21;3;Largo;;
12441;Trailer Up;10;2;Largo;;
3321;Trailer Weld Shop;17;3;Largo;;
9459;Trailer World Inc.;18;3;Largo;;
12639;Trailer World, Caliber;22;3;Largo;;
3339;Trailer-Lift Ltd.;17;2;Largo;;
7799;Trailer-Pro Inc;15;2;Largo;;
8610;Trailering Depot, Llc;21;3;Largo;;
3341;Trailermakers, Llc;18;2;Largo;;
10336;Trailerman Trailers;19;2;Largo;;
12386;Trailerman Trailers Ltd;23;3;Largo;;
3345;Trailerman Trailers, Inc.;25;3;Largo;;
12688;Trailermax;10;1;Largo;;
8838;Trailers +;10;2;Largo;;
4465;Trailers And More;17;3;Largo;;
8885;Trailers By Jel;15;3;Largo;;
13635;Trailers By Machine Worx;24;4;Largo;;
6559;Trailers By Mike;16;3;Largo;;
10641;Trailers By Premier;19;3;Largo;;
10174;Trailers By Southern Llc;24;4;Largo;;
6255;Trailers Express Inc;20;3;Largo;;
3349;Trailers Inc. Of Hill City;26;5;Largo;;
8888;Trailers Ltd;12;2;Largo;;
13322;Trailers Niagara Mfg.;21;3;Largo;;
10408;Trailers Of Knoxville;21;3;Largo;;
6850;Trailers Plus;13;2;Largo;;
12088;Trailers Solutions;18;2;Largo;;
3351;Trailers Tandems Y Maquinas S.A. De C.V.;40;7;Largo;;
7402;Trailers Unlimited;18;2;Largo;;
13820;Trailers Unlimited (H-Custom);29;3;Largo;;
6973;Trailers Unlimited Of Arlington;31;4;Largo;;
8294;Trailers Usa, Inc.;18;3;Largo;;
9166;Trailers-N-More;15;1;Largo;;
8991;Trailers-R-Us, Inc.;19;2;Largo;;
10736;Trailers4Two Llc;16;2;Largo;;
10083;Trailershop;11;1;Largo;;
10278;Trailersmt.Com;14;1;Largo;;
3357;Trailex Inc.;12;2;Largo;;
3358;Trailgrader Fabrication, Llc;28;3;Largo;;
13376;Trailhawk Manufacturing;23;2;Largo;;
11129;Trailhead;9;1;Medio;;
3359;Trailman, Inc.;14;2;Largo;;
3464;Trailmanor;10;1;Largo;;
3468;Trailmanor Manufacturing Company, Llc;37;4;Largo;;
5945;Trailmaster;11;1;Largo;;
8798;Trailmaster Inc.;16;2;Largo;;
9330;Trailmaster, Inc.;17;2;Largo;;
1920;Trailmaster/Vanguard;20;1;Largo;;
1736;Trailmax;8;1;Medio;;
13007;Trailmax Trailers;17;2;Largo;;
6072;Trailmobile;11;1;Largo;;
3477;Trailon Trailer Corp.;21;3;Largo;;
7323;Trailrite;9;1;Medio;;
9388;Trails West Manufacturing;25;3;Largo;;
5946;Trailstar;9;1;Medio;;
12754;Trailtech Llc;13;2;Largo;;
9452;Trailtech Trailers;18;2;Largo;;
11935;Train View;10;2;Largo;;
8916;Tram Power Car;14;3;Largo;;
8918;Tram Trailer;12;2;Largo;;
4466;Tramont Corporation;19;2;Largo;;
4641;Tramont Manufacturing;21;2;Largo;;
10182;Tranformacion Y Transporte Sa De Cv;35;6;Largo;;
8921;Trans National Trailers, Inc.;29;4;Largo;;
8056;Trans-Tech Industries, Inc.;27;3;Largo;;
7677;Transcor International Development Corpo;40;4;Largo;;
10511;Transcraft;10;1;Largo;;
12050;Transcraft/Wabash;17;1;Largo;;
3482;Transformatrucks, Llc;21;2;Largo;;
8070;Transformer Trailers, Inc;25;3;Largo;;
3487;Transglobal Container, Llc;26;3;Largo;;
5947;Transglobal Industries;22;2;Largo;;
3490;Transhaul, Inc.;15;2;Largo;;
5369;Transi-Corp;11;1;Largo;;
9385;Translift Systems, Inc.;23;3;Largo;;
9020;Transmark;9;1;Medio;;
4867;Transport Buddy;15;2;Largo;;
4851;Transport Custom Designs;24;3;Largo;;
3493;Transport Designs, Inc.;23;3;Largo;;
7862;Transport Equipment Manufacturing & Sales Corp;46;6;Largo;;
3502;Transportation Systems Solutions, Llc;37;4;Largo;;
4412;Transportation Techniques;25;2;Largo;;
10685;Transporter;11;1;Largo;;
3674;Transpower;10;1;Largo;;
11974;Transpro;8;1;Medio;;
12168;Transquip Llc / Versamax;24;4;Largo;;
5449;Transtar Atw;12;2;Largo;;
5948;Transtech;9;1;Medio;;
3507;Transworld Equipment Corp.;26;3;Largo;;
3509;Transworld Manufacturing Co.;28;3;Largo;;
13328;Trash Rocket;12;2;Largo;;
11050;Travalign;9;1;Medio;;
5949;Travalong;9;1;Medio;;
10863;Travalum;8;1;Medio;;
5950;Travel Line;11;2;Largo;;
3512;Travel Lite, Inc.;17;3;Largo;;
12419;Travel Suites;13;2;Largo;;
12926;Travel Supreme (Ts-1);21;3;Largo;;
3517;Travel Units, Inc.;18;3;Largo;;
3515;Travel-Lite, Inc.;17;2;Largo;;
3518;Travelmate, Llc;15;2;Largo;;
12994;Travelstar;10;1;Largo;;
3519;Travertson Inc.;15;2;Largo;;
3520;Travis Body & Trailer, Inc.;27;5;Largo;;
3521;Trax Manufacturing;18;2;Largo;;
12215;Traylfer;8;1;Medio;;
4816;Traylorco;9;1;Medio;;
647;Trekker;7;1;Medio;;
7786;Trelan Manufacturing;20;2;Largo;;
10984;Tremcar;7;1;Medio;;
12929;Tretter Built;13;2;Largo;;
5582;Tri City;8;2;Medio;;
3524;Tri County Choppers Ii;22;4;Largo;;
4413;Tri State Industries;20;3;Largo;;
5951;Tri-City Boat Dock;18;3;Largo;;
8994;Tri-Co Specialties;18;2;Largo;;
6890;Tri-County Manufacturing, Inc.;30;3;Largo;;
7046;Tri-Den, Inc;12;2;Largo;;
6891;Tri-One, Inc.;13;2;Largo;;
9547;Tri-Quest, Inc.;15;2;Largo;;
3564;Tri-Star Trailer Mfg.;21;3;Largo;;
6892;Tri-Star Trailers;17;2;Largo;;
3567;Tri-State Choppers, Inc.;24;3;Largo;;
3578;Tri-Welding Fabrications;24;2;Largo;;
6894;Triad Aluminum Fabrication;26;3;Largo;;
3525;Triad Trailers Llc;18;3;Largo;;
7959;Triangle Manufacturing And Pump Co. Inc;39;6;Largo;;
10952;Tribe;5;1;Medio;;
13434;Tricargo;8;1;Medio;;
3526;Trick Trailers;14;2;Largo;;
729;Tricker Trailers;16;2;Largo;;
3527;Trickfightercustoms Llc;23;2;Largo;;
3542;Tridelta Systems, L.L.C.;24;3;Largo;;
9920;Trident;7;1;Medio;;
5953;Trident Motor;13;2;Largo;;
11191;Trident Pedal;13;2;Largo;;
8616;Trident Trailers;16;2;Largo;;
9066;Trifecta;8;1;Medio;;
3545;Trifun, Inc.;12;2;Largo;;
9125;Trigger Technics Bv;19;3;Largo;;
5954;Trihawk;7;1;Medio;;
3547;Trike Worx Llc;14;3;Largo;;
3548;Trikes-R-Us;11;1;Largo;;
5955;Triking;7;1;Medio;;
3549;Trillium Rv Ltd.;16;3;Largo;;
13626;Trim Chute Trailer;18;3;Largo;;
12013;Trime Us, Inc.;14;3;Largo;;
10682;Trimworkz;9;1;Medio;;
12169;Trinity;7;1;Medio;;
3587;Trinity Frame & Fab;19;4;Largo;;
10108;Trinity Highway Products;24;3;Largo;;
3588;Trinity Industries;18;2;Largo;;
3552;Trinity Trailer Mfg., Inc.;26;4;Largo;;
6152;Trinity Trailers;16;2;Largo;;
9744;Trinity Trailers (Trinity Truck & Trailer Service);50;7;Largo;;
12641;Triple B Fab, Llc;17;4;Largo;;
6153;Triple B Trailers;17;3;Largo;;
8910;Triple B&J Trailers Mfg. Inc.;29;5;Largo;;
12458;Triple C Manufacturing;22;3;Largo;;
5583;Triple C Trailers;17;3;Largo;;
5454;Triple Crown Trailers, Inc;26;4;Largo;;
8292;Triple E Industries;19;3;Largo;;
10479;Triple G;8;2;Medio;;
6384;Triple G Smokers;16;3;Largo;;
7436;Triple J Custom Trailers;24;4;Largo;;
8704;Triple J Enterprises;20;3;Largo;;
3556;Triple J Weld Fab Repair, Llc;29;6;Largo;;
9321;Triple J. Trailer Sales;23;4;Largo;;
10716;Triple L;8;2;Medio;;
8413;Triple M Manufacturing;22;3;Largo;;
7718;Triple R;8;2;Medio;;
3558;Triple R Trailer Sales, Inc;27;5;Largo;;
13588;Triple Trailers;15;2;Largo;;
11844;Triple X;8;2;Medio;;
9331;Triple-B Truck Body And Metal Fabricating Company;49;7;Largo;;
5521;Triple-C Trailer;16;2;Largo;;
6905;Triple-H-Trailers;17;1;Largo;;
8194;Triple-L;8;1;Medio;;
12028;Triple-T Trailers;17;2;Largo;;
12298;Tripps;6;1;Medio;;
6906;Trisen Fabrication;18;2;Largo;;
10069;Tristar Welding Llc;19;3;Largo;;
5956;Tritan Ventures;15;2;Largo;;
4911;Triton;6;1;Medio;;
10162;Triton Defense;14;2;Largo;;
12427;Triton Power;12;2;Largo;;
3570;Triton Trikes, Llc;18;3;Largo;;
565;Triumph;7;1;Medio;;
12705;Triumph Trailers;16;2;Largo;;
3576;Triune Manufacturing Co., Inc.;30;4;Largo;;
6525;Trivan Truck Body Llc;21;4;Largo;;
3577;Trivan Truck Bodyy Texas, Llc;29;5;Largo;;
11289;Trojan Ev;9;2;Medio;;
12384;Trojan Hose & Supply;20;4;Largo;;
4594;Trojan Trailers;15;2;Largo;;
8774;Trolley Boats;13;2;Largo;;
3579;Trophy Boat Trailers, Inc;25;4;Largo;;
8327;Tropic Trailer, Inc.;20;3;Largo;;
8059;Tropical Trailers Of Lakeland, Inc;34;5;Largo;;
10209;Tropos Motors;13;2;Largo;;
11595;Tropos Technologies Inc;23;3;Largo;;
7767;Trotters Manufacturing, Inc;27;3;Largo;;
12504;Trotty;6;1;Medio;;
3580;Troubadour Trailers Llc;23;3;Largo;;
7519;Trout Creek Enterprises;23;3;Largo;;
4684;Trout River Industries;22;3;Largo;;
7520;Troxell Company;15;2;Largo;;
12760;Troxus;6;1;Medio;;
11848;Troyer Brothers, Inc.;21;3;Largo;;
4773;Trp Motors;10;2;Largo;;
12958;Trr;3;1;Corto;;
13872;Tru Form;8;2;Medio;;
6838;Tru Level Trailers;18;3;Largo;;
3388;Tru-Hitch;9;1;Medio;;
6076;Tru-Tow Trailers;16;2;Largo;;
5589;Tru-Weld;8;1;Medio;;
3581;Truck Bed And Trailer Sales, Llc;32;6;Largo;;
3584;Truck Crane Solutions;21;3;Largo;;
7976;Truck Equipment Corporation(Tec);32;3;Largo;;
6202;Truck Tech;10;2;Largo;;
4414;Truck World;11;2;Largo;;
4579;Truck-Tech;10;1;Largo;;
3585;Truck-Tech Engineers Inc.;25;3;Largo;;
12403;Truckers Of America;19;3;Largo;;
4598;Trucking Trm Inc.;17;3;Largo;;
3676;Trucks & Trailer Ou;19;4;Largo;;
7211;Trucks Unlimited;16;2;Largo;;
11511;True Blue Trailers;18;3;Largo;;
4906;True Texan Manufacturing;24;3;Largo;;
4415;True Trail;10;2;Largo;;
13120;Trueline;8;1;Medio;;
12909;Truepath Trailers;17;2;Largo;;
4416;Trunks On Wheels;16;3;Largo;;
12966;Trurebel;8;1;Medio;;
11142;Truss Trailer;13;2;Largo;;
11358;Truvie Trailers Llc;19;3;Largo;;
12045;Truxco;6;1;Medio;;
10580;Truxton;7;1;Medio;;
12239;Trystar Llc;11;2;Largo;;
5255;Tse International, Inc.;23;3;Largo;;
11026;Tsi;3;1;Corto;;
10260;Ttc;3;1;Corto;;
12073;Ttnmx, S. De R.L. De C.V;24;6;Largo;;
11304;Ttocs Trailer;13;2;Largo;;
12326;Ttop Mfg;8;2;Medio;;
10761;Tts;3;1;Corto;;
10810;Tts Offroad;11;2;Largo;;
13327;Tts Trailers;12;2;Largo;;
10705;Tub Hand;8;2;Medio;;
10883;Tubal-Cain;10;1;Largo;;
8443;Tube Systems Llc;16;3;Largo;;
6551;Tuf;3;1;Corto;;
8828;Tuf-Manufacturing, Inc.;23;2;Largo;;
6231;Tuff Boy Sales;14;3;Largo;;
4806;Tuff Built Products Inc.;24;4;Largo;;
4417;Tuff Built Trailers Of Oklahoma;31;5;Largo;;
10526;Tuff Dawg;9;2;Medio;;
4825;Tuff Manufacturing Llc;22;3;Largo;;
8155;Tuff Mfg.;9;2;Medio;;
9925;Tuff Stuff;10;2;Largo;;
3470;Tuff Trailer Usa Inc;20;4;Largo;;
3472;Tuff-Built Trailers;19;2;Largo;;
7826;Tuff-E-Nuff Mfg;15;2;Largo;;
3473;Tuff-Go;7;1;Medio;;
10552;Tuffdump;8;1;Medio;;
10004;Tuffr Trailer Co.;17;3;Largo;;
13159;Tuffshitrailers, Llc;20;2;Largo;;
12644;Tuffy;5;1;Medio;;
10231;Tuffy Tilt Tables;17;3;Largo;;
5256;Tug Hill Trailer Mfg.;21;4;Largo;;
9926;Tulsa Gas Technologies, Inc.;28;4;Largo;;
3474;Tulsa Rig Iron;14;3;Largo;;
4418;Tulsa Trikes;12;2;Largo;;
3476;Tumbleweed Trailer;18;2;Largo;;
11572;Tune;4;1;Corto;;
13435;Turbocristal Inc.;17;2;Largo;;
14058;Turf Commander Lsv;18;3;Largo;;
8650;Turfmaker Corporation;21;2;Largo;;
14028;Turmanator;10;1;Largo;;
5957;Turnbow;7;1;Medio;;
12866;Turner Machine Company;22;3;Largo;;
6552;Turning Point Trailer Mfg, Llc;30;5;Largo;;
3479;Turris Systems;14;2;Largo;;
1744;Turtle Top;10;2;Largo;;
10057;Turtle Transit, Inc.;20;3;Largo;;
5469;Turtle Up;9;2;Medio;;
10059;Turtleback Adventure Llc;24;3;Largo;;
561;Turtleback Trailers;19;2;Largo;;
11469;Tuscaloosa Custom Carts;23;3;Largo;;
12781;Tuscarora Structures;20;2;Largo;;
12103;Tusky;5;1;Medio;;
12435;Tut;3;1;Corto;;
13653;Tuyou Llc;9;2;Medio;;
3480;Tw Enterprises;14;2;Largo;;
10895;Twain Trailers;14;2;Largo;;
1877;Twamco Trailer;14;2;Largo;;
13319;Twh Trailers Llc;16;3;Largo;;
3647;Twi Trailers;12;2;Largo;;
3483;Twike Fine Motor Gmbh;21;4;Largo;;
13466;Twilight/Twilight Signature;27;2;Largo;;
13537;Twin Brook Fabrication;22;3;Largo;;
5789;Twin City;9;2;Medio;;
14001;Twin Eagle Trailers;19;3;Largo;;
10967;Twin Hauler;11;2;Largo;;
3485;Twin Oaks Industries;20;3;Largo;;
9159;Twin Rivers Mfg.;16;3;Largo;;
14006;Twin Star Equipment & Mfg.;26;5;Largo;;
3486;Twisted Hawaiian;16;2;Largo;;
3491;Twisted Iron Bobbers;20;3;Largo;;
3488;Twisted Iron Customs;20;3;Largo;;
9687;Twisted Pine Trailer Manufacturing;34;4;Largo;;
3495;Twisted Ridez;13;2;Largo;;
3497;Twisted Steel Choppers;22;3;Largo;;
8441;Twisted Twin Inc;16;3;Largo;;
7382;Twister Trailer Mfg Inc;23;4;Largo;;
3513;Twistercity Cycle Works;23;3;Largo;;
8996;Two-K Manufacturing;19;2;Largo;;
9380;Two-Pak Trailer Company Inc.;28;4;Largo;;
8518;Tx Strong Trailers;18;3;Largo;;
11694;Tx Trailer;10;2;Largo;;
3571;Txc;3;1;Corto;;
12090;Txmfg, Llc / Tetonx;19;4;Largo;;
11228;Txp;3;1;Corto;;
7193;Ty-Crop Manufacturing Ltd;25;3;Largo;;
5958;Tyco;4;1;Corto;;
3572;Tyco Fire Protection Products;29;4;Largo;;
13700;Tycrop;6;1;Medio;;
10844;Tyee;4;1;Corto;;
7777;Tygar;5;1;Medio;;
5959;Tyler Coach Mfg. Inc;20;4;Largo;;
12691;Type 2 Campers;14;3;Largo;;
4836;Tyrrsa;6;1;Medio;;
3254;Tyrsol;6;1;Medio;;
3353;Tytal;5;1;Medio;;
13182;Tytank;6;1;Medio;;
7023;U-Dump Trailers Llc;19;3;Largo;;
11188;U-Trail;7;1;Medio;;
7964;U.S. Abilities, Inc.;20;3;Largo;;
11364;U.S. Built Trailers;19;3;Largo;;
9168;U.S. Coach Works Inc.;21;4;Largo;;
3573;U.S. Iron Horse Motor Cycle Company;35;6;Largo;;
5294;U.S. Jetting,Llc;16;2;Largo;;
7693;U.S. Trailer Co.;16;3;Largo;;
11766;Uam Carts;9;2;Medio;;
7886;Ubco;4;1;Corto;;
12749;Uberdisplays;12;1;Largo;;
6069;Ucc;3;1;Corto;;
518;Ud;2;1;Corto;;
9538;Uec Equipment Company;21;3;Largo;;
10051;Uft Mobile Solutions;20;3;Largo;;
11048;Ukancamp;8;1;Medio;;
3583;Ukeycheyma;10;1;Largo;;
8259;Ulb Corporation;15;2;Largo;;
7356;Ullman Auto Sales;17;3;Largo;;
13021;Ullman Motorcycle Co.;21;3;Largo;;
3639;Ultima;6;1;Medio;;
8640;Ultima (Boylan Golf Cars);25;4;Largo;;
6373;Ultimate Custom Cycles;22;3;Largo;;
4519;Ultimate Manufacturing;22;2;Largo;;
13350;Ultimate Trailer;16;2;Largo;;
3586;Ultimate Trailers;17;2;Largo;;
1084;Ultra;5;1;Medio;;
7396;Ultra Acquisition Corporation;29;3;Largo;;
3640;Ultra Haulers;13;2;Largo;;
5960;Ultra Lite;10;2;Largo;;
5257;Ultra Motorcycle Company, Inc.;30;4;Largo;;
12398;Ultra Steel;11;2;Largo;;
3642;Ultra Trailer;13;2;Largo;;
6969;Ultra-Light Trailers, L.L.C.;28;3;Largo;;
11640;Uluru;5;1;Medio;;
13656;Ulv;3;1;Corto;;
5377;Um Motorcycles;14;2;Largo;;
12216;Uncharted;9;1;Medio;;
13293;Uncle J;7;2;Medio;;
12999;Uni-Glide;9;1;Medio;;
7521;Uni-Go Nz Ltd;13;3;Largo;;
6101;Unicell Body Company;20;3;Largo;;
9741;Unified Trailer Company;23;3;Largo;;
7177;Unilift;7;1;Medio;;
9541;Union Chill Mat Company;23;4;Largo;;
7067;Union City Body Company Incorp.;31;5;Largo;;
12096;Unique Cabin Collection Trailer;31;4;Largo;;
3643;Unique Custom Cycles;20;3;Largo;;
4420;Unique Custom Truck & Trailer;29;5;Largo;;
4421;Unique Cycle Works;18;3;Largo;;
7031;Unique Designs, Inc.;20;3;Largo;;
3644;Unique Fabrications;19;2;Largo;;
8751;Unique Motorcycle Co.;21;3;Largo;;
3646;Unique Performance Customs;26;3;Largo;;
4422;Unique Products;15;2;Largo;;
12728;Unique Trailers;15;2;Largo;;
7695;United Alloy, Inc.;18;3;Largo;;
10342;United Concrete;15;2;Largo;;
10068;United Dynamic Services;23;3;Largo;;
3648;United Expressline;18;2;Largo;;
5961;United Hauler;13;2;Largo;;
3650;United Hydraulics;17;2;Largo;;
13713;United Machine Corporation;26;3;Largo;;
5896;United Motors;13;2;Largo;;
4168;United Motors Of America;24;4;Largo;;
6446;United Mountain Trailers, Inc.;30;4;Largo;;
3651;United Precision Metals;23;3;Largo;;
3653;United Site National Services Company;37;5;Largo;;
3654;United Specialized Trailers;27;3;Largo;;
3657;United Specialties;18;2;Largo;;
6382;United States Motorcycle Corporation;36;4;Largo;;
9300;United States Systems, Inc.;27;4;Largo;;
11707;United Tiny Homes;17;3;Largo;;
12372;United Tiny Homes, Inc. / Tiny Home;35;7;Largo;;
4423;United Trailer Products;23;3;Largo;;
3658;United Trailers;15;2;Largo;;
5032;United Truck Equipment Corp.;28;4;Largo;;
13621;Univ;4;1;Corto;;
6038;Universal;9;1;Medio;;
4424;Universal Composite;19;2;Largo;;
3660;Universal Cycle;15;2;Largo;;
10050;Universal Enterprises Inc.;26;3;Largo;;
12401;Universal Food Trailers Llc;27;4;Largo;;
3661;Universal Hovercraft;20;2;Largo;;
9035;Universal Mfg;13;2;Largo;;
5259;Universal Specialty Vehicles, Inc.;34;4;Largo;;
4903;Universal Trailer Corporation Horse/Livestock Group;51;5;Largo;;
8300;Universal Trailers Inc;22;3;Largo;;
3707;Unknown Choppers;16;2;Largo;;
13981;Unleashed Ev;12;2;Largo;;
6873;Unlimited Recreation, Inc.;26;3;Largo;;
3708;Unruh;5;1;Medio;;
10906;Unruh Welding And Repair Llc;28;5;Largo;;
3710;Unverferth;10;1;Largo;;
7534;Upbeat Co. Ltd;14;3;Largo;;
13058;Upland Enterprises, Inc.;24;3;Largo;;
11530;Uprising Engineering Usa;24;3;Largo;;
8504;Upstate Choppers;16;2;Largo;;
3712;Upstate Concessions;19;2;Largo;;
9827;Upstate Trailer Manufacturing;29;3;Largo;;
11170;Ural;4;1;Corto;;
12284;Ural (Imz-Kazakhstan, Llc);26;3;Largo;;
10171;Ural Sidecars & Solos;21;4;Largo;;
14110;Urban Caravans;14;2;Largo;;
12393;Urban Wing Co., Llc;19;4;Largo;;
13404;Urdream;7;1;Medio;;
10897;Ursa;4;1;Corto;;
12947;Ursus Campers Llc;17;3;Largo;;
3716;Urway;5;1;Medio;;
13975;Us Arc Force, Inc.;18;4;Largo;;
3718;Us Built Trailers;17;3;Largo;;
10420;Us Fire Pump Company, Llc;25;5;Largo;;
12611;Us Mhf;6;2;Medio;;
12610;Us Pmf;6;2;Medio;;
8735;Us Prefab;9;2;Medio;;
9776;Us Specialty Vehicles Llc;25;4;Largo;;
4640;Us Tower Corp.;14;3;Largo;;
9500;Us Trailer Manufacturing;24;3;Largo;;
12061;Us281Tts;8;1;Medio;;
12228;Usa;3;1;Corto;;
11810;Usa Chassis;11;2;Largo;;
3719;Usa Choppers;12;2;Largo;;
4924;Usa Flir Detection Inc.;23;4;Largo;;
7017;Usa Motor Corporation;21;3;Largo;;
3721;Usa Motortoys;13;2;Largo;;
12329;Usa Mpv Co;10;3;Largo;;
11698;Usa Trailer;11;2;Largo;;
1890;Usa Trailer Co.;15;3;Largo;;
10498;Usa Trailer Company;19;3;Largo;;
5364;Usa Trailer Manufacturer;24;3;Largo;;
12450;Usa Trailer Manufacturers;25;3;Largo;;
10217;Usa Trailers;12;2;Largo;;
9070;Usemco;6;1;Medio;;
12087;Ushi;4;1;Corto;;
12489;Usmc;4;1;Corto;;
7098;Uspc;4;1;Corto;;
4425;Ustankco;8;1;Medio;;
8756;Utah Tank & Trailer;19;4;Largo;;
5780;Utilimaster Motor Corporation;29;3;Largo;;
8340;Utilimax Manufacturing, Inc.;28;3;Largo;;
11037;Utiliquip Umi;13;2;Largo;;
3725;Utilitoy;8;1;Medio;;
6032;Utility;7;1;Medio;;
4869;Utility Buddy;13;2;Largo;;
9571;Utility Equipment, Inc.;23;3;Largo;;
3726;Utility Tent Trailers;21;3;Largo;;
10138;Utility Trailer Manufacturer;28;3;Largo;;
8209;Utility Van;11;2;Largo;;
3728;Utilitymate;11;1;Largo;;
3774;Uwood;5;1;Medio;;
10841;V Trailers;10;2;Largo;;
6921;V Twin City;11;3;Largo;;
11836;V&J Trailers;12;2;Largo;;
6571;V-8 Choppers, L.L.C.;20;3;Largo;;
3434;V-Force Customs;15;2;Largo;;
3775;V. Marone Enterprises;21;3;Largo;;
3776;V.E. Enterprises;16;2;Largo;;
10645;V.E.M. Llc;10;2;Largo;;
3778;V/M Custom Boat Trailers;24;4;Largo;;
3780;Va Enterprises;14;2;Largo;;
3233;Vac King Trailers;17;3;Largo;;
9311;Vac-Tec;7;1;Medio;;
3782;Vac-Tron Equipment;18;2;Largo;;
3781;Vacation Structures;19;2;Largo;;
5962;Vacationeer;11;1;Largo;;
8046;Vacmasters Of Denver Inc;24;4;Largo;;
9852;Vagabond;8;1;Medio;;
4567;Valaren Motorsports;19;2;Largo;;
5356;Valderaz Services,Llc;21;2;Largo;;
3783;Valenti Choppers;16;2;Largo;;
503;Valew (Hayes Welding);21;3;Largo;;
3784;Valew Quality Truck Bodies East;31;5;Largo;;
11855;Valiant;7;1;Medio;;
9873;Valiant Expedition Trailers, Llc;32;4;Largo;;
4980;Valkyrie Trailers;17;2;Largo;;
13297;Vallee Sawmills;15;2;Largo;;
5322;Valley;6;1;Medio;;
3785;Valley Farm Industries;22;3;Largo;;
10181;Valley Manufacturing Llc;24;3;Largo;;
7073;Valley Manufacturing, Inc;25;3;Largo;;
10923;Valley Steel Works;18;3;Largo;;
6924;Valley Trailer Mfg Inc;22;4;Largo;;
9386;Valley Trailer Mfg. Custom Built Trailers;41;6;Largo;;
4749;Valley Trailers;15;2;Largo;;
8702;Valley Truck Truckbeds & Repair;31;5;Largo;;
3786;Valley Vessel Fabric;20;3;Largo;;
4429;Valley View Custom Trailer Manufacturers;40;5;Largo;;
7344;Valley Welding & Equipment, Inc;31;5;Largo;;
9171;Valley Welding & Repair;23;4;Largo;;
12795;Valleybilt;10;1;Largo;;
13712;Valor Carts;11;2;Largo;;
10373;Valor Industries;16;2;Largo;;
11986;Valtir;6;1;Medio;;
7702;Vama Manufacturing;18;2;Largo;;
3787;Van;3;1;Corto;;
7404;Van Camp Trailer & Body, Inc;28;6;Largo;;
10357;Van Dam Custom Boats;20;4;Largo;;
592;Van Hool;8;2;Medio;;
7190;Van Kam Truck & Trailer;23;5;Largo;;
5963;Van Overflow Inc;16;3;Largo;;
7078;Vanclaes;8;1;Medio;;
11540;Vanderbilt Trailers;19;2;Largo;;
3360;Vanderhall Motor Works;22;3;Largo;;
12271;Vanderhall North America Llc;28;4;Largo;;
8325;Vanguard Industries Of Michigan, Inc.;37;5;Largo;;
6474;Vanguard National Trailer Corporation (Vntc);44;5;Largo;;
13634;Vanguard Refrigerated Trailer Co.,Ltd.;38;4;Largo;;
9594;Vanguard Trailer, Inc.;22;3;Largo;;
4550;Vanleigh Rv;11;2;Largo;;
3361;Vanmar Manufacturing;20;2;Largo;;
3363;Vantage Trailers;16;2;Largo;;
3364;Vantage Vehicle International;29;3;Largo;;
3365;Vantem Modular;14;2;Largo;;
3366;Vaporcon;8;1;Medio;;
10133;Var Trailers, Llc;17;3;Largo;;
11776;Vaughn;6;1;Medio;;
9937;Vault Master;12;2;Largo;;
11455;Vaza Trailers;13;2;Largo;;
9918;Vazquez Industries;18;2;Largo;;
12772;Vcalm;5;1;Medio;;
12476;Vcarts;6;1;Medio;;
13625;Vcc;3;1;Corto;;
4428;Vcs Custom Cycles;17;3;Largo;;
12570;Vector;6;1;Medio;;
9250;Vector Aeromotive Corporation;29;3;Largo;;
13393;Vector Mixer;12;2;Largo;;
4427;Vector Technologies;19;2;Largo;;
8721;Vector Trailers;15;2;Largo;;
1941;Vector Trikes;13;2;Largo;;
6920;Vectrix;7;1;Medio;;
3367;Vectrix Sp. Z.O.O.;18;3;Largo;;
12234;Veeco;5;1;Medio;;
4426;Vega Integrated Products;24;3;Largo;;
13684;Velaz;5;1;Medio;;
9432;Velcon Filters;14;2;Largo;;
12498;Veleco;6;1;Medio;;
13484;Veli;4;1;Corto;;
4572;Velocette Trailers;18;2;Largo;;
13485;Velocifero;10;1;Largo;;
1645;Vengeance Motorcycles;21;2;Largo;;
1761;Venier Customs;14;2;Largo;;
12161;Venom;5;1;Medio;;
13213;Venom (Inferno);15;2;Largo;;
3369;Venom Trailers;14;2;Largo;;
12732;Venpol;6;1;Medio;;
5374;Venter;6;1;Medio;;
7703;Vento;5;1;Medio;;
11232;Ventura;7;1;Medio;;
5414;Venture Buggy;13;2;Largo;;
5964;Venture Ride Mfg Inc;20;4;Largo;;
13521;Venture Tiny Homes;18;3;Largo;;
3370;Venture Trailers;16;2;Largo;;
3371;Venturetech Corporation;23;2;Largo;;
13642;Venu;4;1;Corto;;
13759;Venus Fab;9;2;Medio;;
12740;Veolectra;9;1;Medio;;
12577;Veqor;5;1;Medio;;
11119;Ver-Mac;7;1;Medio;;
9732;Ver-Mac Inc.;12;2;Largo;;
3372;Veradyn;7;1;Medio;;
11862;Verdegro Light Tower;20;3;Largo;;
13583;Verdi Motors Inc.;17;3;Largo;;
12956;Verge;5;1;Medio;;
7049;Veri-Lite, Inc.;15;2;Largo;;
3374;Vermeer;7;1;Medio;;
10792;Vermeer Mv Solutions;20;3;Largo;;
5927;Vermeer- Delta;14;2;Largo;;
9382;Vern'S Welding And Fabrication;30;4;Largo;;
6767;Vernon Trailer Company;22;3;Largo;;
11597;Versamax;8;1;Medio;;
7704;Versatrail, Inc.;16;2;Largo;;
13412;Verse Ev;8;2;Medio;;
13292;Vertex;6;1;Medio;;
3375;Vertical Reality;16;2;Largo;;
5325;Vertical Works Inc;18;3;Largo;;
12214;Vertisa Trailer;15;2;Largo;;
7949;Verucci Motorcycles Llc;23;3;Largo;;
12806;Vespa;5;1;Medio;;
3376;Vessel Service Co;17;3;Largo;;
13014;Vesta;5;1;Medio;;
6841;Vetro, Inc.;11;2;Largo;;
5556;Vets;4;1;Corto;;
11118;Vetted;6;1;Medio;;
9868;Vexus Boats;11;2;Largo;;
12292;Via Motors, Inc.;16;3;Largo;;
11567;Vicinity;8;1;Medio;;
4629;Victor Valley Steel Fabricators;31;4;Largo;;
7407;Victor Valley Trailers;22;3;Largo;;
12588;Victoria;8;1;Medio;;
12589;Victoria Motorrad;17;2;Largo;;
567;Victory;7;1;Medio;;
7687;Victory Custom Trailers;23;3;Largo;;
5530;Victory Haulers;15;2;Largo;;
576;Victory Industrial Products;27;3;Largo;;
575;Victory Sweepers;16;2;Largo;;
577;Victory Trailers;16;2;Largo;;
11523;Vida Towables Inc.;18;3;Largo;;
13471;View Finder;11;2;Largo;;
9915;Viking Cives;12;2;Largo;;
13643;Viking Custom Trailer;21;3;Largo;;
5261;Viking Fabrication;18;2;Largo;;
5338;Viking Formed Products;22;3;Largo;;
5337;Viking Rv;9;2;Medio;;
5688;Viking Trailer;14;2;Largo;;
4431;Viking Vee, Inc.(Dba Viking Spirit Trailers);44;6;Largo;;
3436;Viking-Cives Midwest;20;2;Largo;;
3437;Village Trailer Sales And Parts;31;5;Largo;;
4618;Villmow Racing Developments;27;3;Largo;;
9642;Vimar Trailers;14;2;Largo;;
3438;Vindicator Cycles;17;2;Largo;;
11366;Vinfast;7;1;Medio;;
13798;Vinrus;6;1;Medio;;
5760;Vintage Auto;12;2;Largo;;
10029;Vintage Cruiser;15;2;Largo;;
10030;Vintage Microbus;16;2;Largo;;
4642;Vintage Overland;16;2;Largo;;
10031;Vintage Rover;13;2;Largo;;
11341;Vintage Trailer Works Inc;25;4;Largo;;
12655;Vintege Trailers;16;2;Largo;;
14052;Vintomoto;9;1;Medio;;
4430;Vip Custom Coach, Inc.;22;4;Largo;;
13170;Viper;5;1;Medio;;
6577;Viper Cargo Llc;15;3;Largo;;
3439;Viper Motorcycle Company;24;3;Largo;;
6573;Viper Trailers Llc;18;3;Largo;;
12291;Viper Usa, Inc.;15;3;Largo;;
13440;Viper(Viper Loaders Llc);24;3;Largo;;
8753;Vipex Ltd.;10;2;Largo;;
9209;Virginia Lp Trucks, Inc.;24;4;Largo;;
13117;Virnig Manufacturing;20;2;Largo;;
5965;Vironex;7;1;Medio;;
9598;Vironex Of Illinois Inc.;24;4;Largo;;
13418;Vision Cargo Llc;16;3;Largo;;
3440;Vision Industries;17;2;Largo;;
3441;Vision Metals Inc. Dba Ferree Trailer;37;6;Largo;;
3442;Visionary Metals;16;2;Largo;;
9312;Vista Cruiser Mfg.;18;3;Largo;;
2508;Vistabule;9;1;Medio;;
13417;Visum Technologies Llc;22;3;Largo;;
3443;Viva Motorsports;16;2;Largo;;
11197;Vivid Ev;8;2;Medio;;
13378;Vj Trailers;11;2;Largo;;
10646;Vlc Trailers;12;2;Largo;;
12370;Vly;3;1;Corto;;
3830;Vmi Offroad Xtender;19;3;Largo;;
2620;Vmoto;5;1;Medio;;
3444;Vogel Traffic Services, Inc. Dba Ez-Liner Industries;52;7;Largo;;
11112;Volante;7;1;Medio;;
11034;Volkoff Ag Llc;14;3;Largo;;
482;Volkswagen;10;1;Largo;;
10293;Volt;4;1;Corto;;
10150;Volta Motor Company Sl;22;4;Largo;;
11113;Voltage;7;1;Medio;;
12582;Voltex;6;1;Medio;;
13156;Voltz;5;1;Medio;;
485;Volvo;5;1;Medio;;
487;Volvo Truck;11;2;Largo;;
6463;Von Dutch/Flying Eyeball Motorcycle Company L.L.C.;50;6;Largo;;
3445;Voodoo Choppers;15;2;Largo;;
10398;Vorp;4;1;Corto;;
10300;Vorsheer, Llc;13;2;Largo;;
6505;Vortex Motorcycles Co;21;3;Largo;;
8754;Vosberg Enterprises, Inc.;25;3;Largo;;
7074;Vossloh;7;1;Medio;;
13995;Voyager;7;1;Medio;;
3446;Voyager Aluminum;16;2;Largo;;
4649;Voyager Industries;18;2;Largo;;
3447;Voyager Trailers;16;2;Largo;;
6899;Voyager Travel Trailers;23;3;Largo;;
7070;Vrc Industries;14;2;Largo;;
7009;Vrv;3;1;Corto;;
13450;Vseiko;6;1;Medio;;
3448;Vt Hackney;10;2;Largo;;
3449;Vt Svc;6;2;Medio;;
13494;Vtron;5;1;Medio;;
13495;Vtron Moto;10;2;Largo;;
3450;Vtwin Custom Mfg;16;3;Largo;;
12817;Vulcan;6;1;Medio;;
12173;Vulcan Trailers;15;2;Largo;;
6900;Vulcan Works, Inc.;18;3;Largo;;
14019;Vx Robotics;11;2;Largo;;
10012;W D Trailer Mfg;15;4;Largo;;
3454;W-W;3;1;Corto;;
6989;W. John Price Manufacturing And Repair;38;6;Largo;;
3455;W.E. Machine & Welding, Inc.;28;5;Largo;;
7881;W.G. Manufacturing;18;2;Largo;;
4847;Wabash;6;1;Medio;;
12321;Wabash Dollies;14;2;Largo;;
12320;Wabash Platforms;16;2;Largo;;
12518;Wabash Tanks;12;2;Largo;;
12319;Wabash Vans;11;2;Largo;;
11349;Wabtec Corporation;18;2;Largo;;
9107;Wack Engineering;16;2;Largo;;
6959;Wacker Corporation;18;2;Largo;;
3529;Wacker Neuson Corporation Dba Wacker Neuson;43;6;Largo;;
5584;Waco;4;1;Corto;;
6961;Wade Services, Inc.;19;3;Largo;;
3530;Wadsworth Industries;20;2;Largo;;
5673;Wagner-Smith Equipment Co;25;3;Largo;;
5262;Wagon Wheel Trailers;20;3;Largo;;
6418;Wags Motorcycle Trailers, Llc;29;4;Largo;;
12975;Wags Pet & Cargo Trailers Llc;29;6;Largo;;
6462;Wags Unique Motorcycle Trailers;31;4;Largo;;
7391;Waguespack Welding & Manufacturing Inc;38;5;Largo;;
3531;Wahoo Marine Construction Company Dba Aluma Technologies, Aluma Tek;67;9;Largo;;
6965;Walden Structure'S, Inc.;24;3;Largo;;
4432;Walden Structures Construction;30;3;Largo;;
9283;Waldock Equipment Sales & Service;33;5;Largo;;
3532;Waldrop'S Welding & Fabrication Llc;35;5;Largo;;
4839;Walinga Usa;11;2;Largo;;
6967;Walinga, Inc.;13;2;Largo;;
13726;Walkabout;9;1;Medio;;
6978;Walker;6;1;Medio;;
8768;Walker Mountain Trailers Unlimited;34;4;Largo;;
6968;Walker Stainless Equipment Co;29;4;Largo;;
11815;Wallace;7;1;Medio;;
3534;Wallace Lowboys;15;2;Largo;;
5494;Wallrich Welding;16;2;Largo;;
9397;Wallstrong Trailers;19;2;Largo;;
9615;Wally-Mo;8;1;Medio;;
5371;Walsh Auto & Fabrication;24;4;Largo;;
3535;Walters Group;13;2;Largo;;
11254;Walton;6;1;Medio;;
3536;Walton Trailers;15;2;Largo;;
11352;Walton Trailers, Llc;20;3;Largo;;
8557;Waltron Limited;15;2;Largo;;
3537;Walz Hardcore Cycles Usa;24;4;Largo;;
8140;Wanco, Inc;10;2;Largo;;
11269;Wander Tears;12;2;Largo;;
5894;Wangye;6;1;Medio;;
7153;Wanqiang;8;1;Medio;;
3538;Wanted Choppers;15;2;Largo;;
12707;Wanwei;6;1;Medio;;
3539;War Eagle Motorcycles;21;3;Largo;;
8868;War Hawk, Inc.;14;3;Largo;;
8151;Ward Equipment;14;2;Largo;;
12100;Ware Cargo Trailers;19;3;Largo;;
6445;Ware'S Welding;14;2;Largo;;
10493;Warfield Fabrication Llc;24;3;Largo;;
3540;Warhawk Performance;19;2;Largo;;
13174;Warhorse Overland;17;2;Largo;;
987;Warlock Trailers;16;2;Largo;;
5263;Warman'S Welding Ltd;20;3;Largo;;
8661;Warren Equipment, Inc.;22;3;Largo;;
6862;Warren Inc.;11;2;Largo;;
6970;Warren Manufacturing, Inc.;26;3;Largo;;
4433;Warren Power Attachments;24;3;Largo;;
2079;Warrior;7;1;Medio;;
2913;Warrior Lifestyles;18;2;Largo;;
3603;Warrior Manufacturing;21;2;Largo;;
8971;Warrior Mfg.;12;2;Largo;;
4583;Warrior Trikes S.E.;19;3;Largo;;
11463;Wartech Engineering;19;2;Largo;;
13544;Warthog Ev;10;2;Largo;;
3604;Washington Choppers;19;2;Largo;;
9352;Wasp;4;1;Corto;;
6971;Waste Stream Inc.;17;3;Largo;;
1387;Wastequip Cusco;15;2;Largo;;
6926;Watauga Welding Inc;19;3;Largo;;
10951;Watchdog Trailers Llc;21;3;Largo;;
3605;Watco Truck Rigging;19;3;Largo;;
3606;Watec, Inc. Dba H & H Trailers Southeast;40;8;Largo;;
3607;Water Hog Trailers;18;3;Largo;;
8724;Water Wars Company;18;3;Largo;;
3608;Waterblasting Technologies;26;2;Largo;;
12341;Watercar;8;1;Medio;;
3609;Waterford Tank And Fabrication;30;4;Largo;;
11863;Waterhual;9;1;Medio;;
12447;Watermade;9;1;Medio;;
4522;Waterman Welding & Machining;28;4;Largo;;
13755;Watersnake Boats;16;2;Largo;;
9825;Watertown Draft Trailer Llc;27;4;Largo;;
588;Watertrailers.Net;17;1;Largo;;
5970;Watson;6;1;Medio;;
10613;Watson Rvs;10;2;Largo;;
3616;Wausau Equipment Company;24;3;Largo;;
9682;Waycaster Performance;21;2;Largo;;
6915;Wayde Mfg Co Inc;16;4;Largo;;
5971;Waymatic Inc;12;2;Largo;;
5967;Wayne;5;1;Medio;;
8847;Wayne A. Miller;15;3;Largo;;
5040;Wayne Engineering Corporation;29;3;Largo;;
6916;Wayne Wheeled Vehicles;22;3;Largo;;
3617;Wayne'S;7;1;Medio;;
9464;Wayne'S Screen Machine;22;3;Largo;;
7948;Wayne'S Trailer Supply;22;3;Largo;;
4638;Wb Enterprises;14;2;Largo;;
9516;Wcct, Inc.;10;2;Largo;;
14117;Wci;3;1;Corto;;
13912;Wci Off-Road;12;2;Largo;;
13803;Wcm Trailers;12;2;Largo;;
5754;Wcw;3;1;Corto;;
4690;Weaver Systems;14;2;Largo;;
5972;Webco Pacific;13;2;Largo;;
9564;Weber Built Trailers;20;3;Largo;;
6917;Weber Generators;16;2;Largo;;
3618;Weber Manufacturing;19;2;Largo;;
3619;Weber Trailer By Mrres Industries;33;5;Largo;;
8110;Weber'S Welding & Repair;24;4;Largo;;
13717;Weberlane Manufacturing;23;2;Largo;;
11316;Webetter;8;1;Medio;;
10690;Wecan;5;1;Medio;;
11315;Wecare;6;1;Medio;;
6566;Wedlake Fabricating, Inc.;25;3;Largo;;
3620;Wee Engineer;12;2;Largo;;
3622;Weekend Warrior Trailers;24;3;Largo;;
5013;Weekender;9;1;Medio;;
11939;Weeroll;7;1;Medio;;
6557;Weeze Choppers;14;2;Largo;;
3624;Wegener Steel & Fabricating;27;4;Largo;;
9408;Wegner Welding;14;2;Largo;;
10782;Wego Camp Trailers;18;3;Largo;;
11782;Wehope;6;1;Medio;;
3625;Weiler;6;1;Medio;;
7259;Weimer Manufacturing;20;2;Largo;;
13287;Weistec;7;1;Medio;;
9466;Welch Trailer;13;2;Largo;;
3626;Welch Trailers, Llc;19;3;Largo;;
4434;Welchel Enterprises, L.L.C. Dba Cherokee;40;5;Largo;;
1132;Weld Built Trailers;19;3;Largo;;
11236;Weld Pro Custom Built;21;4;Largo;;
3627;Weld Shop;9;2;Medio;;
3629;Weld-It Company;15;2;Largo;;
3630;Weld-Tek Custom Fabrication;27;3;Largo;;
11680;Weldcat Trailer;15;2;Largo;;
11420;Weldco Mfg;10;2;Largo;;
3628;Welding & Machine;17;3;Largo;;
4439;Welding Unlimited;17;2;Largo;;
6752;Welding Works;13;2;Largo;;
12057;Welding World, Inc;18;3;Largo;;
3741;Well Done Equipment;19;3;Largo;;
5973;Wellco;6;1;Medio;;
10131;Wellcraft;9;1;Medio;;
6062;Wells Cargo;11;2;Largo;;
5543;Wells Machine Co Inc;20;4;Largo;;
7729;Wells Western Trailer;21;3;Largo;;
5503;Wellspring Components, Llc;26;3;Largo;;
7147;Wen C;5;2;Medio;;
3742;Wendigo Industries Inc. Dba So-Cal Choppers;43;6;Largo;;
10461;Wendump;7;1;Medio;;
7332;Wenger Corp;11;2;Largo;;
4438;Wenzhou Light Motorcycle Co.;28;4;Largo;;
3743;Wenzlau Engineering;19;2;Largo;;
3744;Wes Mor Cryogenic Manufacturing;31;4;Largo;;
2485;Wesco;5;1;Medio;;
8897;Wesco Trailer Sales;19;3;Largo;;
7996;Wesley Custom Fabrication Inc;29;4;Largo;;
13833;West Alabama;12;2;Largo;;
10831;West Coast;10;2;Largo;;
5264;West Coast Abt Inc.;19;4;Largo;;
8275;West Coast Carriage;19;3;Largo;;
3745;West Coast Trailer;18;3;Largo;;
6865;West Georgia Mobile Hydraulic, Inc.;35;5;Largo;;
13257;West Point;10;2;Largo;;
3746;West Side Choppers;18;3;Largo;;
3747;West Side Cycle;15;3;Largo;;
8257;West Tech;9;2;Medio;;
10374;West Texas;10;2;Largo;;
7771;West Texas Dollies Inc.;23;4;Largo;;
12012;West Valley Manufacturing;25;3;Largo;;
1771;West-Mark;9;1;Medio;;
3748;Westar Manufacturing;20;2;Largo;;
5506;Westbrook Greenhouse Systems Ltd.;33;4;Largo;;
3749;Westbury Handcrafted Motorcycles;32;3;Largo;;
9244;Westcar Industries Ltd.;23;3;Largo;;
7172;Westech Custom Metal Fabrication;32;4;Largo;;
8328;Western;7;1;Medio;;
7642;Western Construction Components;31;3;Largo;;
12731;Western Elite;13;2;Largo;;
12776;Western Hwys;12;2;Largo;;
3750;Western Innovation;18;2;Largo;;
3751;Western Int'L;13;2;Largo;;
8330;Western Lido;12;2;Largo;;
5975;Western Metals Company Inc;26;4;Largo;;
6904;Western Recreational Vehicles, Inc.;35;4;Largo;;
5976;Western Rv;10;2;Largo;;
10751;Western Shotcrete Equipment, Inc.;33;4;Largo;;
4512;Western Star;12;2;Largo;;
3808;Western Trailer Company;23;3;Largo;;
6423;Western Wisconsin Fabricating, Llc;34;4;Largo;;
8929;Western World, Inc.;19;3;Largo;;
9376;Westfall Motors Corp.;21;3;Largo;;
11885;Westgen Power Solutions;23;3;Largo;;
8010;Westinghouse Corporation;24;2;Largo;;
5751;Westline;8;1;Medio;;
3806;Westmor Industries;18;2;Largo;;
3805;Weston Choppers;15;2;Largo;;
10798;Westquip;8;1;Medio;;
681;Westside Trailers;17;2;Largo;;
8950;Westside Welding & Radiator;27;4;Largo;;
463;Westward Industries;19;2;Largo;;
9345;Weyhrich Industries, Inc.;25;3;Largo;;
14013;Whanlong;8;1;Medio;;
3804;Wheatridge;10;1;Largo;;
3803;Wheego Electric Cars;20;3;Largo;;
3687;Wheeler Reeler;14;2;Largo;;
5925;Wheeler Steel Works;19;3;Largo;;
3802;Wheelhaus;9;1;Medio;;
8383;Wheels Unlimited;16;2;Largo;;
6948;Whiskey Choppers;16;2;Largo;;
3801;Whiskey Custom Cycles;21;3;Largo;;
13382;Whisper Carts;13;2;Largo;;
7220;Whispering Pines Fabricating;28;3;Largo;;
3800;Whit Service & Supply;21;4;Largo;;
3798;Whit-Log;8;1;Medio;;
5396;White;5;1;Medio;;
11669;White Hawk;10;2;Largo;;
12369;White Knuckle Fab;17;3;Largo;;
7760;White Knuckle Performance Cycles;32;4;Largo;;
10193;White Label - Other;19;4;Largo;;
14101;White Mountain;14;2;Largo;;
8645;White River Marine Group;24;4;Largo;;
9086;White'S Auto Sales;18;3;Largo;;
6934;White'S Welding & Body Shop;27;5;Largo;;
9109;White'S Welding & Fabrication;29;4;Largo;;
10864;White'S Welding, Llc;20;3;Largo;;
5426;Whitegmc;8;1;Medio;;
6935;Whitehead Welding And Trailer Sales;35;5;Largo;;
8324;Whites/Keen Mfg. Inc.;21;3;Largo;;
3799;Whitetail Watersports Dba Whitetail Airboats;44;5;Largo;;
5385;Whitewater;10;1;Largo;;
11681;Whitey Fabrication;18;2;Largo;;
9433;Whitley Motor Company, Inc.;27;4;Largo;;
7963;Whitlock Mills Trailer;22;3;Largo;;
1568;Whizzer;7;1;Medio;;
10611;Whodat Trailers;15;2;Largo;;
6607;Wholesale Trailer World;23;3;Largo;;
12306;Whwt;4;1;Corto;;
10102;Wibtech;7;1;Medio;;
6938;Wichita Trailer Manufacturing;29;3;Largo;;
10651;Wicked;6;1;Medio;;
4437;Wicked Choppers Corporation;27;3;Largo;;
7213;Wicked Cool Motorcycles;23;3;Largo;;
3797;Wicked Custom Cycles;20;3;Largo;;
7957;Wicked Designs Llc;18;3;Largo;;
7660;Wicked Enterprises;18;2;Largo;;
3796;Wicked Sick Designs Manufacturing T-Town Chopz;46;6;Largo;;
3795;Wicked Sickles;14;2;Largo;;
4436;Wicked Women Choppers;21;3;Largo;;
3794;Wicomico Custom Cycles;22;3;Largo;;
3793;Wide Open Cycles;16;3;Largo;;
12513;Widescape;9;1;Medio;;
3792;Wideside Customs;16;2;Largo;;
6930;Widowmakers;11;1;Largo;;
3791;Wiechelman Repair;17;2;Largo;;
13401;Wiens Energy;12;2;Largo;;
13122;Wiggins;7;1;Medio;;
3852;Wil-Ro Inc;10;2;Largo;;
3790;Wilbert Funeral Services;24;3;Largo;;
5667;Wilcken Industries;18;2;Largo;;
6103;Wilco Machine & Fab Inc.;24;5;Largo;;
3789;Wilco Manufacturing;19;2;Largo;;
9536;Wild Boar Manufacturing;23;3;Largo;;
3788;Wild Cat Crane & Welding;24;5;Largo;;
8805;Wild Child;10;2;Largo;;
3841;Wild Metal Manufacturing;24;3;Largo;;
4435;Wild Rice Industries;20;3;Largo;;
7848;Wild Side;9;2;Medio;;
3842;Wild Side Customs;17;3;Largo;;
3843;Wild West Motor Company;23;4;Largo;;
3845;Wild West Motor Company, Inc.;29;5;Largo;;
3846;Wild West Trailers;18;3;Largo;;
3847;Wildcat;7;1;Medio;;
12694;Wildcat Cable Solutions;23;3;Largo;;
6523;Wildcat Motorcycles;19;2;Largo;;
7282;Wildcat Trailer Co;18;3;Largo;;
8495;Wildermaven;11;1;Largo;;
11029;Wilderwise;10;1;Largo;;
10281;Wildfire;8;1;Medio;;
3848;Wildfire Motors;15;2;Largo;;
7828;Wildlife;8;1;Medio;;
9586;Wildwood Traveler, Inc.;23;3;Largo;;
7429;Wilkens Industries, Inc;23;3;Largo;;
4447;Wilkens Manufacturing;21;2;Largo;;
6034;William Clark;13;2;Largo;;
3849;William N. Mason Inc. T/A Mason Drawn Equipment;47;8;Largo;;
3850;William Steele Welding & Fabrication;36;5;Largo;;
5856;Williams;8;1;Medio;;
8594;Williams Fire And Hazard Control, Inc.;38;6;Largo;;
3851;Williamson Ocean-Trailers;25;2;Largo;;
4917;Willis Extendable;17;2;Largo;;
6928;Willmar Mfg.;12;2;Largo;;
6860;Willten Mfg. Corp.;18;3;Largo;;
4446;Wilmer'S Welding;16;2;Largo;;
6528;Wilray Mfg. Inc.;16;3;Largo;;
3853;Wilshire Trailers;17;2;Largo;;
10450;Wilson;6;1;Medio;;
12968;Wilson (William E Wilson Jr Llc);32;6;Largo;;
7237;Wilson Custom Trailer Inc;25;4;Largo;;
4686;Wilson Manufacturing;20;2;Largo;;
3854;Wilson Steel Products Co.;25;4;Largo;;
3855;Wilson Trailer Co.;18;3;Largo;;
3856;Wilton Manufacturing;20;2;Largo;;
5977;Wimyer;6;1;Medio;;
4445;Winchester Auto Repair & Welding;32;5;Largo;;
3857;Winco;5;1;Medio;;
11317;Wind River;10;2;Largo;;
8269;Wind River Manufacturing;24;3;Largo;;
12957;Winding Creek Manufacturing;27;3;Largo;;
6635;Windrock;8;1;Medio;;
13151;Windrose Technology;19;2;Largo;;
8071;Windsor Trailer;15;2;Largo;;
13438;Windstrong Industries, Llc;26;3;Largo;;
3858;Windswept;9;1;Medio;;
5265;Windward Campers Inc;20;3;Largo;;
3874;Windy Ridge Fabrication;23;3;Largo;;
11603;Wink Motors Inc;15;3;Largo;;
12470;Winmax/Solar;12;1;Largo;;
4543;Winnebago;9;1;Medio;;
548;Winnebago Of Indiana;20;3;Largo;;
3876;Wins Trike Bike;15;3;Largo;;
8042;Winsor Metal Products Inc;25;4;Largo;;
7155;Winston;7;1;Medio;;
9092;Wire Wagon;10;2;Largo;;
6866;Wisconsin Body & Hoist;22;4;Largo;;
5978;Wisdom;6;1;Medio;;
9259;Wiser Trailer And Equipment;27;4;Largo;;
5137;Wistar Equipment;16;2;Largo;;
5733;Witco Challenger;16;2;Largo;;
10734;Witmer;6;1;Medio;;
3699;Wizard Speed And Design;23;4;Largo;;
3453;Wkm;3;1;Corto;;
12101;Wm Welding And Manufacturing Llc;32;5;Largo;;
10378;Wolf;4;1;Corto;;
9006;Wolf Coach;10;2;Largo;;
7603;Wolf Design Metal Fabrication;29;4;Largo;;
9473;Wolf Industries, Inc.;21;3;Largo;;
11062;Wolf Innovations;16;2;Largo;;
11799;Wolf Mfg, Llc;13;3;Largo;;
6412;Wolf Trailes;12;2;Largo;;
7495;Wolf-Trax;9;1;Medio;;
4444;Wolfe Electric;14;2;Largo;;
8574;Wolfgang Cycles;15;2;Largo;;
4899;Wolfpack Chassis, Llc;21;3;Largo;;
14040;Wolftrack Trailers;18;2;Largo;;
5979;Wolverine;9;1;Medio;;
3705;Wolverine Custom;16;2;Largo;;
7847;Wolverine Racing;16;2;Largo;;
12794;Wolverine Trailers;18;2;Largo;;
3700;Wolverine Trailers Llc;22;3;Largo;;
10894;Wombat Camper;13;2;Largo;;
12613;Wonder Camper;13;2;Largo;;
9301;Wood'S Associated Products, Inc.;32;4;Largo;;
6902;Wood-Mizer Products, Inc.;25;3;Largo;;
4170;Wood-Tex Corporate Llc;22;3;Largo;;
6212;Wood/Chuck Chippers Corp;24;3;Largo;;
12226;Woodbrew Llc;12;2;Largo;;
3701;Woodcredit, Inc. Dba Timberking;31;4;Largo;;
10334;Woodies;7;1;Medio;;
3702;Woodland Park Inc;17;3;Largo;;
3703;Woods Line Equipment, Inc.;26;4;Largo;;
7596;Woodsman, Inc;13;2;Largo;;
9308;Woodstream Mfg.;15;2;Largo;;
9143;Woodworth Mfg.;14;2;Largo;;
8644;Wope Trailers;13;2;Largo;;
7394;Work Area Protection Corp;25;4;Largo;;
4171;Work Easy Trailers Llc;22;4;Largo;;
4172;Work Hawg Trailer Company, Llc;30;5;Largo;;
4443;Work Horse Manufacturing;24;3;Largo;;
8931;Workbench, Inc.;15;2;Largo;;
525;Workhorse;9;1;Medio;;
589;Workhorse Industries Of Texas;29;4;Largo;;
11737;Workhorse Trailers Llc;22;3;Largo;;
5546;Workhorse Utility Trailers;26;3;Largo;;
6877;Workman And Sons Inc.;21;4;Largo;;
10500;World Communication Towers, Llc;31;4;Largo;;
10101;World Industrial Equipment;26;3;Largo;;
8923;World Trailers;14;2;Largo;;
4442;World Transport Authority;25;3;Largo;;
4633;Worldwide Trailer;17;2;Largo;;
4174;Worldwide Trailer Manufacturing, Inc.;37;4;Largo;;
4622;Worldwide Trailer Services;26;3;Largo;;
14017;Worldwide Trailers Usa;22;3;Largo;;
9437;Worley Welding Works Inc.;25;4;Largo;;
9038;Worley'S Welding;16;2;Largo;;
10717;Worth;5;1;Medio;;
5085;Worthington Cryogenics, Llc;27;3;Largo;;
4175;Worthington Trailer L.P.;24;3;Largo;;
4176;Worthington Welding Inc.;24;3;Largo;;
5990;Worthy;6;1;Medio;;
4568;Worxs;5;1;Medio;;
4177;Wot Fabrication & Engineering, Llc;34;5;Largo;;
7222;Wow Cargo Trailers Llc;22;4;Largo;;
5980;Wr Manufacturing Inc;20;3;Largo;;
10248;Wrangler;8;1;Medio;;
9102;Wrangler Trailers, Inc.;23;3;Largo;;
9082;Wren Body Works;15;3;Largo;;
3738;Wrench;6;1;Medio;;
7530;Wright Built;12;2;Largo;;
13868;Wright Trailers Inc;19;3;Largo;;
4479;Wright Welding Inc.;19;3;Largo;;
4481;Wright'S Design & Fabrication;29;4;Largo;;
9151;Wright'S Welding And Fabrication, Inc.;38;5;Largo;;
4480;Wrightbus;9;1;Medio;;
7908;Wsd;3;1;Corto;;
11124;Wtm;3;1;Corto;;
8946;Wtm Communications;18;2;Largo;;
9985;Wtm, Inc.;9;2;Medio;;
10330;Wtt;3;1;Corto;;
12281;Wtx Containers;14;2;Largo;;
13166;Wuling Dash;11;2;Largo;;
4482;Wurk Metal Products;19;3;Largo;;
5752;Wurst;5;1;Medio;;
11708;Wurzbach;8;1;Medio;;
12558;Wusun;5;1;Medio;;
11978;Wuxi Dayang Electric Technology Co., Ltd. / Dayang;50;8;Largo;;
4483;Wuxi Jinhong Motorcycle Co.;27;4;Largo;;
12635;Wuxi Sinotech;13;2;Largo;;
12204;Wuxi Tenghui International Co., Limited / Engtian;49;7;Largo;;
4484;Wuxi Zhida Vehicle Manufacturing Co.;36;5;Largo;;
4485;Wuzheng North America;21;3;Largo;;
11653;Wwrv;4;1;Corto;;
4486;Wyatt Engineering & Fabrication;31;4;Largo;;
7672;Wyatt'S;7;1;Medio;;
4487;Wyld Rydes;10;2;Largo;;
4488;Wylie;5;1;Medio;;
4490;Wyoming Fabrication & Machine;29;4;Largo;;
8276;Wyoming Sheep Wagons;20;3;Largo;;
7707;X-Cel Trailers;14;2;Largo;;
6869;X-L Specialized Trailers Inc;28;4;Largo;;
10037;X-On Trailers Llc;17;3;Largo;;
7284;X-Press;7;1;Medio;;
13193;X-Star Trailers Llc;19;3;Largo;;
8939;X-Ten;5;1;Medio;;
4496;X-Treme Fabricating;19;2;Largo;;
7513;X-Treme Trailer Mfg;19;3;Largo;;
13394;Xcel Manufacturing, Llc;23;3;Largo;;
4491;Xcs Choppers Dba Xtreme Cycle Supply;36;6;Largo;;
14046;Xgjao;5;1;Medio;;
10432;Xh7.4 Hauler;12;2;Largo;;
4492;Xiamen Xiagong Yuwei Heavy Industry Co.;39;6;Largo;;
4493;Xiamen Xiashing Motorcycle Co.;30;4;Largo;;
4223;Xianfeng;8;1;Medio;;
4225;Xiangjiang;10;1;Largo;;
13228;Xiangyu;7;1;Medio;;
13796;Xinben;6;1;Medio;;
13041;Xinling;7;1;Medio;;
13433;Xinlvjiayuan;12;1;Largo;;
4842;Xinri;5;1;Medio;;
4494;Xinri E-Veh Hongkong Co., Limited Dba Jiangsu Xinn International Trading;72;10;Largo;;
11241;Xion.Bike;9;1;Medio;;
4440;Xkeleton Motorcycle;19;2;Largo;;
9475;Xl Carts Inc.;13;3;Largo;;
5922;Xlt;3;1;Corto;;
10266;Xos;3;1;Corto;;
4448;Xotic Cycle & Motor Werx;24;5;Largo;;
11639;Xoto Inc;8;2;Medio;;
10364;Xpedition Trailers;18;2;Largo;;
12307;Xpl;3;1;Corto;;
11750;Xpl/Xplorer;11;1;Largo;;
5672;Xplor Campers;13;2;Largo;;
5787;Xplorer;7;1;Medio;;
4823;Xpo;3;1;Corto;;
10433;Xt16 Hr East West;17;4;Largo;;
8634;Xtc Motorcycles;15;2;Largo;;
4542;Xtreme Choppers;15;2;Largo;;
4449;Xtreme Custom Conversions;25;3;Largo;;
8554;Xtreme Cycles Of Sarasota Llc;29;5;Largo;;
4497;Xtreme Green Products;21;3;Largo;;
3733;Xtreme Lt;9;2;Medio;;
13636;Xtreme Manufacturing;20;2;Largo;;
10997;Xtreme Trailers;15;2;Largo;;
4498;Xtreme Trailers And Mfg;23;4;Largo;;
10115;Xtreme16Led;11;1;Largo;;
11798;Xxiss;5;1;Medio;;
13020;Xyz Trailers;12;2;Largo;;
13106;Xz Electric Vehicles;20;3;Largo;;
14061;Y-Volt;6;1;Medio;;
4499;Y.B. Welding;12;2;Largo;;
13772;Yacht Club;10;2;Largo;;
10879;Yadea;5;1;Medio;;
12925;Yak Master;10;2;Largo;;
4500;Yakima Products;15;2;Largo;;
564;Yamaha;6;1;Medio;;
4474;Yamasaki;8;1;Medio;;
12095;Yan Yun;7;2;Medio;;
1603;Yangtse River;13;2;Largo;;
4450;Yangzhou Tonghua Semi-Trialer;29;3;Largo;;
4502;Yantai Haide Special Auto Works;31;5;Largo;;
4503;Yantai Jereh Oilfield Service Group Co.;39;6;Largo;;
13764;Yanzhimei;9;1;Medio;;
7468;Yardbeast;9;1;Medio;;
13070;Yashixin;8;1;Medio;;
12034;Yaxing;6;1;Medio;;
10871;Yellow Cow Trailers, Llc;24;4;Largo;;
12256;Yellowstone;11;1;Largo;;
4451;Yester Year Auto;16;3;Largo;;
11436;Yft;3;1;Corto;;
5679;Yiben;5;1;Medio;;
11822;Yide;4;1;Corto;;
12549;Yieson;6;1;Medio;;
5302;Yingang;7;1;Medio;;
1429;Yinxiang;8;1;Medio;;
13722;Yiying;6;1;Medio;;
1017;Yoder Smokers, Inc.;19;3;Largo;;
4505;Yoder Utility Trailer;21;3;Largo;;
13019;Yolo;4;1;Corto;;
4535;Yongfu;6;1;Medio;;
10157;Yongkang Eagle Motor Co., Ltd;29;5;Largo;;
4478;Yongkang Mtl Metal Products Co., Ltd.;37;6;Largo;;
13429;Yongxin;7;1;Medio;;
4651;York Welding And Fabrication;28;4;Largo;;
4506;Younessi Motors;15;2;Largo;;
12464;Young Brotherz, Llc;19;3;Largo;;
8026;Young'S Welding, Inc.;21;3;Largo;;
12924;Yu An;5;2;Medio;;
4511;Yuba Trailer;12;2;Largo;;
13431;Yueben;6;1;Medio;;
5553;Yugo;4;1;Corto;;
14079;Yugong;6;1;Medio;;
13066;Yuhanzhen;9;1;Medio;;
11114;Yukon;5;1;Medio;;
9161;Yukon Marine Corp.;18;3;Largo;;
4643;Yule;4;1;Corto;;
14080;Yulu;4;1;Corto;;
9320;Yuma Welding And Fabrication;28;4;Largo;;
8565;Yurko Custom Cycles;19;3;Largo;;
6389;Yvts;4;1;Corto;;
9694;Yw;2;1;Corto;;
10712;Z;1;1;Corto;;
4510;Z & M Controls;14;4;Largo;;
4509;Z Electric Vehicle Corporation;30;4;Largo;;
4508;Z Fabrication Wildfire Pits And Smokers;39;6;Largo;;
12951;Z Trailers;10;2;Largo;;
3807;Z Z Chops;9;3;Medio;;
3809;Z3 Supply;9;2;Medio;;
13181;Zack Shack;10;2;Largo;;
3835;Zacky'S Custom Rods;19;3;Largo;;
3810;Zackys;6;1;Medio;;
13678;Zago Trailers;13;2;Largo;;
3811;Zaks Custom Pits;16;3;Largo;;
8782;Zamora Sales And Service;24;4;Largo;;
3812;Zamr.A.C System Inc;19;3;Largo;;
9391;Zanella;7;1;Medio;;
4541;Zanetti Trailer Manufacturing;29;3;Largo;;
3813;Zap;3;1;Corto;;
5447;Zark;4;1;Corto;;
6858;Zat Enterprises;15;2;Largo;;
1123;Zbm;3;1;Corto;;
10572;Zebra;5;1;Medio;;
12940;Zebra (Zebra E-Carts);21;3;Largo;;
11712;Zec;3;1;Corto;;
10616;Zeck Gmbh;9;2;Medio;;
11722;Zeeho;5;1;Medio;;
13271;Zeekr;5;1;Medio;;
6859;Zehr Enterprises Inc;20;3;Largo;;
5327;Zeligson;8;1;Medio;;
3815;Zengcheng Haili Motorcycle Co;29;4;Largo;;
4083;Zenn;4;1;Corto;;
13978;Zephyr;6;1;Medio;;
13230;Zeraenergy;10;1;Largo;;
11476;Zerbe Mfg;9;2;Medio;;
11018;Zerimar;7;1;Medio;;
3814;Zero Motorcycles;16;2;Largo;;
4984;Zero4Outdoors;13;1;Largo;;
1553;Zeus Choppers;13;2;Largo;;
13792;Zeus Force Llc;14;3;Largo;;
14024;Zf-Ky;5;1;Medio;;
11800;Zg Trailers;11;2;Largo;;
12196;Zhejiang Geely Ming Industrial Co., Ltd / Coleman;49;8;Largo;;
11424;Zhejiang Geely Ming Industrial Co., Ltd / Sondors;49;8;Largo;;
9647;Zhejiang Jiajia Juneng Motorcycle Technology Co., Ltd.;54;7;Largo;;
3863;Zhejiang Jmstar Shenke Motorcycle Co;36;5;Largo;;
3873;Zhejiang Kangdi Vehicles;24;3;Largo;;
9772;Zhejiang Kinye Motor Vehicle Co., Ltd.;38;6;Largo;;
3942;Zhejiang Leike Machine Industry Co;34;5;Largo;;
6506;Zhejiang Lingtian Motorcycle Co Ltd;35;5;Largo;;
3944;Zhejiang Lingyu Vehicle Industry Co;35;5;Largo;;
3945;Zhejiang Longwise Technology Co;31;4;Largo;;
12594;Zhejiang Luyuan Electric Vehicle / Luyuan;41;6;Largo;;
3946;Zhejiang Mengdeli Electrical Co;31;4;Largo;;
2469;Zhejiang Qianjiang Motorcycle;29;3;Largo;;
3972;Zhejiang Riya Motorcycle Co;27;4;Largo;;
4452;Zhejiang Summit Huawin Motorcycle;33;4;Largo;;
3956;Zhejiang Taizhou Wangye Power Co;32;5;Largo;;
3973;Zhejiang Taotao Industry Co;27;4;Largo;;
3955;Zhejiang Xingyue Vehicle Co;27;4;Largo;;
11787;Zhilong;7;1;Medio;;
2004;Zhongmao;8;1;Medio;;
3974;Zhongmo Technology Co;21;3;Largo;;
11448;Zhongxing;9;1;Medio;;
13060;Zhuben;6;1;Medio;;
7837;Zhumadian Dali Tianjun Special Vehicle Manufacturing Co.,Ltd;60;7;Largo;;
3975;Zhuzhou Nanfang Motorcycle Co;29;4;Largo;;
7151;Zhweki;6;1;Medio;;
3886;Zierke Built Manufacturing;26;3;Largo;;
8172;Ziffel Manufacturing;20;2;Largo;;
9999;Ziggy;5;1;Medio;;
11122;Zimar-T;7;1;Medio;;
3885;Zimco Manufacturing;19;2;Largo;;
5926;Zimmer;6;1;Medio;;
5045;Zimmerman Manufacturing Corp.;29;3;Largo;;
3884;Zimmerman Trailer;17;2;Largo;;
11115;Zinger;6;1;Medio;;
13375;Zion;4;1;Corto;;
11510;Zion Off-Road;13;2;Largo;;
9518;Zion'S Tiny Homes;17;3;Largo;;
12060;Zip Kit;7;2;Medio;;
13392;Zm Trucks;9;2;Medio;;
13565;Zmod;4;1;Corto;;
3395;Znen;4;1;Corto;;
6057;Zoe Motors;10;2;Largo;;
3883;Zone Electric Car;17;3;Largo;;
10679;Zone Rv Pty Ltd;15;4;Largo;;
9848;Zongshen Industrial Group Co., Ltd.;35;5;Largo;;
7829;Zook'S Welding;14;2;Largo;;
13761;Zoondy;6;1;Medio;;
11938;Zoox;4;1;Corto;;
13238;Zrox Ev, Inc.;13;3;Largo;;
10276;Ztech Industries;16;2;Largo;;
11035;Ztm;3;1;Corto;;
3881;Ztpowerstation;14;1;Largo;;
12733;Zubiria;7;1;Medio;;
13584;Zurc Trailers;13;2;Largo;;
12670;Zybergraph, Llc;15;2;Largo;;
3880;Zz Trailer;10;2;Largo;;
8416;Zz Trailers;11;2;Largo;;
11713;Zzknown;7;1;Medio;;
